group_id,source_band,final_band,status,components,number_of_components,dominant_period_days,spectral_concentration,minimum_absolute_wcor,mean_absolute_wcor,singular_value_ratio,trajectory_energy_fraction
G001,baseline,baseline,accepted_baseline,1,1,5478.0,0.9367311572189742,,,,0.8824285885858185
G002,interannual,interannual,singleton_candidate,15,1,497.99999999999994,0.4655218002237054,,,,0.0004156963193117
G003,interannual,interannual,singleton_candidate,18,1,497.99999999999994,0.23161012975344877,,,,0.0002975552768402
G004,interannual,interannual,singleton_candidate,14,1,547.8,0.37064723035569275,,,,0.0004924922250535
G005,interannual,interannual,singleton_candidate,16,1,497.99999999999994,0.5249911524048311,,,,0.0003720148513828
G006,interannual,interannual,singleton_candidate,19,1,913.0,0.38710322022588517,,,,0.0002452289951267
G007,interannual,interannual,accepted_cluster,"4,5",2,1826.0,0.4432687710479236,0.7077704624713864,0.7077704624713864,0.9628383867995987,0.009687664317532999
G008,interannual,interannual,singleton_candidate,6,1,1369.5,0.4054961664307492,,,,0.0026476669026701
G009,interannual,interannual,singleton_candidate,9,1,1095.6,0.49933927791916455,,,,0.0008296582238349
G010,annual,annual,accepted_cluster,"10,11",2,304.3333333333333,0.5112767929978416,0.996654690981937,0.996654690981937,0.9988543594804047,0.0014306057043270998
G011,annual,annual,accepted_cluster,"2,3",2,365.2,0.6586504124670557,0.9915754985491465,0.9915754985491465,0.997039058273447,0.042489121068868596
G012,annual,annual,accepted_cluster,"38,39",2,421.38461538461536,0.47327138745581726,0.9708737880375065,0.9708737880375065,0.9938859544980703,0.0002533542076585
G013,semiannual,semiannual,accepted_cluster,"7,8",2,182.6,0.6439790508766766,0.9697121563059626,0.9697121563059626,0.9814590728722354,0.004501704214769701
G014,semiannual,semiannual,accepted_cluster,"60,61",2,210.69230769230768,0.48825357202125785,0.8164063609940087,0.8164063609940087,0.9854202409694822,0.00018509687634395264
G015,semiannual,semiannual,accepted_cluster,"34,35",2,171.1875,0.5047504575331151,0.981482240092399,0.981482240092399,0.9947708742473356,0.0003101141036379
G016,semiannual,semiannual,singleton_candidate,17,1,228.25,0.3259917244337734,,,,0.0003379965437178
G017,semiannual,semiannual,singleton_candidate,24,1,228.25,0.45834468578307064,,,,0.0001934087047415
G018,seasonal_subannual,seasonal_subannual,accepted_cluster,"20,21,22",3,40.577777777777776,0.6128303572293741,0.825003054344294,0.906358223732837,0.9903967975149048,0.0006080501526598
G019,seasonal_subannual,seasonal_subannual,accepted_cluster,"42,43",2,133.60975609756096,0.5228177774676095,0.7483242462163162,0.7483242462163162,0.9921381319288944,0.0002456801049286
G020,seasonal_subannual,seasonal_subannual,accepted_cluster,"32,33",2,140.46153846153845,0.5428690623449012,0.9774848178149913,0.9774848178149913,0.9963233230893322,0.00032438739043559996
G021,seasonal_subannual,seasonal_subannual,accepted_cluster,"28,29",2,121.73333333333333,0.3690820673034302,0.9548349607738927,0.9548349607738927,0.9955539322853093,0.000341433869637
G022,seasonal_subannual,seasonal_subannual,accepted_cluster,"26,27",2,73.03999999999999,0.6376727350001025,0.9803272055929406,0.9803272055929406,0.9987419096744498,0.00037250086387420004
G023,seasonal_subannual,seasonal_subannual,accepted_cluster,"36,37",2,92.84745762711864,0.463273843903823,0.9997035358477526,0.9997035358477526,0.9974780536066378,0.0002935385687337
G024,seasonal_subannual,seasonal_subannual,accepted_cluster,"23,25",2,99.6,0.42672240732928673,0.9434812852210428,0.9434812852210428,0.9946443194035914,0.00038664577916629997
G025,seasonal_subannual,seasonal_subannual,accepted_cluster,"46,49",2,91.3,0.23389560428642783,0.8148536117723761,0.8148536117723761,0.9831653008406552,0.0002302591536237
G026,seasonal_subannual,seasonal_subannual,singleton_candidate,85,1,35.34193548387097,0.21451819939611375,,,,7.087067642345462e-05
G027,seasonal_subannual,seasonal_subannual,singleton_candidate,92,1,35.11538461538461,0.22320189139637567,,,,6.671719577632673e-05
G028,seasonal_subannual,seasonal_subannual,singleton_candidate,89,1,36.519999999999996,0.18323073890374755,,,,6.837913666765072e-05
G029,seasonal_subannual,seasonal_subannual,singleton_candidate,98,1,52.67307692307692,0.14422840310749105,,,,6.306355014858764e-05
G030,seasonal_subannual,seasonal_subannual,accepted_cluster,"72,74",2,60.19780219780219,0.21685050683211177,0.8734709135481011,0.8734709135481011,0.9888675189958397,0.0001529223124724825
G031,seasonal_subannual,seasonal_subannual,accepted_cluster,"82,83",2,66.80487804878048,0.18605306052979453,0.7178065118039584,0.7178065118039584,0.9974242436191697,0.0001437945352450389
G032,seasonal_subannual,seasonal_subannual,singleton_candidate,64,1,80.55882352941175,0.577747678951436,,,,8.8539362324502e-05
G033,seasonal_subannual,seasonal_subannual,accepted_cluster,"47,48",2,36.27814569536424,0.4687884782281869,0.9945202753299712,0.9945202753299712,0.9982642171181282,0.0002322828722948
G034,seasonal_subannual,seasonal_subannual,accepted_cluster,"40,41",2,50.72222222222222,0.576936921893801,0.899211814428416,0.899211814428416,0.9983573868342323,0.0002511374797428
G035,seasonal_subannual,seasonal_subannual,accepted_cluster,"54,55",2,45.65,0.45066270989184887,0.9999043469700587,0.9999043469700587,0.9993118694980331,0.0002143619507208
G036,seasonal_subannual,seasonal_subannual,accepted_cluster,"50,51",2,57.0625,0.3202445620720009,0.9574674063736518,0.9574674063736518,0.9934336269345795,0.0002236843709538
G037,subseasonal,subseasonal,accepted_cluster,"58,59",2,19.92,0.63289754813236,0.9999766690706907,0.9999766690706907,0.9996531549871963,0.00019306937600880024
G038,subseasonal,subseasonal,accepted_cluster,"62,63",2,16.11176470588235,0.5781655893020594,0.9968670769948602,0.9968670769948602,0.9972129840337508,0.00018058480041539406
G039,subseasonal,subseasonal,accepted_cluster,"68,69",2,9.175879396984925,0.4981107186047488,0.8827519976303219,0.8827519976303219,0.9938039873399043,0.00016408692072662805
G040,subseasonal,subseasonal,accepted_cluster,"87,88",2,10.31638418079096,0.29954653586040153,0.7215340384842217,0.7215340384842217,0.9985309663604461,0.0001392524334030151
G041,subseasonal,subseasonal,singleton_candidate,95,1,12.59310344827586,0.19439737412269675,,,,6.545417314404926e-05
G042,subseasonal,subseasonal,singleton_candidate,97,1,12.59310344827586,0.17042161252750407,,,,6.358008622874083e-05
G043,subseasonal,subseasonal,singleton_candidate,100,1,10.61627906976744,0.19435080625682952,,,,6.139543948939714e-05
G044,subseasonal,subseasonal,accepted_cluster,"75,77",2,14.805405405405406,0.31333036013183824,0.7795846689353055,0.7795846689353055,0.9938654501787559,0.000150172890798668
G045,subseasonal,subseasonal,accepted_cluster,"80,81",2,18.444444444444443,0.41095389852215214,0.7664209052976886,0.7664209052976886,0.9953366819075071,0.00014563711722573655
G046,high_frequency,high_frequency,accepted_cluster,"12,13",2,6.996168582375479,0.5082103606186504,0.9999942411917184,0.9999942411917184,0.9993088552668425,0.0012152971171807002
G047,high_frequency,high_frequency,accepted_cluster,"30,31",2,3.5003194888178912,0.6451552737860002,0.9999972625493005,0.9999972625493005,0.9996851883122845,0.0003348559265365
G048,high_frequency,high_frequency,accepted_cluster,"65,66,67",3,2.404741000877963,0.5927072819342581,0.7510034395211803,0.8412148664813959,0.9932467883535548,0.00025928369935460793
G049,high_frequency,high_frequency,accepted_cluster,"70,71",2,4.642372881355932,0.5239299186234985,0.96753855577253,0.96753855577253,0.9975368065818596,0.00016197991871047323
G050,high_frequency,high_frequency,accepted_cluster,"73,76",2,4.96195652173913,0.5432363546912933,0.7724269254722326,0.7724269254722326,0.9908967007794257,0.00015119262779550764
G051,high_frequency,high_frequency,singleton_candidate,93,1,3.0016438356164383,0.14585735347010786,,,,6.602880270309998e-05
G052,high_frequency,high_frequency,singleton_candidate,96,1,4.0941704035874436,0.17082341234226153,,,,6.401106265464461e-05
G053,high_frequency,high_frequency,singleton_candidate,99,1,4.0941704035874436,0.41664674004250846,,,,6.24945390366512e-05
G054,high_frequency,high_frequency,accepted_cluster,"78,79",2,2.949919224555735,0.3891300549982201,0.8543435571281106,0.8543435571281106,0.9926289580797133,0.00014768186810232368
G055,high_frequency,high_frequency,accepted_cluster,"84,91",2,2.3123680878007598,0.33083931616320844,0.7878868718226237,0.7878868718226237,0.9722813885229536,0.0001388215398003778
G056,high_frequency,high_frequency,accepted_cluster,"86,90",2,2.3123680878007598,0.14031896291580498,0.7432778862262076,0.7432778862262076,0.986731776745846,0.00013802586499335242
G057,high_frequency,high_frequency,singleton_candidate,94,1,2.1315175097276264,0.11544989633804756,,,,6.584425598293578e-05
G058,high_frequency,high_frequency,accepted_cluster,"52,53",2,6.127516778523489,0.641730201408364,0.9999968003289997,0.9999968003289997,0.9993767596222326,0.0002185276330698
G059,high_frequency,high_frequency,accepted_cluster,"44,45",2,5.067530064754857,0.5276878232998651,0.9999870812588879,0.9999870812588879,0.9997070474081676,0.00023738436037449998
G060,high_frequency,high_frequency,accepted_cluster,"56,57",2,5.058171745152355,0.5181244770904322,0.999922895250637,0.999922895250637,0.9976009909980871,0.00019892272393293362
