variable,assigned_band,mean_band_variance_fraction,median_band_variance_fraction,min_band_variance_fraction,max_band_variance_fraction,mean_n_components
ah,annual,0.9248908867271036,0.9257071688315704,0.9058170961844474,0.9371995536619002,2.0
ah,high_frequency,0.007814325115023285,0.007849963826550132,0.004925896938806054,0.0166457557833262,196.1086956521739
ah,noise,0.00044583734073448987,0.00045305883645590074,0.00025309428466813714,0.0006335958107484735,65.6086956521739
ah,seasonal_subannual,0.012229926133486576,0.011821644787576725,0.009396259696934566,0.022162459016440858,19.02173913043478
ah,semiannual,0.039462049530964216,0.03991277664954665,0.006735816297419436,0.05410248923178425,2.0
ah,subseasonal,0.01321396590934713,0.012100383027514181,0.008173701819079279,0.03615726560956453,79.26086956521739
ah,trend,0.001943009243340721,0.0017189257942403198,0.001250159449164569,0.008457240250061617,1.0
c2w_event,annual,0.007877531903409956,0.004745762340575648,0.0007585496805894021,0.04237114269528185,1.7222222222222223
c2w_event,high_frequency,0.6939712378461104,0.6931924326432861,0.6430224152880437,0.7500747585690801,259.8478260869565
c2w_event,interannual,0.005144799735960458,0.0037137243348279066,0.0008320110453956931,0.019345099633418322,1.1428571428571428
c2w_event,seasonal_subannual,0.05230572520451996,0.051921961721732274,0.03630524103278446,0.07628659739069243,20.217391304347824
c2w_event,semiannual,0.0063288076040072284,0.00558773464412053,0.0016573504390218667,0.022457520133705097,2.3043478260869565
c2w_event,subseasonal,0.22328419320620527,0.222744456012201,0.18838103982246238,0.2631191831354081,79.6086956521739
c2w_event,trend,0.015142580472701688,0.01364542900576157,0.007075671870139532,0.03131625214984119,1.0
c2w_transition_intensity,annual,0.007843662731759501,0.004432663923910103,0.001878300978794789,0.039714085501135615,1.7878787878787878
c2w_transition_intensity,high_frequency,0.6993522129398319,0.6993446584403606,0.6500424456927578,0.7605488578666175,260.2391304347826
c2w_transition_intensity,interannual,0.004619086244884253,0.003750380475249338,0.0009412879801111023,0.01764545447332293,1.096774193548387
c2w_transition_intensity,seasonal_subannual,0.05158877891912467,0.05212995634538418,0.0345101209887822,0.06997031644665334,20.152173913043477
c2w_transition_intensity,semiannual,0.0060258992024949136,0.00512084265460826,0.0009449151249529824,0.024332488611027124,2.2
c2w_transition_intensity,subseasonal,0.21924204509913575,0.21995564350805238,0.17612568261298178,0.2645385773592111,79.45652173913044
c2w_transition_intensity,trend,0.01551960649057795,0.01436678514634116,0.005966754417612455,0.03226498799157959,1.0
cases,annual,0.3461157305327848,0.33766242825893145,0.08634739216931667,0.6164990610820509,2.0
cases,high_frequency,0.3171940313048433,0.32713773824179593,0.09188060283660146,0.5428442763937262,260.8695652173913
cases,seasonal_subannual,0.04550762208128748,0.04469915577793751,0.022976915035917873,0.07426098731520778,19.391304347826086
cases,semiannual,0.034304521443353435,0.034131537369691815,0.005154926578425406,0.07920493032448349,2.022222222222222
cases,subseasonal,0.10873025562784075,0.10871294241966563,0.026763907538303593,0.18446494216318554,79.76086956521739
cases,trend,0.1488935894760501,0.11946699820842191,0.013215634949314551,0.5042666646630841,1.0
incidence_per_100k,annual,0.3369741818311624,0.3275536714139293,0.09328882332497611,0.6253571702791761,2.0
incidence_per_100k,high_frequency,0.30699986382745303,0.2979199974530099,0.09156717083825554,0.5333725469511692,259.30434782608694
incidence_per_100k,seasonal_subannual,0.04521094458280437,0.04513342421446298,0.02279497126389557,0.07222618059333596,19.67391304347826
incidence_per_100k,semiannual,0.0331528497541572,0.03290524892964886,0.0017080417387244072,0.07956200253575563,2.0652173913043477
incidence_per_100k,subseasonal,0.10455410530295228,0.10533342003563362,0.02784712015947352,0.18257874314759484,80.95652173913044
incidence_per_100k,trend,0.17310805470147067,0.16037098308777742,0.020801945020319138,0.48096829186178375,1.0
nw_wind,annual,0.5272296915111123,0.5482021610923778,0.103928832221623,0.682462681430823,2.0
nw_wind,high_frequency,0.24762038314689838,0.2363231226398244,0.15476877642039455,0.5128405180161643,262.1304347826087
nw_wind,seasonal_subannual,0.04991357247750344,0.049482841762809496,0.02487434772893057,0.0941244702558183,19.02173913043478
nw_wind,semiannual,0.02068861937133871,0.013806761477758191,0.002134199363500661,0.06396904320530525,2.2444444444444445
nw_wind,subseasonal,0.14417571303456758,0.1353165734925515,0.07912930276593265,0.31299513405525536,78.65217391304348
nw_wind,trend,0.01082177305360865,0.009958094764042268,0.005041021846175141,0.028096155598348604,1.0
rh,annual,0.45502946327000127,0.4665353890409587,0.2647532440245916,0.6934664414376406,2.0
rh,high_frequency,0.19784807595870055,0.18907637742776223,0.07674353540207908,0.30940483299613514,261.32608695652175
rh,seasonal_subannual,0.09764636884357156,0.09850507525006608,0.04866829714407894,0.1696744735988846,18.543478260869566
rh,semiannual,0.08063930943801177,0.06633230014985783,0.0035202313252345784,0.20288071652879325,2.0
rh,subseasonal,0.14588740877872416,0.14420414107751195,0.10276741646315889,0.20053733433048898,80.1304347826087
rh,trend,0.022949373710990643,0.019526018668855318,0.008850011964019435,0.055576113223469135,1.0
t2m,annual,0.9645565378765408,0.9663714927075593,0.9267539515521009,0.975547893940156,2.0
t2m,high_frequency,0.0060175422582704995,0.005867416482716872,0.004374800439234551,0.011765436146185648,176.58695652173913
t2m,noise,0.0005481696747678186,0.0005407031732484709,0.00041430518431623747,0.0007613053873393784,84.08695652173913
t2m,seasonal_subannual,0.007400062703084607,0.006993218336899948,0.0061454670855715906,0.015375622159989919,19.108695652173914
t2m,semiannual,0.00733431403633911,0.007328800366203715,0.0017073266008725322,0.014405615785458944,2.0
t2m,subseasonal,0.011474553035998824,0.010617311096075305,0.007890207656025612,0.027425155866537255,80.21739130434783
t2m,trend,0.0026688204149983514,0.002475007119903021,0.0015305926341690145,0.010713286993373901,1.0
t2m_std_anom,annual,0.13558346410231076,0.16481525518498702,0.07116258002832869,0.19619983630263174,1.5555555555555556
t2m_std_anom,high_frequency,0.01201848119294623,0.011951648776058539,0.008192489630897528,0.016162914151056588,159.7826086956522
t2m_std_anom,interannual,0.0734161144556089,0.07812429720156966,0.025462653890364482,0.1190202649676669,1.1153846153846154
t2m_std_anom,noise,0.0003960797142738908,0.0003949247310873575,0.0003097379018541205,0.0005006300027090125,100.04347826086956
t2m_std_anom,seasonal_subannual,0.26241910276842295,0.2623558683353352,0.18997091457685364,0.3585356616263691,19.043478260869566
t2m_std_anom,semiannual,0.12698731603294816,0.12817529648547357,0.01916614917811263,0.23428078724326298,2.533333333333333
t2m_std_anom,subseasonal,0.33511516667464497,0.3361380293340021,0.2373952244940797,0.4037924379540839,81.41304347826087
t2m_std_anom,trend,0.17127398375470992,0.1549951315632652,0.08791210102495493,0.28197775473908093,1.0
tp,annual,0.13627408709868713,0.14530734305000076,0.0147045997218383,0.25964724341722545,2.0217391304347827
tp,high_frequency,0.39520564817768217,0.4038139382907635,0.25512008299958744,0.48963140579405545,262.39130434782606
tp,seasonal_subannual,0.14907775713145863,0.14485385627385194,0.06653139003174556,0.23668531578864996,18.97826086956522
tp,semiannual,0.015286952275871622,0.011504813194010928,0.0011489658416871254,0.08942817297210001,2.2
tp,subseasonal,0.2851155741150372,0.2842599827311504,0.2262735552865895,0.36303860447574243,78.45652173913044
tp,trend,0.019372306250738682,0.018772789134075422,0.007615389001049718,0.03951964064378086,1.0
w2c_event,annual,0.005823296245900446,0.005387430659245384,0.0008362316882278497,0.02436701517468142,2.261904761904762
w2c_event,high_frequency,0.6977054175085446,0.6977093858555019,0.6356232149766226,0.7470635128461419,259.5
w2c_event,interannual,0.002362106962804424,0.0023849946744515724,0.0005537973529676216,0.004236001260954851,1.2222222222222223
w2c_event,seasonal_subannual,0.051856876796351974,0.051936548098217926,0.03145755388430562,0.07926708250781157,19.043478260869566
w2c_event,semiannual,0.006607794714106518,0.006214349978407611,0.0012039222810108499,0.013378809648606405,2.391304347826087
w2c_event,subseasonal,0.225728753754157,0.22211066956328873,0.1742909460826323,0.2829597741801968,80.76086956521739
w2c_event,trend,0.012322083205251655,0.0117973936224068,0.003747559409704534,0.026860619664500436,1.0
w2c_transition_intensity,annual,0.006264449721776231,0.00573218776847971,0.0004381785744785892,0.026665224029513407,2.046511627906977
w2c_transition_intensity,high_frequency,0.698159388893741,0.698274254009178,0.6326005100483958,0.7508210701127058,260.9347826086956
w2c_transition_intensity,interannual,0.00358114700821031,0.003714081388394067,0.0010366744803008904,0.005684980276049961,1.2
w2c_transition_intensity,seasonal_subannual,0.05373142009592834,0.05183878823168566,0.03637443090297643,0.07787968672982637,19.152173913043477
w2c_transition_intensity,semiannual,0.006890164803947696,0.006820169654729612,0.0006131096495380859,0.01494800149263393,2.3636363636363638
w2c_transition_intensity,subseasonal,0.22283639316693413,0.22502687837646015,0.17500058677976493,0.27829885112984964,79.52173913043478
w2c_transition_intensity,trend,0.012595423666001433,0.012366450886605457,0.0062977435103214385,0.024566761960995297,1.0
