variable,assigned_band,mean_band_trajectory_energy_fraction,median_band_trajectory_energy_fraction,min_band_trajectory_energy_fraction,max_band_trajectory_energy_fraction,mean_n_components
ah,annual,0.22679016706777863,0.19174540821862818,0.0764294322780408,0.959566530349405,5.543478260869565
ah,high_frequency,0.001973732626268099,0.001947470424478179,0.0014246625536939947,0.00298152554263298,91.82608695652173
ah,interannual,0.00041013670547212057,0.0004053254862061016,0.00018725071143559696,0.0006762859541469615,6.369565217391305
ah,seasonal_subannual,0.004372372369099533,0.004143188684659585,0.0031370471343916987,0.007583734998920238,67.78260869565217
ah,semiannual,0.009093169364625156,0.00878276771310536,0.0009122068112755918,0.015457064720398985,10.847826086956522
ah,subseasonal,0.007389639758168892,0.007426144475772353,0.005233637163110841,0.009043504164718559,216.08695652173913
ah,trend,0.7420018344817748,0.7772106028399653,0.00011887788835247892,0.9015278404116279,1.5434782608695652
c2w_event,annual,0.0030849674476448184,0.0031308053621591455,0.0007281964172021203,0.00711991503316306,2.2222222222222223
c2w_event,high_frequency,0.2971932454461449,0.2956851593787499,0.2675808681680107,0.3142352333071522,287.82608695652175
c2w_event,interannual,0.0034036106483059576,0.0029730751459725252,0.00068089042818706,0.006891589042655738,3.257142857142857
c2w_event,seasonal_subannual,0.017218496026728956,0.017346433727183946,0.008668447309378055,0.027818154019015374,17.847826086956523
c2w_event,semiannual,0.0035578504083892785,0.002831271516327954,0.0007087569899979819,0.009696474216111802,3.3125
c2w_event,subseasonal,0.09080403197785673,0.08988109649425507,0.07433104602699582,0.10413772746376518,88.3913043478261
c2w_event,trend,0.006651397110934162,0.0067409358118434345,0.0039153724852462836,0.008690391614128544,1.0454545454545454
c2w_transition_intensity,annual,0.0030290146152496073,0.0029996275641830765,0.0010855838809603314,0.007173537503523704,2.1923076923076925
c2w_transition_intensity,high_frequency,0.2970210501495729,0.29745184753070997,0.2757678391885367,0.31492421816083616,287.5652173913044
c2w_transition_intensity,interannual,0.003959056122538998,0.00347799326306577,0.0007260578708531372,0.009568738878317754,3.871794871794872
c2w_transition_intensity,seasonal_subannual,0.016775980945384655,0.01624630420961127,0.009169700491886673,0.025252230703910455,17.304347826086957
c2w_transition_intensity,semiannual,0.0031962333136564694,0.0030069260734041717,0.0006921912984952777,0.008254642188946967,3.0476190476190474
c2w_transition_intensity,subseasonal,0.09036173857759318,0.08954298494429941,0.0765300300314908,0.11005238816962626,88.21739130434783
c2w_transition_intensity,trend,0.006566293555332874,0.00664143835524047,0.003911502701893382,0.00864400940804299,1.0454545454545454
cases,annual,0.040035641554751124,0.04128863497127414,0.008912878805967826,0.05508231757911654,3.3043478260869565
cases,high_frequency,0.07937650500011988,0.07820037272728042,0.013566945046086201,0.1553104789554947,271.5
cases,interannual,0.0017837017452777312,0.0011572333626865342,7.742648053407155e-05,0.014987977355907406,3.4390243902439024
cases,seasonal_subannual,0.008832738531133102,0.008505995000322938,0.0024788418241126174,0.017819647927645357,28.41304347826087
cases,semiannual,0.003965834199176688,0.003918802821437596,0.0005962362700457273,0.007694900847282466,4.956521739130435
cases,subseasonal,0.02530676664959192,0.02428871573761134,0.004434704708109737,0.04875678142156635,86.93478260869566
cases,trend,0.6813937421609709,0.6878734229252786,0.4629112629955711,0.8824285885858217,1.826086956521739
incidence_per_100k,annual,0.04024587349269798,0.04126004524056606,0.008888542896035745,0.05566422576167974,3.4130434782608696
incidence_per_100k,high_frequency,0.07896095264692586,0.07910330395576258,0.01339992487724502,0.15260082581163403,270.4347826086956
incidence_per_100k,interannual,0.0019083557278195954,0.001220938423851097,0.00019978012692655291,0.015059044269664788,3.707317073170732
incidence_per_100k,seasonal_subannual,0.008792105421425214,0.00830707271423795,0.0024730040510528056,0.018230280015717068,28.02173913043478
incidence_per_100k,semiannual,0.003986697323899704,0.003962272312672985,0.0006026039458486806,0.007002175984147966,4.913043478260869
incidence_per_100k,subseasonal,0.025715963273008305,0.023529381299641952,0.004373460413839856,0.05041805271090509,88.06521739130434
incidence_per_100k,trend,0.6814470681174336,0.6878345251260732,0.4632649751506217,0.8827064007077928,1.8478260869565217
nw_wind,annual,0.20885630839540542,0.206151562564043,0.024706422407405858,0.380146962786666,4.043478260869565
nw_wind,high_frequency,0.15541975836413216,0.15513786698470605,0.09980598354009572,0.23029398744781915,199.45652173913044
nw_wind,interannual,0.0043356181035620195,0.003498541568468726,0.000947678280616147,0.04547595260814634,3.6666666666666665
nw_wind,seasonal_subannual,0.04128416408517051,0.03937650378441248,0.0293785964300135,0.06945325450317634,41.04347826086956
nw_wind,semiannual,0.009277212803649045,0.008895740515609088,0.0006098890004645668,0.02715850974621386,5.586956521739131
nw_wind,subseasonal,0.13516218289089665,0.1324320894396651,0.07177341428925059,0.2749163704571089,145.41304347826087
nw_wind,trend,0.08430067201004429,0.0892889589816597,0.0026521130211206705,0.16905319174015404,1.0256410256410255
rh,annual,0.003532833941350117,0.0028408726605866274,0.0007853027005212374,0.010752561905162248,3.1739130434782608
rh,high_frequency,0.0021057905813943747,0.0020658159665202184,0.0010204608292307413,0.0030811903596885295,170.7608695652174
rh,interannual,0.04294835706355104,0.0001543537139933674,2.759122645247235e-05,0.9878630633357948,6.456521739130435
rh,seasonal_subannual,0.0013756369656795244,0.0015453803271517083,0.0005875222496618172,0.0028200602993071733,56.23913043478261
rh,semiannual,0.0005495480263366853,0.0005814481684567204,6.099142484496929e-05,0.0010145253666404177,7.326086956521739
rh,subseasonal,0.002593171821091158,0.0025778683728512226,0.0011375335585851066,0.004817148222314981,154.97826086956522
rh,trend,0.9836714397525047,0.9832852006132269,0.9719055887581306,0.9909645143668848,1.1136363636363635
t2m,annual,0.33476040993278217,0.24854855042101048,0.028231431898428666,0.9637637441250666,6.0
t2m,high_frequency,0.0019666068425658566,0.001669052485556101,0.00040158327571997,0.004211831854855928,81.32608695652173
t2m,interannual,0.00037597639794304747,0.0003399719280218709,0.00015447212605489198,0.001161544611114663,5.195652173913044
t2m,seasonal_subannual,0.0043476562981056895,0.0038203748881699704,0.000655176458623548,0.010116687895054065,73.82608695652173
t2m,semiannual,0.0022949397418879558,0.0021612605122600503,0.0003607337793361095,0.005034796664749681,12.869565217391305
t2m,subseasonal,0.00853461720791565,0.007911656494388276,0.0018190256386852507,0.016467437799782676,218.7173913043478
t2m,trend,0.6530435503287819,0.7337634680045161,4.1240969042160606e-05,0.9667893940417864,2.111111111111111
t2m_std_anom,annual,0.06941559219677104,0.06209020447259411,0.022645553606424347,0.12663344821525455,5.3478260869565215
t2m_std_anom,high_frequency,0.0020473595925406566,0.0022673430978810273,0.0004811587651971393,0.0033874682080931107,4.4
t2m_std_anom,interannual,0.037682802954602364,0.038000190087154544,0.013151409986306933,0.06155094577311704,7.760869565217392
t2m_std_anom,seasonal_subannual,0.3007690413657208,0.30052077564273555,0.24600757622979294,0.3428424162199212,102.41304347826087
t2m_std_anom,semiannual,0.06407830961844256,0.06321520947287071,0.039179365310507974,0.13758628202550469,14.695652173913043
t2m_std_anom,subseasonal,0.42414969027377225,0.4300345961876749,0.3690450586715281,0.45614415320449886,267.5652173913044
t2m_std_anom,trend,0.02247826667543925,0.022798792013173433,0.007103938579912529,0.055408428143695676,1.7777777777777777
tp,annual,0.02629880263912797,0.024518144289917852,0.003812019816585569,0.056699422286774596,2.4130434782608696
tp,high_frequency,0.13395448552848807,0.13464598050380233,0.09631365091036373,0.16420155150605537,169.47826086956522
tp,interannual,0.0033515637800618967,0.002878989755000993,0.0005074999538062585,0.008990944138077286,3.388888888888889
tp,seasonal_subannual,0.06459528760398056,0.060480184035230276,0.0372212563302263,0.12280064107500674,50.95652173913044
tp,semiannual,0.008358170464925206,0.006666133086793199,0.0020908623348488116,0.027536298103149667,6.673913043478261
tp,subseasonal,0.16467375991870625,0.16452010625090785,0.12458491396234835,0.20544178705779517,166.69565217391303
tp,trend,0.2579680996248158,0.23381196183643224,0.17789869634954114,0.4355801477198997,1.1304347826086956
w2c_event,annual,0.002318116824122931,0.002322740602889925,0.0007450909784156992,0.004730036069219185,2.1923076923076925
w2c_event,high_frequency,0.2976291521169116,0.2981417106912583,0.27758896902618946,0.32079841935105496,288.69565217391306
w2c_event,interannual,0.0026788651395077776,0.0017505941130266764,0.0006938970922545681,0.010005402906133255,1.8666666666666667
w2c_event,seasonal_subannual,0.01799066178003522,0.017583091138441767,0.005929574379425958,0.02987439388706918,18.130434782608695
w2c_event,semiannual,0.0028244939443212605,0.0025519381241720504,0.0006773756858019114,0.005935935298134298,2.892857142857143
w2c_event,subseasonal,0.09294888408914524,0.09415011162270762,0.07138407971506448,0.11589020660628546,88.58695652173913
w2c_event,trend,0.008676338926017007,0.008986744728861917,0.005712982163906167,0.01100887691531427,1.0227272727272727
w2c_transition_intensity,annual,0.0024620903360388006,0.0023184502077480953,0.0006938733006428355,0.004511860853561051,2.413793103448276
w2c_transition_intensity,high_frequency,0.29644943871783674,0.29630780475923535,0.27488604567963393,0.32082824060794307,287.4130434782609
w2c_transition_intensity,interannual,0.002166550524033074,0.0017733305943166675,0.0006845857848098351,0.00832305658162472,2.3
w2c_transition_intensity,seasonal_subannual,0.01777654004416499,0.01755611983625191,0.006613119960523546,0.030096548636493695,17.934782608695652
w2c_transition_intensity,semiannual,0.003239504413170491,0.003118713247045336,0.0006816840426126624,0.007067140319412055,3.3333333333333335
w2c_transition_intensity,subseasonal,0.09321642843450757,0.0932278970957674,0.07747639222950273,0.1090727214854188,89.3913043478261
w2c_transition_intensity,trend,0.008590543560318123,0.00885783304208085,0.0056257845999197875,0.010853042325603033,1.0222222222222221
