component,singular_value,norm,variance_fraction,cumulative_variance_fraction,dominant_period_days,assigned_band,prefecture_code,variable
1,1059.6417560656282,1059.6417560656282,0.981393797580561,0.981393797580561,2739.0,trend,JP-13,rh
2,57.654801356206114,57.654801356206114,0.0029053345038833585,0.9842991320844443,365.2,annual,JP-13,rh
3,57.47347813021166,57.47347813021166,0.002887088799542056,0.9871862208839863,365.2,annual,JP-13,rh
4,16.09950906897021,16.09950906897021,0.00022654289580923431,0.9874127637797956,121.73333333333333,seasonal_subannual,JP-13,rh
5,15.973061956583853,15.973061956583853,0.00022299829058616957,0.9876357620703817,121.73333333333333,seasonal_subannual,JP-13,rh
6,13.19715596073893,13.19715596073893,0.0001522249639006185,0.9877879870342824,73.03999999999999,seasonal_subannual,JP-13,rh
7,13.059079972782548,13.059079972782548,0.00014905630269260387,0.987937043336975,73.03999999999999,seasonal_subannual,JP-13,rh
8,12.22659731338991,12.22659731338991,0.0001306581182529413,0.9880677014552279,63.69767441860465,seasonal_subannual,JP-13,rh
9,12.215486170338872,12.215486170338872,0.00013042075026766369,0.9881981222054956,63.69767441860465,seasonal_subannual,JP-13,rh
10,11.991883610298355,11.991883610298355,0.00012568978720430238,0.9883238119926999,45.65,seasonal_subannual,JP-13,rh
11,11.965486574640146,11.965486574640146,0.00012513704899890283,0.9884489490416988,45.65,seasonal_subannual,JP-13,rh
12,11.577254604947786,11.577254604947786,0.00011714839696066551,0.9885660974386594,99.6,seasonal_subannual,JP-13,rh
13,11.363609988918446,11.363609988918446,0.00011286461935776497,0.9886789620580172,49.8,seasonal_subannual,JP-13,rh
14,10.692876132324447,10.692876132324447,9.993422604723483e-05,0.9887788962840645,41.81679389312977,seasonal_subannual,JP-13,rh
15,10.257940716402512,10.257940716402512,9.196986545805352e-05,0.9888708661495225,188.89655172413794,semiannual,JP-13,rh
16,10.224979503834012,10.224979503834012,9.137977276762846e-05,0.9889622459222901,40.577777777777776,seasonal_subannual,JP-13,rh
17,10.083047217392199,10.083047217392199,8.886050629626284e-05,0.9890511064285864,21.3984375,subseasonal,JP-13,rh
18,10.082924902603718,10.082924902603718,8.88583504225724e-05,0.989139964779009,21.3984375,subseasonal,JP-13,rh
19,10.047217311546593,10.047217311546593,8.823010030731484e-05,0.9892281948793163,12.310112359550562,subseasonal,JP-13,rh
20,10.03917394003619,10.03917394003619,8.808889038052722e-05,0.9893162837696968,12.36568848758465,subseasonal,JP-13,rh
21,9.926637843361013,9.926637843361013,8.61250598757462e-05,0.9894024088295725,188.89655172413794,semiannual,JP-13,rh
22,9.828955606346348,9.828955606346348,8.443838700902654e-05,0.9894868472165815,24.026315789473685,subseasonal,JP-13,rh
23,9.78015157885318,9.78015157885318,8.360193955222182e-05,0.9895704491561338,24.026315789473685,subseasonal,JP-13,rh
24,9.623991419128023,9.623991419128023,8.095350105230148e-05,0.9896514026571861,31.848837209302324,seasonal_subannual,JP-13,rh
25,9.599592906522133,9.599592906522133,8.054355859499227e-05,0.9897319462157811,7.715492957746479,subseasonal,JP-13,rh
26,9.589694913246289,9.589694913246289,8.037754976343407e-05,0.9898123237655445,7.715492957746479,subseasonal,JP-13,rh
27,9.581871304287901,9.581871304287901,8.024645362154548e-05,0.9898925702191661,55.897959183673464,seasonal_subannual,JP-13,rh
28,9.444174829604638,9.444174829604638,7.795665890712024e-05,0.9899705268780732,14.765498652291106,subseasonal,JP-13,rh
29,9.434307709085825,9.434307709085825,7.779384829959372e-05,0.9900483207263728,14.765498652291106,subseasonal,JP-13,rh
30,9.357550650663276,9.357550650663276,7.653314399793022e-05,0.9901248538703707,6.3920653442240365,high_frequency,JP-13,rh
31,9.353212428181674,9.353212428181674,7.646219790200315e-05,0.9902013160682728,12.799065420560748,subseasonal,JP-13,rh
32,9.346524211937089,9.346524211937089,7.635288511225022e-05,0.990277668953385,55.897959183673464,seasonal_subannual,JP-13,rh
33,9.324739548262384,9.324739548262384,7.599737680373906e-05,0.9903536663301887,6.3920653442240365,high_frequency,JP-13,rh
34,9.29458361668223,9.29458361668223,7.550662509482054e-05,0.9904291729552835,12.799065420560748,subseasonal,JP-13,rh
35,9.17506371357816,9.17506371357816,7.357721735326469e-05,0.9905027501726368,31.848837209302324,seasonal_subannual,JP-13,rh
36,9.119257241623266,9.119257241623266,7.268488622518292e-05,0.9905754350588619,11.934640522875815,subseasonal,JP-13,rh
37,9.113325283128004,9.113325283128004,7.259035583006514e-05,0.990648025414692,11.934640522875815,subseasonal,JP-13,rh
38,9.071706033008024,9.071706033008024,7.19288502899099e-05,0.9907199542649819,11.831533477321813,subseasonal,JP-13,rh
39,9.045583043643612,9.045583043643612,7.151519244117481e-05,0.9907914694574231,11.831533477321813,subseasonal,JP-13,rh
40,8.977958300071792,8.977958300071792,7.044989486250056e-05,0.9908619193522856,22.178137651821864,subseasonal,JP-13,rh
41,8.972513013194966,8.972513013194966,7.036446262075817e-05,0.9909322838149064,22.178137651821864,subseasonal,JP-13,rh
42,8.935608924062803,8.935608924062803,6.978683265524762e-05,0.9910020706475616,7.555862068965517,subseasonal,JP-13,rh
43,8.933079262935236,8.933079262935236,6.974732509609572e-05,0.9910718179726578,7.555862068965517,subseasonal,JP-13,rh
44,8.892048812735252,8.892048812735252,6.910808483131327e-05,0.991140926057489,6.672350791717418,high_frequency,JP-13,rh
45,8.88578292462656,8.88578292462656,6.901072347658339e-05,0.9912099367809656,6.672350791717418,high_frequency,JP-13,rh
46,8.871627362468372,8.871627362468372,6.879102252808328e-05,0.9912787278034937,18.07920792079208,subseasonal,JP-13,rh
47,8.866713696645505,8.866713696645505,6.871484203149311e-05,0.9913474426455252,18.07920792079208,subseasonal,JP-13,rh
48,8.711319455491454,8.711319455491454,6.632741349437045e-05,0.9914137700590195,8.778846153846153,subseasonal,JP-13,rh
49,8.70577864381419,8.70577864381419,6.624306557602414e-05,0.9914800131245955,8.778846153846153,subseasonal,JP-13,rh
50,8.661475714469299,8.661475714469299,6.557057099439137e-05,0.99154558369559,16.017543859649123,subseasonal,JP-13,rh
51,8.640897493669323,8.640897493669323,6.525937164545648e-05,0.9916108430672355,8.262443438914026,subseasonal,JP-13,rh
52,8.61032678910597,8.61032678910597,6.479842511434985e-05,0.9916756414923498,8.20059880239521,subseasonal,JP-13,rh
53,8.55652620145877,8.55652620145877,6.399118471437184e-05,0.9917396326770641,18.824742268041238,subseasonal,JP-13,rh
54,8.555974853397997,8.555974853397997,6.398293831201836e-05,0.9918036156153761,18.824742268041238,subseasonal,JP-13,rh
55,8.547951607542254,8.547951607542254,6.386299636276032e-05,0.9918674786117389,7.916184971098265,subseasonal,JP-13,rh
56,8.546539721124486,8.546539721124486,6.384190128531399e-05,0.9919313205130241,7.916184971098265,subseasonal,JP-13,rh
57,8.37088010520316,8.37088010520316,6.12445467317e-05,0.9919925650597559,18.824742268041238,subseasonal,JP-13,rh
58,8.268737469158177,8.268737469158177,5.9759036717032384e-05,0.9920523240964729,37.013513513513516,seasonal_subannual,JP-13,rh
59,8.209371592837869,8.209371592837869,5.890403017558652e-05,0.9921112281266485,5.74816369359916,high_frequency,JP-13,rh
60,8.205853572225713,8.205853572225713,5.885355586387517e-05,0.9921700816825124,5.74816369359916,high_frequency,JP-13,rh
61,8.185272426659553,8.185272426659553,5.8558704246368155e-05,0.9922286403867587,5.74816369359916,high_frequency,JP-13,rh
62,8.177281747537632,8.177281747537632,5.844442694654086e-05,0.9922870848137053,7.362903225806452,subseasonal,JP-13,rh
63,8.171196231747075,8.171196231747075,5.835747087687086e-05,0.9923454422845822,7.362903225806452,subseasonal,JP-13,rh
64,8.150264572486778,8.150264572486778,5.805887221009062e-05,0.9924035011567923,7.362903225806452,subseasonal,JP-13,rh
65,8.136811157220713,8.136811157220713,5.786735806992898e-05,0.9924613685148622,37.013513513513516,seasonal_subannual,JP-13,rh
66,8.07421240573531,8.07421240573531,5.698040367511837e-05,0.9925183489185373,16.75229357798165,subseasonal,JP-13,rh
67,8.043118091146175,8.043118091146175,5.654237828898639e-05,0.9925748912968263,34.89171974522293,seasonal_subannual,JP-13,rh
68,8.040274893517571,8.040274893517571,5.650241052027853e-05,0.9926313937073465,34.89171974522293,seasonal_subannual,JP-13,rh
69,7.958802813252117,7.958802813252117,5.536313455662806e-05,0.9926867568419032,11.65531914893617,subseasonal,JP-13,rh
70,7.921803992363335,7.921803992363335,5.484958760180797e-05,0.992741606429505,9.08457711442786,subseasonal,JP-13,rh
71,7.862182297469947,7.862182297469947,5.402706811801901e-05,0.992795633497623,9.08457711442786,subseasonal,JP-13,rh
72,7.817123120131101,7.817123120131101,5.340957053827681e-05,0.9928490430681612,9.08457711442786,subseasonal,JP-13,rh
73,7.751709582662346,7.751709582662346,5.251944990306055e-05,0.9929015625180643,6.560479041916168,high_frequency,JP-13,rh
74,7.738110169991178,7.738110169991178,5.23353338322236e-05,0.9929538978518965,6.560479041916168,high_frequency,JP-13,rh
75,7.647437520035505,7.647437520035505,5.111602294775484e-05,0.9930050138748442,25.47906976744186,subseasonal,JP-13,rh
76,7.642994289429988,7.642994289429988,5.105664245657001e-05,0.9930560705173007,28.68062827225131,subseasonal,JP-13,rh
77,7.628390070838223,7.628390070838223,5.086171100619937e-05,0.9931069322283069,28.68062827225131,subseasonal,JP-13,rh
78,7.6095158756581185,7.6095158756581185,5.06103378419758e-05,0.9931575425661489,4.970961887477314,high_frequency,JP-13,rh
79,7.608292261713648,7.608292261713648,5.059406281551104e-05,0.9932081366289643,4.970961887477314,high_frequency,JP-13,rh
80,7.545272414108712,7.545272414108712,4.9759387947688286e-05,0.9932578960169121,6.282110091743119,high_frequency,JP-13,rh
81,7.500927175035365,7.500927175035365,4.9176212809978195e-05,0.993307072229722,9.764705882352942,subseasonal,JP-13,rh
82,7.494953233968395,7.494953233968395,4.9097913473141605e-05,0.9933561701431952,25.47906976744186,subseasonal,JP-13,rh
83,7.479364654843606,7.479364654843606,4.8893890645793324e-05,0.993405064033841,25.47906976744186,subseasonal,JP-13,rh
84,7.470300959451094,7.470300959451094,4.877546058238442e-05,0.9934538394944233,25.47906976744186,subseasonal,JP-13,rh
85,7.397622766422063,7.397622766422063,4.7831009155604175e-05,0.993501670503579,6.282110091743119,high_frequency,JP-13,rh
86,7.316207424311615,7.316207424311615,4.678398386207097e-05,0.993548454487441,10.657587548638132,subseasonal,JP-13,rh
87,7.311092493886245,7.311092493886245,4.671859119080805e-05,0.9935951730786318,10.657587548638132,subseasonal,JP-13,rh
88,7.27600448797231,7.27600448797231,4.6271235733795526e-05,0.9936414443143655,8.020497803806734,subseasonal,JP-13,rh
89,7.2158427740668,7.2158427740668,4.550921089157098e-05,0.993686953525257,19.494661921708186,subseasonal,JP-13,rh
90,7.211885653297938,7.211885653297938,4.5459310673289184e-05,0.9937324128359303,15.518413597733712,subseasonal,JP-13,rh
91,7.2089322646175535,7.2089322646175535,4.5422085589767465e-05,0.99377783492152,15.518413597733712,subseasonal,JP-13,rh
92,7.160597717422103,7.160597717422103,4.481503428233418e-05,0.9938226499558024,6.093437152391546,high_frequency,JP-13,rh
93,7.154729602622071,7.154729602622071,4.474161247587069e-05,0.9938673915682783,6.093437152391546,high_frequency,JP-13,rh
94,7.127599819639337,7.127599819639337,4.44029472955898e-05,0.9939117945155739,19.494661921708186,subseasonal,JP-13,rh
95,7.124000914839334,7.124000914839334,4.435811828156676e-05,0.9939561526338554,6.093437152391546,high_frequency,JP-13,rh
96,7.097624592190823,7.097624592190823,4.403025810644001e-05,0.9940001828919618,4.442822384428224,high_frequency,JP-13,rh
97,7.059015466387369,7.059015466387369,4.35525359986152e-05,0.9940437354279604,4.442822384428224,high_frequency,JP-13,rh
98,7.029758490999117,7.029758490999117,4.319226623949642e-05,0.9940869276941999,7.179554390563564,subseasonal,JP-13,rh
99,7.017609115638442,7.017609115638442,4.3043098784828646e-05,0.9941299707929847,5.318446601941747,high_frequency,JP-13,rh
100,7.0160913267691996,7.0160913267691996,4.30244818256223e-05,0.9941729952748103,4.460912052117264,high_frequency,JP-13,rh
101,6.96343226734312,6.96343226734312,4.238106761209778e-05,0.9942153763424224,7.217391304347826,subseasonal,JP-13,rh
102,6.945489335237762,6.945489335237762,4.216293929206834e-05,0.9942575392817145,5.840085287846482,high_frequency,JP-13,rh
103,6.928596828094723,6.928596828094723,4.1958095088155944e-05,0.9942994973768026,4.6502546689303905,high_frequency,JP-13,rh
104,6.918699199075095,6.918699199075095,4.183830487717463e-05,0.9943413356816797,9.191275167785234,subseasonal,JP-13,rh
105,6.917840870431276,6.917840870431276,4.182792466352324e-05,0.9943831636063433,9.191275167785234,subseasonal,JP-13,rh
106,6.898581195678037,6.898581195678037,4.159534607963066e-05,0.9944247589524229,13.938931297709923,subseasonal,JP-13,rh
107,6.897879353565772,6.897879353565772,4.158688292475875e-05,0.9944663458353477,13.938931297709923,subseasonal,JP-13,rh
108,6.88844771596541,6.88844771596541,4.147323516893547e-05,0.9945078190705166,5.318446601941747,high_frequency,JP-13,rh
109,6.8858560914657225,6.8858560914657225,4.144203428370615e-05,0.9945492611048002,5.318446601941747,high_frequency,JP-13,rh
110,6.880562962750022,6.880562962750022,4.137834613542204e-05,0.9945906394509356,4.8264317180616745,high_frequency,JP-13,rh
111,6.87664178310988,6.87664178310988,4.1331197175016536e-05,0.9946319706481106,10.89065606361829,subseasonal,JP-13,rh
112,6.87620037740876,6.87620037740876,4.132589131756028e-05,0.9946732965394282,10.89065606361829,subseasonal,JP-13,rh
113,6.841426317642421,6.841426317642421,4.090896476206782e-05,0.9947142055041902,4.8264317180616745,high_frequency,JP-13,rh
114,6.777032209267018,6.777032209267018,4.014248751333847e-05,0.9947543479917036,4.6502546689303905,high_frequency,JP-13,rh
115,6.760593066083187,6.760593066083187,3.9947975312300054e-05,0.9947942959670159,4.6502546689303905,high_frequency,JP-13,rh
116,6.725979180080929,6.725979180080929,3.953995937822305e-05,0.9948338359263941,5.397044334975369,high_frequency,JP-13,rh
117,6.720378842827472,6.720378842827472,3.947414147644616e-05,0.9948733100678705,5.397044334975369,high_frequency,JP-13,rh
118,6.6988978119155,6.6988978119155,3.9222194350779825e-05,0.9949125322622213,11.388773388773389,subseasonal,JP-13,rh
119,6.681662645930696,6.681662645930696,3.9020629428023966e-05,0.9949515528916494,11.388773388773389,subseasonal,JP-13,rh
120,6.605594277405255,6.605594277405255,3.8137214739521796e-05,0.9949896901063889,8.572769953051642,subseasonal,JP-13,rh
121,6.603278482384572,6.603278482384572,3.8110479070635016e-05,0.9950278005854596,8.572769953051642,subseasonal,JP-13,rh
122,6.563612041534502,6.563612041534502,3.765398867936536e-05,0.995065454574139,4.486486486486487,high_frequency,JP-13,rh
123,6.5604138719857765,6.5604138719857765,3.761730323832841e-05,0.9951030718773773,4.486486486486487,high_frequency,JP-13,rh
124,6.531068031546954,6.531068031546954,3.72815188171183e-05,0.9951403533961944,10.06985294117647,subseasonal,JP-13,rh
125,6.529240322656881,6.529240322656881,3.726065539060162e-05,0.995177614051585,10.06985294117647,subseasonal,JP-13,rh
126,6.510138839829851,6.510138839829851,3.704296002789285e-05,0.9952146570116129,9.364102564102563,subseasonal,JP-13,rh
127,6.509904907633294,6.509904907633294,3.7040297907920356e-05,0.9952516973095209,9.364102564102563,subseasonal,JP-13,rh
128,6.478547324146456,6.478547324146456,3.6684318259164556e-05,0.9952883816277801,6.838951310861423,high_frequency,JP-13,rh
129,6.452919053737833,6.452919053737833,3.639465577283008e-05,0.995324776283553,5.664943123061013,high_frequency,JP-13,rh
130,6.437279789112141,6.437279789112141,3.621845771114452e-05,0.9953609947412642,5.664943123061013,high_frequency,JP-13,rh
131,6.4258538495144135,6.4258538495144135,3.608999890335971e-05,0.9953970847401675,6.838951310861423,high_frequency,JP-13,rh
132,6.390487157989726,6.390487157989726,3.569382700161633e-05,0.9954327785671692,13.559405940594058,subseasonal,JP-13,rh
133,6.354833243965272,6.354833243965272,3.529665086048961e-05,0.9954680752180296,13.559405940594058,subseasonal,JP-13,rh
134,6.350975578430943,6.350975578430943,3.525381060335428e-05,0.9955033290286329,6.838951310861423,high_frequency,JP-13,rh
135,6.337764450482958,6.337764450482958,3.51072951005957e-05,0.9955384363237335,6.969465648854961,high_frequency,JP-13,rh
136,6.337198275777115,6.337198275777115,3.5101022865394496e-05,0.9955735373465989,6.969465648854961,high_frequency,JP-13,rh
137,6.314532369259623,6.314532369259623,3.485038411767849e-05,0.9956083877307166,4.078927773641102,high_frequency,JP-13,rh
138,6.299291818555039,6.299291818555039,3.468235961635292e-05,0.9956430700903329,4.078927773641102,high_frequency,JP-13,rh
139,6.268565514602373,6.268565514602373,3.434484176630418e-05,0.9956774149320993,8.388973966309342,subseasonal,JP-13,rh
140,6.240613717700061,6.240613717700061,3.403923446293945e-05,0.9957114541665623,3.119589977220957,high_frequency,JP-13,rh
141,6.23990762728711,6.23990762728711,3.4031532202070384e-05,0.9957454856987643,3.119589977220957,high_frequency,JP-13,rh
142,6.227739207432982,6.227739207432982,3.389893209973126e-05,0.995779384630864,4.213846153846154,high_frequency,JP-13,rh
143,6.225088098102346,6.225088098102346,3.387007711923288e-05,0.9958132547079832,4.780104712041885,high_frequency,JP-13,rh
144,6.222917927642669,6.222917927642669,3.384646587796686e-05,0.9958471011738612,4.780104712041885,high_frequency,JP-13,rh
145,6.207164549598687,6.207164549598687,3.3675317460797164e-05,0.995880776491322,4.213846153846154,high_frequency,JP-13,rh
146,6.176075621054498,6.176075621054498,3.333883283000807e-05,0.995914115324152,4.078927773641102,high_frequency,JP-13,rh
147,6.153966861219491,6.153966861219491,3.3100571184701335e-05,0.9959472158953366,4.54228855721393,high_frequency,JP-13,rh
148,6.150800662367289,6.150800662367289,3.3066519642848294e-05,0.9959802824149795,4.54228855721393,high_frequency,JP-13,rh
149,6.135066455442325,6.135066455442325,3.2897562773929976e-05,0.9960131799777534,9.888086642599278,subseasonal,JP-13,rh
150,6.131082685771136,6.131082685771136,3.2854852963544184e-05,0.996046034830717,9.888086642599278,subseasonal,JP-13,rh
151,6.051463949022347,6.051463949022347,3.2007081982477997e-05,0.9960780419126994,9.888086642599278,subseasonal,JP-13,rh
152,6.007009970448652,6.007009970448652,3.153856194887395e-05,0.9961095804746484,3.585078534031414,high_frequency,JP-13,rh
153,6.003528598542917,6.003528598542917,3.150201609747323e-05,0.9961410824907458,3.585078534031414,high_frequency,JP-13,rh
154,5.991935764273565,5.991935764273565,3.1380472559594755e-05,0.9961724629633054,3.157348703170029,high_frequency,JP-13,rh
155,5.989552735368691,5.989552735368691,3.1355517117561486e-05,0.9962038184804229,3.157348703170029,high_frequency,JP-13,rh
156,5.980349158273304,5.980349158273304,3.125922905970161e-05,0.9962350777094826,4.899821109123434,high_frequency,JP-13,rh
157,5.970858507496633,5.970858507496633,3.116009270000883e-05,0.9962662378021826,4.899821109123434,high_frequency,JP-13,rh
158,5.951755387381873,5.951755387381873,3.0961024922502895e-05,0.9962971988271051,4.286384976525821,high_frequency,JP-13,rh
159,5.949885541209685,5.949885541209685,3.094157410296067e-05,0.9963281404012081,4.286384976525821,high_frequency,JP-13,rh
160,5.897893130596565,5.897893130596565,3.0403177801412353e-05,0.9963585435790095,6.182844243792325,high_frequency,JP-13,rh
161,5.880810640442485,5.880810640442485,3.0227315051338774e-05,0.9963887708940609,6.141255605381166,high_frequency,JP-13,rh
162,5.846695694168914,5.846695694168914,2.9877631222023705e-05,0.9964186485252828,4.256410256410256,high_frequency,JP-13,rh
163,5.820803667909598,5.820803667909598,2.9613591658521427e-05,0.9964482621169414,4.256410256410256,high_frequency,JP-13,rh
164,5.796584822292809,5.796584822292809,2.936767546215274e-05,0.9964776297924035,6.141255605381166,high_frequency,JP-13,rh
165,5.763536240048847,5.763536240048847,2.903375702653624e-05,0.9965066635494301,4.7102321582115225,high_frequency,JP-13,rh
166,5.756672839597804,5.756672839597804,2.8964649574408933e-05,0.9965356281990044,4.69811320754717,high_frequency,JP-13,rh
167,5.750432345150495,5.750432345150495,2.8901885624729022e-05,0.9965645300846292,2.819351518270715,high_frequency,JP-13,rh
168,5.745433560469719,5.745433560469719,2.885165931146636e-05,0.9965933817439406,2.815005138746146,high_frequency,JP-13,rh
169,5.705172144856437,5.705172144856437,2.8448717177027488e-05,0.9966218304611176,5.516616314199395,high_frequency,JP-13,rh
170,5.702004661465783,5.702004661465783,2.8417136771630428e-05,0.9966502475978892,5.516616314199395,high_frequency,JP-13,rh
171,5.689880305528808,5.689880305528808,2.8296416709591876e-05,0.9966785440145988,4.001460920379839,high_frequency,JP-13,rh
172,5.671134896092172,5.671134896092172,2.8110277762413463e-05,0.9967066542923612,4.168949771689498,high_frequency,JP-13,rh
173,5.664993919844829,5.664993919844829,2.8049432415531142e-05,0.9967347037247767,4.165779467680609,high_frequency,JP-13,rh
174,5.662606824940635,5.662606824940635,2.8025798656641614e-05,0.9967627295234334,4.001460920379839,high_frequency,JP-13,rh
175,5.649954179870057,5.649954179870057,2.790069573819138e-05,0.9967906302191716,5.544534412955466,high_frequency,JP-13,rh
176,5.644863238030668,5.644863238030668,2.7850438047178245e-05,0.9968184806572188,5.544534412955466,high_frequency,JP-13,rh
177,5.628689839221258,5.628689839221258,2.7691075122645195e-05,0.9968461717323415,5.928571428571428,high_frequency,JP-13,rh
178,5.625885695672895,5.625885695672895,2.766349129415288e-05,0.9968738352236356,5.928571428571428,high_frequency,JP-13,rh
179,5.614714948642422,5.614714948642422,2.7553743217729258e-05,0.9969013889668533,3.371076923076923,high_frequency,JP-13,rh
180,5.591210042402388,5.591210042402388,2.7323529384744146e-05,0.996928712496238,3.371076923076923,high_frequency,JP-13,rh
181,5.569623940956688,5.569623940956688,2.7112959604774132e-05,0.9969558254558428,3.371076923076923,high_frequency,JP-13,rh
182,5.5454367066182915,5.5454367066182915,2.6877983754115072e-05,0.9969827034395969,3.4583333333333335,high_frequency,JP-13,rh
183,5.540656752614793,5.540656752614793,2.6831668139185303e-05,0.9970095351077362,4.001460920379839,high_frequency,JP-13,rh
184,5.515701841489978,5.515701841489978,2.6590514775008737e-05,0.9970361256225112,3.6206212822207533,high_frequency,JP-13,rh
185,5.514902068557555,5.514902068557555,2.6582804121756395e-05,0.9970627084266329,3.6206212822207533,high_frequency,JP-13,rh
186,5.482575344368507,5.482575344368507,2.6272076430611357e-05,0.9970889805030635,5.163053722902922,high_frequency,JP-13,rh
187,5.481863365480854,5.481863365480854,2.626525337829291e-05,0.9971152457564418,5.163053722902922,high_frequency,JP-13,rh
188,5.462280388665129,5.462280388665129,2.6077932717880512e-05,0.9971413236891598,2.964285714285714,high_frequency,JP-13,rh
189,5.4538151208036805,5.4538151208036805,2.599716585525167e-05,0.997167320855015,2.964285714285714,high_frequency,JP-13,rh
190,5.436085721473623,5.436085721473623,2.582841610885396e-05,0.9971931492711239,2.964285714285714,high_frequency,JP-13,rh
191,5.434242116845584,5.434242116845584,2.581090008155561e-05,0.9972189601712055,2.964285714285714,high_frequency,JP-13,rh
192,5.407593475931872,5.407593475931872,2.5558375846850877e-05,0.9972445185470523,5.163053722902922,high_frequency,JP-13,rh
193,5.373192079802635,5.373192079802635,2.5234221643850784e-05,0.9972697527686961,3.330091185410334,high_frequency,JP-13,rh
194,5.3728767706279275,5.3728767706279275,2.523126014609338e-05,0.9972949840288422,3.330091185410334,high_frequency,JP-13,rh
195,5.369889419991039,5.369889419991039,2.520321049227824e-05,0.9973201872393345,5.039558417663294,high_frequency,JP-13,rh
196,5.355911391372955,5.355911391372955,2.5072171412608205e-05,0.997345259410747,5.039558417663294,high_frequency,JP-13,rh
197,5.332982629676872,5.332982629676872,2.4857961998558398e-05,0.9973701173727456,3.7341513292433537,high_frequency,JP-13,rh
198,5.317229586567208,5.317229586567208,2.4711323533961067e-05,0.9973948286962796,4.131221719457013,high_frequency,JP-13,rh
199,5.310214205721066,5.310214205721066,2.464615990669096e-05,0.9974194748561863,4.131221719457013,high_frequency,JP-13,rh
200,5.301223476002546,5.301223476002546,2.456277367435674e-05,0.9974440376298607,4.131221719457013,high_frequency,JP-13,rh
201,5.264488465800542,5.264488465800542,2.4223535972512295e-05,0.9974682611658332,3.7341513292433537,high_frequency,JP-13,rh
202,5.2179142506765555,5.2179142506765555,2.379682720443443e-05,0.9974920579930376,3.3898514851485144,high_frequency,JP-13,rh
203,5.215021753486178,5.215021753486178,2.3770451463364073e-05,0.997515828444501,3.3898514851485144,high_frequency,JP-13,rh
204,5.199709308250201,5.199709308250201,2.3631065901618955e-05,0.9975394595104027,2.7348976535197203,high_frequency,JP-13,rh
205,5.198172597481856,5.198172597481856,2.361710021808204e-05,0.9975630766106207,2.7348976535197203,high_frequency,JP-13,rh
206,5.19614647877063,5.19614647877063,2.3598693086658917e-05,0.9975866753037074,3.949531362653208,high_frequency,JP-13,rh
207,5.169693099038506,5.169693099038506,2.335902465658627e-05,0.9976100343283639,4.04280442804428,high_frequency,JP-13,rh
208,5.151550850456107,5.151550850456107,2.3195362474296e-05,0.9976332296908382,4.04280442804428,high_frequency,JP-13,rh
209,5.151072277468529,5.151072277468529,2.3191053030938167e-05,0.9976564207438692,4.04280442804428,high_frequency,JP-13,rh
210,5.114123217186113,5.114123217186113,2.2859543664271282e-05,0.9976792802875335,2.7863682604272633,high_frequency,JP-13,rh
211,5.100191964704644,5.100191964704644,2.2735171096896892e-05,0.9977020154586304,2.7863682604272633,high_frequency,JP-13,rh
212,5.090762388462252,5.090762388462252,2.2651180200915696e-05,0.9977246666388313,3.5479274611398965,high_frequency,JP-13,rh
213,5.0857447494066985,5.0857447494066985,2.2606550565388436e-05,0.9977472731893967,3.1978984238178634,high_frequency,JP-13,rh
214,5.077522804831084,5.077522804831084,2.2533515220376727e-05,0.9977698067046171,3.1978984238178634,high_frequency,JP-13,rh
215,5.047418454672743,5.047418454672743,2.226710741147688e-05,0.9977920738120286,3.1978984238178634,high_frequency,JP-13,rh
216,4.989293917193816,4.989293917193816,2.1757217792560938e-05,0.9978138310298211,3.006586169045005,high_frequency,JP-13,rh
217,4.971791887392085,4.971791887392085,2.1604840489870097e-05,0.997835435870311,3.006586169045005,high_frequency,JP-13,rh
218,4.971103013608171,4.971103013608171,2.1598853925070983e-05,0.997857034724236,3.006586169045005,high_frequency,JP-13,rh
219,4.9439677864430625,4.9439677864430625,2.136369879215275e-05,0.9978783984230282,2.4945355191256833,high_frequency,JP-13,rh
220,4.937614813208784,4.937614813208784,2.130882958151583e-05,0.9978997072526097,2.4945355191256833,high_frequency,JP-13,rh
221,4.923655422509095,4.923655422509095,2.118851327141758e-05,0.997920895765881,4.316784869976359,high_frequency,JP-13,rh
222,4.912063257399371,4.912063257399371,2.1088859018345577e-05,0.9979419846248994,4.316784869976359,high_frequency,JP-13,rh
223,4.91157655558059,4.91157655558059,2.1084680131792486e-05,0.9979630693050312,3.262656343061346,high_frequency,JP-13,rh
224,4.905534086861351,4.905534086861351,2.1032833174059558e-05,0.9979841021382052,2.6761113825109915,high_frequency,JP-13,rh
225,4.9025426833598855,4.9025426833598855,2.1007189276360167e-05,0.9980051093274815,4.316784869976359,high_frequency,JP-13,rh
226,4.896182943208023,4.896182943208023,2.095272218921559e-05,0.9980260620496707,3.252969121140142,high_frequency,JP-13,rh
227,4.886818869000191,4.886818869000191,2.087265360262579e-05,0.9980469347032733,3.486950986632718,high_frequency,JP-13,rh
228,4.861283349246021,4.861283349246021,2.065508813824811e-05,0.9980675897914115,3.486950986632718,high_frequency,JP-13,rh
229,4.817451663574714,4.817451663574714,2.028429477321264e-05,0.9980878740861847,3.6568758344459282,high_frequency,JP-13,rh
230,4.800158566545834,4.800158566545834,2.01389280060036e-05,0.9981080130141907,3.6568758344459282,high_frequency,JP-13,rh
231,4.798977142114995,4.798977142114995,2.0129015961105887e-05,0.9981281420301519,3.6568758344459282,high_frequency,JP-13,rh
232,4.78373265846801,4.78373265846801,2.000133497252042e-05,0.9981481433651244,2.7472417251755266,high_frequency,JP-13,rh
233,4.7585718894929885,4.7585718894929885,1.979148816583104e-05,0.9981679348532901,2.7472417251755266,high_frequency,JP-13,rh
234,4.751716765879155,4.751716765879155,1.973450662735083e-05,0.9981876693599175,3.0349030470914125,high_frequency,JP-13,rh
235,4.741701684090699,4.741701684090699,1.965140638202055e-05,0.9982073207662996,3.0349030470914125,high_frequency,JP-13,rh
236,4.733211116457368,4.733211116457368,1.958109313901107e-05,0.9982269018594386,2.244162228594838,high_frequency,JP-13,rh
237,4.722908772664743,4.722908772664743,1.949594519035468e-05,0.998246397804629,2.244162228594838,high_frequency,JP-13,rh
238,4.710000589170149,4.710000589170149,1.938952207368005e-05,0.9982657873267027,5.242105263157894,high_frequency,JP-13,rh
239,4.7086170758307695,4.7086170758307695,1.937813280862725e-05,0.9982851654595113,5.242105263157894,high_frequency,JP-13,rh
240,4.702872445726734,4.702872445726734,1.93308780429118e-05,0.9983044963375542,3.4366373902132996,high_frequency,JP-13,rh
241,4.69059254244127,4.69059254244127,1.923005821568002e-05,0.9983237263957699,3.4366373902132996,high_frequency,JP-13,rh
242,4.676297552225406,4.676297552225406,1.9113026258373624e-05,0.9983428394220283,2.3390264730999144,high_frequency,JP-13,rh
243,4.660459469845888,4.660459469845888,1.898377825702326e-05,0.9983618232002853,2.3390264730999144,high_frequency,JP-13,rh
244,4.632122121406585,4.632122121406585,1.875362306587177e-05,0.9983805768233512,3.852320675105485,high_frequency,JP-13,rh
245,4.627782189208232,4.627782189208232,1.8718498204002385e-05,0.9983992953215552,3.876857749469214,high_frequency,JP-13,rh
246,4.619744904345006,4.619744904345006,1.8653536089136566e-05,0.9984179488576443,2.6761113825109915,high_frequency,JP-13,rh
247,4.61889613373246,4.61889613373246,1.864668241251724e-05,0.9984365955400568,2.565807962529274,high_frequency,JP-13,rh
248,4.602774958080455,4.602774958080455,1.8516745806192347e-05,0.998455112285863,2.258037922506183,high_frequency,JP-13,rh
249,4.5944288068981844,4.5944288068981844,1.8449654347058246e-05,0.9984735619402101,2.9372654155495974,high_frequency,JP-13,rh
250,4.590375712562451,4.590375712562451,1.8417117024612413e-05,0.9984919790572347,2.9372654155495974,high_frequency,JP-13,rh
251,4.571078976896727,4.571078976896727,1.826260102092386e-05,0.9985102416582556,2.258037922506183,high_frequency,JP-13,rh
252,4.567678811224168,4.567678811224168,1.823544210522625e-05,0.9985284771003609,2.258037922506183,high_frequency,JP-13,rh
253,4.552899106089682,4.552899106089682,1.811762365410602e-05,0.998546594724015,2.6761113825109915,high_frequency,JP-13,rh
254,4.549863816841026,4.549863816841026,1.8093474690500728e-05,0.9985646881987055,2.6761113825109915,high_frequency,JP-13,rh
255,4.548049493929126,4.548049493929126,1.807904750682639e-05,0.9985827672462123,3.698852126941256,high_frequency,JP-13,rh
256,4.545427479466814,4.545427479466814,1.805820786570462e-05,0.998600825454078,3.698852126941256,high_frequency,JP-13,rh
257,4.504195464352849,4.504195464352849,1.773207825921421e-05,0.9986185575323372,3.502557544757033,high_frequency,JP-13,rh
258,4.5030518260586065,4.5030518260586065,1.772307487141161e-05,0.9986362806072085,3.502557544757033,high_frequency,JP-13,rh
259,4.496870106142993,4.496870106142993,1.7674448344949658e-05,0.9986539550555535,2.5550373134328357,high_frequency,JP-13,rh
260,4.495296652838371,4.495296652838371,1.7662081942025462e-05,0.9986716171374955,2.544356711565258,high_frequency,JP-13,rh
261,4.472411857016571,4.472411857016571,1.7482710331796583e-05,0.9986890998478273,2.544356711565258,high_frequency,JP-13,rh
262,4.448896296772521,4.448896296772521,1.7299348452156904e-05,0.9987063991962795,2.230456026058632,high_frequency,JP-13,rh
263,4.434395631234008,4.434395631234008,1.718676176210567e-05,0.9987235859580416,2.230456026058632,high_frequency,JP-13,rh
264,4.4327618717884825,4.4327618717884825,1.717409989603066e-05,0.9987407600579375,3.8878637331440737,high_frequency,JP-13,rh
265,4.432075671109949,4.432075671109949,1.716878313542817e-05,0.998757928841073,3.8878637331440737,high_frequency,JP-13,rh
266,4.422129598177307,4.422129598177307,1.709181226334953e-05,0.9987750206533363,3.9156540385989995,high_frequency,JP-13,rh
267,4.400038928622776,4.400038928622776,1.6921475100047563e-05,0.9987919421284364,3.2299528301886795,high_frequency,JP-13,rh
268,4.361774671697756,4.361774671697756,1.6628444836850505e-05,0.9988085705732732,3.2299528301886795,high_frequency,JP-13,rh
269,4.2833414330261075,4.2833414330261075,1.6035797741666655e-05,0.9988246063710149,2.4196113074204946,high_frequency,JP-13,rh
270,4.282760374467923,4.282760374467923,1.6031447350431258e-05,0.9988406378183653,2.4196113074204946,high_frequency,JP-13,rh
271,4.280270698132961,4.280270698132961,1.6012813800876376e-05,0.9988566506321662,2.912280701754386,high_frequency,JP-13,rh
272,4.2793811443638425,4.2793811443638425,1.6006158717724933e-05,0.998872656790884,2.912280701754386,high_frequency,JP-13,rh
273,4.272289100013103,4.272289100013103,1.5953149966861972e-05,0.9988886099408508,2.0956388676358073,high_frequency,JP-13,rh
274,4.257025720862377,4.257025720862377,1.5839363655586464e-05,0.9989044493045064,3.9156540385989995,high_frequency,JP-13,rh
275,4.250399366828297,4.250399366828297,1.5790091909747983e-05,0.9989202393964162,3.9156540385989995,high_frequency,JP-13,rh
276,4.244083902974377,4.244083902974377,1.5743203295183498e-05,0.9989359825997114,2.0956388676358073,high_frequency,JP-13,rh
277,4.225400988522866,4.225400988522866,1.5604901822605333e-05,0.998951587501534,2.6336538461538463,high_frequency,JP-13,rh
278,4.221985164366826,4.221985164366826,1.5579681941526785e-05,0.9989671671834756,2.638728323699422,high_frequency,JP-13,rh
279,4.200525947287353,4.200525947287353,1.542170974851105e-05,0.9989825888932241,2.9820359281437123,high_frequency,JP-13,rh
280,4.176661563828088,4.176661563828088,1.5246977270148909e-05,0.9989978358704943,2.474254742547425,high_frequency,JP-13,rh
281,4.171262007293384,4.171262007293384,1.5207580398418384e-05,0.9990130434508927,2.474254742547425,high_frequency,JP-13,rh
282,4.152881194032219,4.152881194032219,1.5073850212857377e-05,0.9990281173011055,2.9820359281437123,high_frequency,JP-13,rh
283,4.146409383853525,4.146409383853525,1.5026904934039229e-05,0.9990431442060396,2.014711290915778,high_frequency,JP-13,rh
284,4.131904023687109,4.131904023687109,1.4921951763552619e-05,0.9990580661578031,2.5949786830885833,high_frequency,JP-13,rh
285,4.12540063725759,4.12540063725759,1.4875016090439718e-05,0.9990729411738936,2.598671726755218,high_frequency,JP-13,rh
286,4.121412110909672,4.121412110909672,1.4846267021756335e-05,0.9990877874409153,2.598671726755218,high_frequency,JP-13,rh
287,4.099533287073699,4.099533287073699,1.4689060370497715e-05,0.9991024765012858,2.440089086859688,high_frequency,JP-13,rh
288,4.090560444716282,4.090560444716282,1.4624829458075864e-05,0.9991171013307438,2.440089086859688,high_frequency,JP-13,rh
289,4.089785290865865,4.089785290865865,1.4619287225466508e-05,0.9991317206179693,2.440089086859688,high_frequency,JP-13,rh
290,4.08288868598012,4.08288868598012,1.4570023789246067e-05,0.9991462906417585,2.0956388676358073,high_frequency,JP-13,rh
291,4.078913385378703,4.078913385378703,1.4541665422511368e-05,0.999160832307181,2.083682008368201,high_frequency,JP-13,rh
292,4.055358794047468,4.055358794047468,1.4374202195665144e-05,0.9991752065093766,2.762481089258699,high_frequency,JP-13,rh
293,4.0456067908511635,4.0456067908511635,1.4305153448407109e-05,0.999189511662825,2.691891891891892,high_frequency,JP-13,rh
294,4.035435801327714,4.035435801327714,1.4233315191789358e-05,0.9992037449780168,3.313974591651543,high_frequency,JP-13,rh
295,4.022562278860947,4.022562278860947,1.4142648089411468e-05,0.9992178876261062,2.014711290915778,high_frequency,JP-13,rh
296,4.006315999888252,4.006315999888252,1.4028640447805536e-05,0.999231916266554,2.30264817150063,high_frequency,JP-13,rh
297,4.00323470143275,4.00323470143275,1.4007069605564105e-05,0.9992459233361596,2.30264817150063,high_frequency,JP-13,rh
298,3.9935297221240096,3.9935297221240096,1.393923768750217e-05,0.9992598625738471,3.313974591651543,high_frequency,JP-13,rh
299,3.9768697618334063,3.9768697618334063,1.3823178578364513e-05,0.9992736857524255,2.5267527675276753,high_frequency,JP-13,rh
300,3.961620424876644,3.961620424876644,1.3717371662686276e-05,0.9992874031240881,2.5267527675276753,high_frequency,JP-13,rh
301,3.9566844237555796,3.9566844237555796,1.3683210499583717e-05,0.9993010863345877,2.072644721906924,high_frequency,JP-13,rh
302,3.9547989777462402,3.9547989777462402,1.3670172913065268e-05,0.9993147565075008,2.072644721906924,high_frequency,JP-13,rh
303,3.950168902227759,3.950168902227759,1.363818297746994e-05,0.9993283946904783,2.072644721906924,high_frequency,JP-13,rh
304,3.9171108796439618,3.9171108796439618,1.3410868734376977e-05,0.9993418055592127,2.5778823529411765,high_frequency,JP-13,rh
305,3.9150079182232553,3.9150079182232553,1.3396472936071244e-05,0.9993552020321488,2.5778823529411765,high_frequency,JP-13,rh
306,3.9010385749157734,3.9010385749157734,1.3301042192839538e-05,0.9993685030743417,2.4565022421524665,high_frequency,JP-13,rh
307,3.8569979250365236,3.8569979250365236,1.3002414059911756e-05,0.9993815054884015,2.4565022421524665,high_frequency,JP-13,rh
308,3.8351507992049334,3.8351507992049334,1.2855532537900045e-05,0.9993943610209395,2.448815377738042,high_frequency,JP-13,rh
309,3.8255758353931624,3.8255758353931624,1.2791421576729357e-05,0.9994071524425162,2.3561290322580644,high_frequency,JP-13,rh
310,3.81203497418672,3.81203497418672,1.2701029785551703e-05,0.9994198534723018,2.3561290322580644,high_frequency,JP-13,rh
311,3.803573190923926,3.803573190923926,1.264470602161609e-05,0.9994324981783234,3.0637583892617446,high_frequency,JP-13,rh
312,3.7867581871840894,3.7867581871840894,1.2533152602373033e-05,0.9994450313309258,3.0637583892617446,high_frequency,JP-13,rh
313,3.7788452059033792,3.7788452059033792,1.2480827644102421e-05,0.9994575121585699,3.0637583892617446,high_frequency,JP-13,rh
314,3.7710697963033737,3.7710697963033737,1.242951900209383e-05,0.999469941677572,2.110169491525424,high_frequency,JP-13,rh
315,3.7602334445085237,3.7602334445085237,1.235818798581928e-05,0.9994822998655578,2.0228951255539145,high_frequency,JP-13,rh
316,3.7452477010870084,3.7452477010870084,1.2259881536036555e-05,0.9994945597470939,2.8816412414518675,high_frequency,JP-13,rh
317,3.7429187382162157,3.7429187382162157,1.2244638789245012e-05,0.9995068043858831,2.8816412414518675,high_frequency,JP-13,rh
318,3.7388910210522046,3.7388910210522046,1.221830030316195e-05,0.9995190226861863,2.110169491525424,high_frequency,JP-13,rh
319,3.730892844515532,3.730892844515532,1.216608182591606e-05,0.9995311887680123,2.110169491525424,high_frequency,JP-13,rh
320,3.719180334683761,3.719180334683761,1.2089814997118496e-05,0.9995432785830094,2.0007304601899194,high_frequency,JP-13,rh
321,3.7174989701686982,3.7174989701686982,1.2078886357307781e-05,0.9995553574693667,2.513997246443323,high_frequency,JP-13,rh
322,3.7058504390551703,3.7058504390551703,1.2003308208822281e-05,0.9995673607775756,2.0007304601899194,high_frequency,JP-13,rh
323,3.6889783615161935,3.6889783615161935,1.1894259163434679e-05,0.9995792550367391,2.323155216284987,high_frequency,JP-13,rh
324,3.6883422901051586,3.6883422901051586,1.1890157786186287e-05,0.9995911451945252,2.323155216284987,high_frequency,JP-13,rh
325,3.674014400098714,3.674014400098714,1.1797959197210335e-05,0.9996029431537224,2.1440313111545986,high_frequency,JP-13,rh
326,3.66653205887432,3.66653205887432,1.1749953687744172e-05,0.9996146931074101,2.394230769230769,high_frequency,JP-13,rh
327,3.6640513195112168,3.6640513195112168,1.1734059261435157e-05,0.9996264271666716,2.4026315789473682,high_frequency,JP-13,rh
328,3.659663053878096,3.659663053878096,1.1705969407005744e-05,0.9996381331360786,2.1440313111545986,high_frequency,JP-13,rh
329,3.6317398092107975,3.6317398092107975,1.152801770028341e-05,0.999649661153779,2.0007304601899194,high_frequency,JP-13,rh
330,3.592487808250108,3.592487808250108,1.128017370385349e-05,0.9996609413274828,2.178997613365155,high_frequency,JP-13,rh
331,3.5755664698485403,3.5755664698485403,1.1174160202702126e-05,0.9996721154876855,2.1798647035415835,high_frequency,JP-13,rh
332,3.5693955191360307,3.5693955191360307,1.113562326668676e-05,0.9996832511109522,2.621052631578947,high_frequency,JP-13,rh
333,3.565998179166665,3.565998179166665,1.1114435648866478e-05,0.9996943655466011,2.621052631578947,high_frequency,JP-13,rh
334,3.5282042119619614,3.5282042119619614,1.08800930522783e-05,0.9997052456396534,2.841286307053942,high_frequency,JP-13,rh
335,3.5273391142673756,3.5273391142673756,1.0874758219642944e-05,0.9997161203978729,2.841286307053942,high_frequency,JP-13,rh
336,3.486495274862077,3.486495274862077,1.0624373830305536e-05,0.9997267447717032,2.384849804092294,high_frequency,JP-13,rh
337,3.4786903306057004,3.4786903306057004,1.0576859164284598e-05,0.9997373216308675,2.366306695464363,high_frequency,JP-13,rh
338,3.4756668404451943,3.4756668404451943,1.0558481482254965e-05,0.9997478801123497,2.1947115384615383,high_frequency,JP-13,rh
339,3.473586988087644,3.473586988087644,1.0545848791544362e-05,0.9997584259611413,2.1947115384615383,high_frequency,JP-13,rh
340,3.45270269914441,3.45270269914441,1.0419420134028377e-05,0.9997688453812753,2.0417443160641073,high_frequency,JP-13,rh
341,3.4360620375804274,3.4360620375804274,1.0319227193521556e-05,0.9997791646084688,2.0417443160641073,high_frequency,JP-13,rh
342,3.4266671319908006,3.4266671319908006,1.0262874528176129e-05,0.999789427482997,2.0417443160641073,high_frequency,JP-13,rh
343,3.421386463613092,3.421386463613092,1.0231267677321358e-05,0.9997996587506743,2.1323472168158815,high_frequency,JP-13,rh
344,3.4006309354536395,3.4006309354536395,1.0107510101593465e-05,0.9998097662607759,3.8094575799721833,high_frequency,JP-13,rh
345,3.398832625115421,3.398832625115421,1.0096822888395672e-05,0.9998198630836643,3.8094575799721833,high_frequency,JP-13,rh
346,3.37603112598804,3.37603112598804,9.961805672473342e-06,0.9998298248893368,2.124079100426522,high_frequency,JP-13,rh
347,3.3672506548606753,3.3672506548606753,9.910055201268044e-06,0.999839734944538,2.119969040247678,high_frequency,JP-13,rh
348,3.326261490902016,3.326261490902016,9.670255687839945e-06,0.9998494052002259,2.2891767655662347,high_frequency,JP-13,rh
349,3.3238217465020043,3.3238217465020043,9.656075022998663e-06,0.9998590612752489,2.2891767655662347,high_frequency,JP-13,rh
350,3.3155852428905987,3.3155852428905987,9.608278383188148e-06,0.9998686695536321,2.0547636909227305,high_frequency,JP-13,rh
351,3.2984584497039195,3.2984584497039195,9.509270837574923e-06,0.9998781788244696,2.0539932508436443,high_frequency,JP-13,rh
352,3.2671897362296436,3.2671897362296436,9.329833506005406e-06,0.9998875086579756,2.0326530612244897,high_frequency,JP-13,rh
353,3.2592308758184347,3.2592308758184347,9.284433999836438e-06,0.9998967930919754,2.050917259453388,high_frequency,JP-13,rh
354,3.249547375420579,3.249547375420579,9.229345996459779e-06,0.9999060224379719,2.1566929133858266,high_frequency,JP-13,rh
355,3.2379613724535257,3.2379613724535257,9.163650322345844e-06,0.9999151860882942,2.1566929133858266,high_frequency,JP-13,rh
356,3.2314618451017134,3.2314618451017134,9.126899038077902e-06,0.9999243129873323,2.853125,high_frequency,JP-13,rh
357,3.231155331561117,3.231155331561117,9.125167694434338e-06,0.9999334381550268,2.853125,high_frequency,JP-13,rh
358,3.225460033998616,3.225460033998616,9.093027646773564e-06,0.9999425311826735,2.375542064180399,high_frequency,JP-13,rh
359,3.223348838711497,3.223348838711497,9.081128026719585e-06,0.9999516123107002,2.375542064180399,high_frequency,JP-13,rh
360,3.10738930175042,3.10738930175042,8.439496043278874e-06,0.9999600518067434,2.168646080760095,high_frequency,JP-13,rh
361,3.1022409392639436,3.1022409392639436,8.41155387916409e-06,0.9999684633606226,2.168646080760095,high_frequency,JP-13,rh
362,3.027118475594024,3.027118475594024,8.009105583786525e-06,0.9999764724662064,2.211546225272507,high_frequency,JP-13,rh
363,3.0231919692028364,3.0231919692028364,7.98834167323512e-06,0.9999844608078796,2.211546225272507,high_frequency,JP-13,rh
364,2.9910060476590683,2.9910060476590683,7.819153947357714e-06,0.9999922799618269,2.279650436953808,high_frequency,JP-13,rh
365,2.971988558195434,2.971988558195434,7.72003817208876e-06,0.999999999999999,2.279650436953808,high_frequency,JP-13,rh
