variable,component,mean_period_days,median_period_days,min_period_days,max_period_days,n_series
ah,annual,341.3333333333333,341.3333333333333,341.3333333333333,341.3333333333333,46
ah,high_frequency,5.495401817601844,5.475935828877005,4.654545454545454,6.87248322147651,46
ah,noise,2.319827554840752,2.2831661092530657,2.015748031496063,2.951008645533141,46
ah,original,341.3333333333333,341.3333333333333,341.3333333333333,341.3333333333333,46
ah,reconstructed_signal,341.3333333333333,341.3333333333333,341.3333333333333,341.3333333333333,46
ah,reconstruction_residual,2.319827554840752,2.2831661092530657,2.015748031496063,2.951008645533141,46
ah,seasonal_subannual,120.47058823529413,120.47058823529412,120.47058823529412,120.47058823529412,46
ah,semiannual,186.1818181818182,186.1818181818182,186.1818181818182,186.1818181818182,46
ah,subseasonal,16.493610306219654,17.35593220338983,7.816793893129771,29.257142857142856,46
ah,trend,1024.0,1024.0,1024.0,1024.0,12
c2w_event,annual,350.3407407407407,341.3333333333333,146.28571428571428,512.0,36
c2w_event,high_frequency,2.9727822596102933,2.6753858440787184,2.0019550342130987,6.671009771986971,46
c2w_event,interannual,593.6761904761905,512.0,409.6,1024.0,28
c2w_event,original,20.849578466000473,3.322033541542785,2.05005005005005,341.3333333333333,46
c2w_event,reconstructed_signal,20.849578466000473,3.322033541542785,2.05005005005005,341.3333333333333,46
c2w_event,reconstruction_residual,47.60765731718137,5.1721124571661505,2.0019550342130987,1024.0,46
c2w_event,seasonal_subannual,69.12556056608697,61.14795008912656,32.0,136.53333333333333,46
c2w_event,semiannual,199.2508438421482,186.1818181818182,22.755555555555556,341.3333333333333,46
c2w_event,subseasonal,13.025533979783576,14.422535211267606,7.062068965517241,23.01123595505618,46
c2w_event,trend,1024.0,1024.0,1024.0,1024.0,21
c2w_transition_intensity,annual,347.8349206349206,341.3333333333333,292.57142857142856,409.6,33
c2w_transition_intensity,high_frequency,2.941716941101262,2.6009379374407335,2.0019550342130987,6.671009771986971,46
c2w_transition_intensity,interannual,594.5806451612904,512.0,512.0,1024.0,31
c2w_transition_intensity,original,21.203146048266,3.4307264074705937,2.05005005005005,341.3333333333333,46
c2w_transition_intensity,reconstructed_signal,21.203146048266,3.4307264074705937,2.05005005005005,341.3333333333333,46
c2w_transition_intensity,reconstruction_residual,20.61152831659591,5.008412807557775,2.0019550342130987,512.0,46
c2w_transition_intensity,seasonal_subannual,71.91547211006194,62.06060606060606,33.03225806451613,136.53333333333333,46
c2w_transition_intensity,semiannual,194.81902788569457,186.1818181818182,31.50769230769231,341.3333333333333,45
c2w_transition_intensity,subseasonal,12.862153990600659,14.473678953151534,7.062068965517241,24.094117647058823,46
c2w_transition_intensity,trend,1024.0,1024.0,1024.0,1024.0,23
cases,annual,341.3333333333333,341.3333333333333,341.3333333333333,341.3333333333333,46
cases,high_frequency,4.1117413484180085,3.4626831541095697,2.0019550342130987,7.013698630136986,46
cases,original,341.3333333333333,341.3333333333333,341.3333333333333,341.3333333333333,46
cases,reconstructed_signal,341.3333333333333,341.3333333333333,341.3333333333333,341.3333333333333,46
cases,reconstruction_residual,247.3540077969756,341.3333333333333,2.34324942791762,409.6,46
cases,seasonal_subannual,91.12594176478095,93.0909090909091,34.71186440677966,120.47058823529412,46
cases,semiannual,184.27226107226107,186.1818181818182,157.53846153846155,186.1818181818182,45
cases,subseasonal,10.93865045317384,9.741582681791476,6.989761092150171,20.277227722772277,46
cases,trend,682.6666666666666,682.6666666666666,682.6666666666666,682.6666666666666,1
incidence_per_100k,annual,341.3333333333333,341.3333333333333,341.3333333333333,341.3333333333333,46
incidence_per_100k,high_frequency,4.1694770999704955,3.4978676234648933,2.0019550342130987,7.013698630136986,46
incidence_per_100k,original,341.3333333333333,341.3333333333333,341.3333333333333,341.3333333333333,46
incidence_per_100k,reconstructed_signal,341.3333333333333,341.3333333333333,341.3333333333333,341.3333333333333,46
incidence_per_100k,reconstruction_residual,246.05760512099238,341.3333333333333,2.0019550342130987,341.3333333333333,46
incidence_per_100k,seasonal_subannual,91.47576700279816,93.0909090909091,30.567164179104477,120.47058823529412,46
incidence_per_100k,semiannual,184.96857731640338,186.1818181818182,146.28571428571428,227.55555555555551,46
incidence_per_100k,subseasonal,11.262964858518046,9.636263226490534,6.989761092150171,23.272727272727273,46
incidence_per_100k,trend,682.6666666666666,682.6666666666666,682.6666666666666,682.6666666666666,1
nw_wind,annual,341.3333333333333,341.3333333333333,341.3333333333333,341.3333333333333,46
nw_wind,high_frequency,5.245328119585962,5.3194805194805195,3.1124620060790273,6.671009771986971,46
nw_wind,original,341.3333333333333,341.3333333333333,341.3333333333333,341.3333333333333,46
nw_wind,reconstructed_signal,341.3333333333333,341.3333333333333,341.3333333333333,341.3333333333333,46
nw_wind,reconstruction_residual,302.4330292636399,341.3333333333333,2.4009378663540444,341.3333333333333,46
nw_wind,seasonal_subannual,82.77489691957734,89.04347826086956,45.51111111111111,120.47058823529412,46
nw_wind,semiannual,185.61425537425538,186.1818181818182,157.53846153846155,204.8,45
nw_wind,subseasonal,14.246294934111543,11.83815028901734,7.366906474820144,24.094117647058823,46
nw_wind,trend,884.3636363636364,1024.0,341.3333333333333,1024.0,22
rh,annual,341.3333333333333,341.3333333333333,341.3333333333333,341.3333333333333,46
rh,high_frequency,4.8251898121220576,4.882064803554989,3.506849315068493,6.671009771986971,46
rh,original,341.3333333333333,341.3333333333333,341.3333333333333,341.3333333333333,46
rh,reconstructed_signal,341.3333333333333,341.3333333333333,341.3333333333333,341.3333333333333,46
rh,reconstruction_residual,173.7092194066336,135.75757575757575,2.6841415465268676,409.6,46
rh,seasonal_subannual,101.04144557519405,120.47058823529412,73.14285714285714,120.47058823529412,46
rh,semiannual,185.5072463768116,186.1818181818182,170.66666666666666,186.1818181818182,46
rh,subseasonal,10.62484840454252,8.258064516129032,7.816793893129771,28.054794520547944,46
rh,trend,1024.0,1024.0,1024.0,1024.0,6
t2m,annual,341.3333333333333,341.3333333333333,341.3333333333333,341.3333333333333,46
t2m,high_frequency,5.298614774878489,5.43236074270557,4.19672131147541,6.69281045751634,46
t2m,noise,2.4146727673632378,2.377249785093144,2.048,3.4133333333333336,46
t2m,original,341.3333333333333,341.3333333333333,341.3333333333333,341.3333333333333,46
t2m,reconstructed_signal,341.3333333333333,341.3333333333333,341.3333333333333,341.3333333333333,46
t2m,reconstruction_residual,2.4146727673632378,2.377249785093144,2.048,3.4133333333333336,46
t2m,seasonal_subannual,113.53829698230898,120.47058823529412,44.52173913043478,120.47058823529412,46
t2m,semiannual,186.1818181818182,186.1818181818182,186.1818181818182,186.1818181818182,46
t2m,subseasonal,17.634362151063527,14.628571428571428,8.325203252032521,29.257142857142856,46
t2m,trend,1024.0,1024.0,1024.0,1024.0,10
t2m_std_anom,annual,345.1259259259259,341.3333333333333,341.3333333333333,409.6,18
t2m_std_anom,high_frequency,6.6746758716162695,6.714754098360656,6.282208588957055,6.942372881355932,46
t2m_std_anom,interannual,334.7692307692308,341.3333333333333,204.8,682.6666666666666,26
t2m_std_anom,noise,2.5504778396734067,2.2555066079295156,2.1069958847736627,5.3194805194805195,46
t2m_std_anom,original,341.5453416149068,292.57142857142856,204.8,1024.0,46
t2m_std_anom,reconstructed_signal,341.5453416149068,292.57142857142856,204.8,1024.0,46
t2m_std_anom,reconstruction_residual,2.5504778396734067,2.2555066079295156,2.1069958847736627,5.3194805194805195,46
t2m_std_anom,seasonal_subannual,92.28281448446332,97.52380952380952,44.52173913043478,107.78947368421052,46
t2m_std_anom,semiannual,262.80961704961703,292.57142857142856,157.53846153846155,341.3333333333333,45
t2m_std_anom,subseasonal,22.419099762782125,23.54022988505747,14.628571428571428,29.257142857142856,46
t2m_std_anom,trend,384.0,292.57142857142856,292.57142857142856,1024.0,8
tp,annual,350.2376811594203,341.3333333333333,341.3333333333333,409.6,46
tp,high_frequency,5.27104200833085,5.11367972169229,3.6441281138790034,6.671009771986971,46
tp,original,330.23779019581116,341.3333333333333,70.62068965517241,409.6,46
tp,reconstructed_signal,330.23779019581116,341.3333333333333,70.62068965517241,409.6,46
tp,reconstruction_residual,183.35160678440144,89.21212121212122,2.0019550342130987,409.6,46
tp,seasonal_subannual,73.68531265572095,70.62068965517241,32.507936507936506,120.47058823529412,46
tp,semiannual,183.13713545713546,186.1818181818182,157.53846153846155,204.8,45
tp,subseasonal,12.488716291241397,10.901327897165832,7.086505190311419,27.30666666666667,46
tp,trend,887.4666666666666,1024.0,682.6666666666666,1024.0,5
w2c_event,annual,353.63990929705216,341.3333333333333,292.57142857142856,512.0,42
w2c_event,high_frequency,3.223490529213899,3.1315057924084964,2.017733990147783,6.38006230529595,46
w2c_event,interannual,457.6716181422064,512.0,7.529411764705882,682.6666666666666,9
w2c_event,original,8.0165206069747,4.345615812581098,2.0357852882703775,29.257142857142856,46
w2c_event,reconstructed_signal,8.0165206069747,4.345615812581098,2.0357852882703775,29.257142857142856,46
w2c_event,reconstruction_residual,16.765167777003473,4.491422470386242,2.087665647298675,341.3333333333333,46
w2c_event,seasonal_subannual,60.70562342221885,61.14795008912656,29.681159420289855,146.28571428571428,46
w2c_event,semiannual,208.8243273634578,186.1818181818182,157.53846153846155,682.6666666666666,46
w2c_event,subseasonal,14.407274087787933,15.63358778625954,7.474452554744525,29.257142857142856,46
w2c_event,trend,1024.0,1024.0,1024.0,1024.0,1
w2c_transition_intensity,annual,354.1475083056478,341.3333333333333,292.57142857142856,512.0,43
w2c_transition_intensity,high_frequency,3.4228076416551003,3.2800311852444555,2.019723865877712,6.989761092150171,46
w2c_transition_intensity,interannual,478.1609195402299,512.0,70.62068965517241,682.6666666666666,8
w2c_transition_intensity,original,8.155090497490585,4.876439274112625,2.0357852882703775,29.257142857142856,46
w2c_transition_intensity,reconstructed_signal,8.155090497490585,4.876439274112625,2.0357852882703775,29.257142857142856,46
w2c_transition_intensity,reconstruction_residual,19.19477988266271,4.546015282770542,2.077079107505071,341.3333333333333,46
w2c_transition_intensity,seasonal_subannual,54.96795544833988,55.351351351351354,29.681159420289855,146.28571428571428,46
w2c_transition_intensity,semiannual,187.28253306482068,186.1818181818182,2.0337636544190665,292.57142857142856,44
w2c_transition_intensity,subseasonal,14.155768088888586,15.574369650705528,8.291497975708502,29.257142857142856,46
w2c_transition_intensity,trend,1024.0,1024.0,1024.0,1024.0,1
