variable,component,band,mean_band_power_fraction,median_band_power_fraction,min_band_power_fraction,max_band_power_fraction
ah,annual,annual_300_430_days,0.9507514016445665,0.9509923543482559,0.9469710875054356,0.9533804929982552
ah,high_frequency,high_frequency_2_7_days,0.9793937949133441,0.9813090173683418,0.9624243009699652,0.991841302404909
ah,noise,high_frequency_2_7_days,0.9999999283422198,0.9999999317082395,0.9999998303950818,0.9999999810798346
ah,original,annual_300_430_days,0.8188408351217057,0.8159605272827227,0.7446179201756344,0.8410877705003384
ah,reconstructed_signal,annual_300_430_days,0.8218204323769361,0.8192788737872914,0.7463134230549309,0.8450589501007527
ah,reconstruction_residual,high_frequency_2_7_days,0.9999999283422198,0.9999999317082395,0.9999998303950818,0.9999999810798345
ah,seasonal_subannual,seasonal_30_150_days,0.9738080406852617,0.9766293231493296,0.886872433119809,0.9916084957491054
ah,semiannual,semiannual_150_300_days,0.9886944004521969,0.9957956790081034,0.6747408268459164,0.9969352019222948
ah,subseasonal,subseasonal_7_30_days,0.9655109644597786,0.9672765939076956,0.937270445855608,0.9838896002595808
ah,trend,interannual_1_3_years,0.5812286023911472,0.5726808977649522,0.4598417041643182,0.707618150430243
c2w_event,annual,annual_300_430_days,0.4265407026981507,0.4058372695803145,0.1657600725729228,0.7505314194540958
c2w_event,high_frequency,high_frequency_2_7_days,0.9770309653347572,0.9778603168238854,0.9681288389656444,0.9872155518793164
c2w_event,interannual,interannual_1_3_years,0.6420615096972017,0.625037633468246,0.3843887072688945,0.9140396167849588
c2w_event,original,high_frequency_2_7_days,0.7205800048687216,0.7211307915041981,0.7137312724109351,0.7236049211349063
c2w_event,reconstructed_signal,high_frequency_2_7_days,0.7205800048687216,0.7211307915041982,0.7137312724109351,0.7236049211349063
c2w_event,reconstruction_residual,high_frequency_2_7_days,0.7046437387842986,0.6999910063277426,0.6418907879034311,0.7810107929401249
c2w_event,seasonal_subannual,seasonal_30_150_days,0.9026795662704548,0.9077953046378127,0.7714164303456342,0.9759591019871418
c2w_event,semiannual,semiannual_150_300_days,0.7687823976154174,0.8319534378836452,0.2586512292619202,0.9613510373254056
c2w_event,subseasonal,subseasonal_7_30_days,0.9351084117268592,0.9364851716101747,0.905965266279302,0.9642792734198709
c2w_event,trend,interannual_1_3_years,0.6009864415479532,0.6284745385846485,0.275354607542189,0.8246817590709122
c2w_transition_intensity,annual,annual_300_430_days,0.44072567055041656,0.4253201290255747,0.2490480922303809,0.7596947339787059
c2w_transition_intensity,high_frequency,high_frequency_2_7_days,0.9768532145404043,0.9785716509984386,0.9608000779904312,0.9882264552546568
c2w_transition_intensity,interannual,interannual_1_3_years,0.64068569170437,0.6635552805858883,0.2255900316765121,0.9042529482251396
c2w_transition_intensity,original,high_frequency_2_7_days,0.7205866066287653,0.7211338502679603,0.7140721996184222,0.7234838216303713
c2w_transition_intensity,reconstructed_signal,high_frequency_2_7_days,0.7205866066287653,0.7211338502679603,0.714072199618422,0.7234838216303711
c2w_transition_intensity,reconstruction_residual,high_frequency_2_7_days,0.7035183448277575,0.7039628750071822,0.5986312643637671,0.7683695771927219
c2w_transition_intensity,seasonal_subannual,seasonal_30_150_days,0.8996487687167201,0.907207101079745,0.7656867327517621,0.9570237620947916
c2w_transition_intensity,semiannual,semiannual_150_300_days,0.7771087599880231,0.8140278268436951,0.4021976794466673,0.9732275471112516
c2w_transition_intensity,subseasonal,subseasonal_7_30_days,0.9355686730133811,0.9360393010982946,0.8938524127337953,0.9625942096428322
c2w_transition_intensity,trend,interannual_1_3_years,0.6042471825824829,0.6272686329558056,0.2782590168454299,0.8409132243172559
cases,annual,annual_300_430_days,0.9358771923639785,0.9398742680324099,0.8369791875439342,0.9578163432311988
cases,high_frequency,high_frequency_2_7_days,0.9665710494969967,0.9676082087286864,0.944734324406552,0.9797272458736298
cases,original,high_frequency_2_7_days,0.5809444183689514,0.5984731183224317,0.3066662247955097,0.6786662172671202
cases,reconstructed_signal,high_frequency_2_7_days,0.5809444183689514,0.5984731183224318,0.3066662247955098,0.6786662172671202
cases,reconstruction_residual,high_frequency_2_7_days,0.6534211893226898,0.6761631877448673,0.4642438262555557,0.7362334724904346
cases,seasonal_subannual,seasonal_30_150_days,0.9392721589547144,0.9455877183317711,0.8409441508079981,0.994420458022937
cases,semiannual,semiannual_150_300_days,0.9260014648881844,0.9781710347337768,0.4226789478450278,0.9957127237052096
cases,subseasonal,subseasonal_7_30_days,0.9068599813784237,0.9101586196350189,0.828105408268534,0.9465576661639642
cases,trend,low_frequency_gt_3_years,0.686383058545913,0.6683119701924956,0.4500792505192583,0.8735727112930131
incidence_per_100k,annual,annual_300_430_days,0.9362528742627924,0.9403800450918385,0.8348118150826193,0.9582503167926008
incidence_per_100k,high_frequency,high_frequency_2_7_days,0.9674716642787713,0.9697159299069675,0.9479287931981591,0.9779366407506018
incidence_per_100k,original,high_frequency_2_7_days,0.5804394087885337,0.5967522736500671,0.3094034136894784,0.6791269090024922
incidence_per_100k,reconstructed_signal,high_frequency_2_7_days,0.5804394087885337,0.596752273650067,0.3094034136894783,0.6791269090024922
incidence_per_100k,reconstruction_residual,high_frequency_2_7_days,0.6502071357973433,0.6641315108993351,0.4423052914274717,0.7221774133148102
incidence_per_100k,seasonal_subannual,seasonal_30_150_days,0.9373715653052311,0.9464540302775644,0.8445318684518099,0.9938169425054644
incidence_per_100k,semiannual,semiannual_150_300_days,0.9043988953765723,0.9775610855977037,0.3320990070151653,0.995695791165972
incidence_per_100k,subseasonal,subseasonal_7_30_days,0.9044647048687572,0.9081644290356372,0.828547153844374,0.955572507350542
incidence_per_100k,trend,low_frequency_gt_3_years,0.6999517977898928,0.6785038474277832,0.467486480483943,0.8829448972668151
nw_wind,annual,annual_300_430_days,0.9447755348913737,0.9469796322995938,0.8935328527461243,0.9536453204935336
nw_wind,high_frequency,high_frequency_2_7_days,0.9717517254943729,0.9724641211813978,0.9536788866218828,0.9931554478572074
nw_wind,original,high_frequency_2_7_days,0.45360646250611464,0.45102982637461486,0.3563735521692606,0.603032745866508
nw_wind,reconstructed_signal,high_frequency_2_7_days,0.45360646250611464,0.451029826374615,0.3563735521692605,0.6030327458665079
nw_wind,reconstruction_residual,high_frequency_2_7_days,0.5332440473082266,0.5550364779536839,0.1521851426498353,0.7148191953646269
nw_wind,seasonal_subannual,seasonal_30_150_days,0.9329232726071871,0.9412133005192843,0.8135223334665133,0.98625179857004
nw_wind,semiannual,semiannual_150_300_days,0.8522193893087673,0.9132549077912836,0.372895581605558,0.9964480664164116
nw_wind,subseasonal,subseasonal_7_30_days,0.9344579686460517,0.9355218901367925,0.8980918831179338,0.9655458679725808
nw_wind,trend,interannual_1_3_years,0.5836489207982543,0.5535021009087788,0.3053596303937988,0.8499100069592983
rh,annual,annual_300_430_days,0.9289542505267,0.9332061160615562,0.8816158137145577,0.951275822687718
rh,high_frequency,high_frequency_2_7_days,0.9767187376200969,0.9769865825737116,0.963679525473578,0.9902735121234864
rh,original,high_frequency_2_7_days,0.383631647858961,0.3809488423836697,0.1757581144657871,0.490138024812555
rh,reconstructed_signal,high_frequency_2_7_days,0.3836316478589609,0.38094884238366966,0.1757581144657873,0.4901380248125551
rh,reconstruction_residual,high_frequency_2_7_days,0.7075728912109938,0.7069460540133008,0.6802371845904776,0.7319955645665361
rh,seasonal_subannual,seasonal_30_150_days,0.9701130838223123,0.9733617709261457,0.9161946132766324,0.989595552244581
rh,semiannual,semiannual_150_300_days,0.9465740641105265,0.9752921006989566,0.5564170094245209,0.9973337983536588
rh,subseasonal,subseasonal_7_30_days,0.9384214085970991,0.9380376085089703,0.8878266649400229,0.9726186700351608
rh,trend,interannual_1_3_years,0.5176955906130326,0.4989044516800861,0.3468744596745843,0.7289472479049305
t2m,annual,annual_300_430_days,0.9519361661053564,0.952133252751566,0.949209162291438,0.9529879532498308
t2m,high_frequency,high_frequency_2_7_days,0.9842311061136877,0.986106440494787,0.9649036817577707,0.9966160121870088
t2m,noise,high_frequency_2_7_days,0.999999915781012,0.999999928696585,0.9999995162325588,0.9999999801858724
t2m,original,annual_300_430_days,0.8687676811622644,0.8716688197890838,0.8140887808121197,0.8845109887285987
t2m,reconstructed_signal,annual_300_430_days,0.8726700754673421,0.8756708312732491,0.816278851567368,0.8891970809479625
t2m,reconstruction_residual,high_frequency_2_7_days,0.999999915781012,0.999999928696585,0.9999995162325586,0.9999999801858724
t2m,seasonal_subannual,seasonal_30_150_days,0.9604619491289819,0.9646348589103687,0.9129506068197176,0.989861953028421
t2m,semiannual,semiannual_150_300_days,0.9686670019656417,0.9814708817809762,0.6299931907869799,0.9954757309732244
t2m,subseasonal,subseasonal_7_30_days,0.9594053856492271,0.963076681567241,0.9237117022776355,0.9820251610872864
t2m,trend,interannual_1_3_years,0.5555588064081703,0.5605086613614911,0.3367070240465228,0.7434782879763816
t2m_std_anom,annual,annual_300_430_days,0.5674592341433327,0.5861033275016584,0.3750223753055773,0.6504259968274358
t2m_std_anom,high_frequency,high_frequency_2_7_days,0.9910652957079296,0.9945930202456452,0.9493365051046666,0.9997550737560588
t2m_std_anom,interannual,interannual_1_3_years,0.43644736514459076,0.42268599565613996,0.237663918988493,0.708971148639103
t2m_std_anom,noise,high_frequency_2_7_days,0.9999999198933388,0.9999999270879738,0.9999998424360366,0.999999966295402
t2m_std_anom,original,subseasonal_7_30_days,0.46512297160743166,0.4674962082394782,0.4131458475270096,0.4968888515395409
t2m_std_anom,reconstructed_signal,subseasonal_7_30_days,0.4656944450002491,0.46806904226594104,0.4135270008615201,0.4974894816471439
t2m_std_anom,reconstruction_residual,high_frequency_2_7_days,0.9999999198933388,0.9999999270879737,0.9999998424360366,0.9999999662954018
t2m_std_anom,seasonal_subannual,seasonal_30_150_days,0.9301339025579828,0.9360041110703172,0.8503007452702355,0.9821166145514948
t2m_std_anom,semiannual,semiannual_150_300_days,0.6687371080141907,0.642656109422011,0.3795893758041535,0.96379438452284
t2m_std_anom,subseasonal,subseasonal_7_30_days,0.962941904432498,0.9655488754622128,0.92791034786025,0.989516980178149
t2m_std_anom,trend,low_frequency_gt_3_years,0.5021482545559077,0.484119275239035,0.2397535849775342,0.7101339030751254
tp,annual,annual_300_430_days,0.8631336625792411,0.888029734313224,0.5798500500646075,0.934606861963714
tp,high_frequency,high_frequency_2_7_days,0.9763333496246116,0.9771800217493216,0.9635056210978834,0.991138786074116
tp,original,high_frequency_2_7_days,0.4845070645574141,0.49182203406335995,0.4082147717857922,0.5295293570231167
tp,reconstructed_signal,high_frequency_2_7_days,0.4845070645574141,0.49182203406336,0.4082147717857922,0.5295293570231165
tp,reconstruction_residual,high_frequency_2_7_days,0.6240326852977894,0.6284364193940423,0.4693728493050916,0.7258199835550152
tp,seasonal_subannual,seasonal_30_150_days,0.9361954937077599,0.9470357124620302,0.7840846482456116,0.9903326878231818
tp,semiannual,semiannual_150_300_days,0.7421266167124599,0.7786901722096357,0.3974680649023497,0.977269722626856
tp,subseasonal,subseasonal_7_30_days,0.9362364874927868,0.9397403372588671,0.8861587991044788,0.9709516916743924
tp,trend,low_frequency_gt_3_years,0.5123727949999266,0.49953692473158523,0.3316545631268736,0.6946861765237253
w2c_event,annual,annual_300_430_days,0.40113303998667454,0.42169084486893327,0.1339534779838327,0.6293301107620483
w2c_event,high_frequency,high_frequency_2_7_days,0.973143519867901,0.9744982912671429,0.9580996500459962,0.9830753483638668
w2c_event,interannual,interannual_1_3_years,0.43142844075949555,0.4318133932413365,0.2688122555355773,0.7167340347368363
w2c_event,original,high_frequency_2_7_days,0.7197448181608533,0.7197984443295387,0.7151971450068095,0.7233495493858187
w2c_event,reconstructed_signal,high_frequency_2_7_days,0.7197448181608533,0.7197984443295389,0.7151971450068094,0.7233495493858187
w2c_event,reconstruction_residual,high_frequency_2_7_days,0.70459512361262,0.7107637092663979,0.6362879952824287,0.7553670328161366
w2c_event,seasonal_subannual,seasonal_30_150_days,0.8970584458328553,0.8980254049689362,0.7692268962300592,0.9613924344193268
w2c_event,semiannual,semiannual_150_300_days,0.7326045663961677,0.7455842447829282,0.3256417936966246,0.9620718687674412
w2c_event,subseasonal,subseasonal_7_30_days,0.916754143592061,0.9195985803479361,0.8708526420087822,0.9530325787843804
w2c_event,trend,low_frequency_gt_3_years,0.5456375910522145,0.5563968675885658,0.2686684943623125,0.7385168464642736
w2c_transition_intensity,annual,annual_300_430_days,0.4115885165317311,0.3833749277381922,0.0635345437080211,0.643612713482534
w2c_transition_intensity,high_frequency,high_frequency_2_7_days,0.9718147284712456,0.9734590345462466,0.9551175536773304,0.9853013178073328
w2c_transition_intensity,interannual,interannual_1_3_years,0.5615934485251506,0.582091685488008,0.3335271037907817,0.7461735510426217
w2c_transition_intensity,original,high_frequency_2_7_days,0.7195743583401052,0.7196546658896608,0.7148296287653271,0.7236473421067373
w2c_transition_intensity,reconstructed_signal,high_frequency_2_7_days,0.7195743583401052,0.7196546658896609,0.7148296287653271,0.7236473421067372
w2c_transition_intensity,reconstruction_residual,high_frequency_2_7_days,0.7034865172804695,0.7133890564173264,0.616293657231463,0.7693243648837668
w2c_transition_intensity,seasonal_subannual,seasonal_30_150_days,0.8983273135764895,0.9105355687115998,0.7425800655723045,0.9671069381287704
w2c_transition_intensity,semiannual,semiannual_150_300_days,0.7358520813986016,0.7698994628236131,0.1532308868472633,0.9675930462444826
w2c_transition_intensity,subseasonal,subseasonal_7_30_days,0.919734585634435,0.9236206470164436,0.8715719546835461,0.95387473386264
w2c_transition_intensity,trend,low_frequency_gt_3_years,0.555305484359457,0.5616778236909523,0.2553156313061103,0.7257736569779077
