prefecture_code,year,population
JP-01,1975,5337119.0
JP-01,1976,5392635.6
JP-01,1977,5435647.2
JP-01,1978,5478658.8
JP-01,1979,5521670.4
JP-01,1980,5573814.0
JP-01,1981,5607042.0
JP-01,1982,5635244.0
JP-01,1983,5658446.0
JP-01,1984,5675648.0
JP-01,1985,5678108.0
JP-01,1986,5679463.4
JP-01,1987,5669076.8
JP-01,1988,5668690.2
JP-01,1989,5668303.6
JP-01,1990,5633735.0
JP-01,1991,5649618.6
JP-01,1992,5659320.2
JP-01,1993,5664021.8
JP-01,1994,5672723.4
JP-01,1995,5686215.0
JP-01,1996,5694802.6
JP-01,1997,5697180.2
JP-01,1998,5696557.8
JP-01,1999,5691935.4
JP-01,2000,5656286.0
JP-01,2001,5680675.2
JP-01,2002,5670037.4
JP-01,2003,5656399.6
JP-01,2004,5642761.8
JP-01,2005,5619677.0
JP-01,2006,5600160.6
JP-01,2007,5568197.2
JP-01,2008,5531233.8
JP-01,2009,5498270.4
JP-01,2010,5495553.0
JP-01,2011,5485795.6
JP-01,2012,5451284.2
JP-01,2013,5425772.8
JP-01,2014,5393261.4
JP-01,2015,5354652.0
JP-01,2016,5344787.0
JP-01,2017,5310824.0
JP-01,2018,5272861.0
JP-01,2019,5236898.0
JP-01,2020,5161662.0
JP-02,1975,1468504.0
JP-02,1976,1479498.2
JP-02,1977,1493251.4
JP-02,1978,1505004.6
JP-02,1979,1510757.8
JP-02,1980,1523751.0
JP-02,1981,1528002.0
JP-02,1982,1527433.0
JP-02,1983,1530864.0
JP-02,1984,1529295.0
JP-02,1985,1524410.0
JP-02,1986,1521613.2
JP-02,1987,1512500.4
JP-02,1988,1511387.6
JP-02,1989,1505274.8
JP-02,1990,1481633.0
JP-02,1991,1473397.2
JP-02,1992,1469632.4
JP-02,1993,1470867.6
JP-02,1994,1470102.8
JP-02,1995,1480424.0
JP-02,1996,1481570.4
JP-02,1997,1482802.8
JP-02,1998,1478035.2
JP-02,1999,1481267.6
JP-02,2000,1474806.0
JP-02,2001,1472295.6
JP-02,2002,1473091.2
JP-02,2003,1465886.8
JP-02,2004,1456682.4
JP-02,2005,1436173.0
JP-02,2006,1422178.0
JP-02,2007,1408878.0
JP-02,2008,1393578.0
JP-02,2009,1380278.0
JP-02,2010,1367823.0
JP-02,2011,1359657.2
JP-02,2012,1348336.4
JP-02,2013,1335015.6
JP-02,2014,1319694.8
JP-02,2015,1296476.0
JP-02,2016,1288849.8
JP-02,2017,1275325.6
JP-02,2018,1257801.4
JP-02,2019,1244277.2
JP-02,2020,1217508.0
JP-03,1975,1385442.0
JP-03,1976,1394394.6
JP-03,1977,1397395.2
JP-03,1978,1406395.8
JP-03,1979,1409396.4
JP-03,1980,1421799.0
JP-03,1981,1426425.8
JP-03,1982,1428089.6
JP-03,1983,1427753.4
JP-03,1984,1432417.2
JP-03,1985,1433594.0
JP-03,1986,1429045.2
JP-03,1987,1425009.4
JP-03,1988,1422973.6
JP-03,1989,1415937.8
JP-03,1990,1416576.0
JP-03,1991,1414422.8
JP-03,1992,1412943.6
JP-03,1993,1413464.4
JP-03,1994,1413985.2
JP-03,1995,1419361.0
JP-03,1996,1419343.4
JP-03,1997,1419180.8
JP-03,1998,1418018.2
JP-03,1999,1414855.6
JP-03,2000,1415502.0
JP-03,2001,1416746.2
JP-03,2002,1407799.4
JP-03,2003,1400852.6
JP-03,2004,1390905.8
JP-03,2005,1380514.0
JP-03,2006,1374067.4
JP-03,2007,1363175.8
JP-03,2008,1352284.2
JP-03,2009,1340392.6
JP-03,2010,1324581.0
JP-03,2011,1312508.6
JP-03,2012,1302516.2
JP-03,2013,1293523.8
JP-03,2014,1284531.4
JP-03,2015,1271728.0
JP-03,2016,1266647.8
JP-03,2017,1251756.6
JP-03,2018,1234865.4
JP-03,2019,1223974.2
JP-03,2020,1194695.0
JP-04,1975,1954590.0
JP-04,1976,1983138.2
JP-04,1977,2007271.4
JP-04,1978,2031404.6
JP-04,1979,2054537.8
JP-04,1980,2080720.0
JP-04,1981,2106482.4
JP-04,1982,2124288.8
JP-04,1983,2144095.2
JP-04,1984,2159901.6
JP-04,1985,2175147.0
JP-04,1986,2189280.8
JP-04,1987,2207853.6
JP-04,1988,2222426.4
JP-04,1989,2235999.2
JP-04,1990,2241479.0
JP-04,1991,2264939.0
JP-04,1992,2277306.0
JP-04,1993,2287673.0
JP-04,1994,2300040.0
JP-04,1995,2327287.0
JP-04,1996,2341241.6
JP-04,1997,2349076.2
JP-04,1998,2354910.8
JP-04,1999,2360745.4
JP-04,2000,2364337.0
JP-04,2001,2367809.4
JP-04,2002,2370038.8
JP-04,2003,2375268.2
JP-04,2004,2373497.6
JP-04,2005,2354063.0
JP-04,2006,2356298.0
JP-04,2007,2345869.0
JP-04,2008,2340440.0
JP-04,2009,2331011.0
JP-04,2010,2329958.0
JP-04,2011,2326523.6
JP-04,2012,2324465.2
JP-04,2013,2328406.8
JP-04,2014,2326348.4
JP-04,2015,2283628.0
JP-04,2016,2327513.2
JP-04,2017,2311736.4
JP-04,2018,2304959.6
JP-04,2019,2300182.8
JP-04,2020,2252924.0
JP-05,1975,1232434.0
JP-05,1976,1240747.4
JP-05,1977,1243327.8
JP-05,1978,1247908.2
JP-05,1979,1249488.6
JP-05,1980,1256658.0
JP-05,1981,1255258.8
JP-05,1982,1257764.6
JP-05,1983,1253270.4
JP-05,1984,1252776.2
JP-05,1985,1253949.0
JP-05,1986,1250092.2
JP-05,1987,1245902.4
JP-05,1988,1238712.6
JP-05,1989,1232522.8
JP-05,1990,1227033.0
JP-05,1991,1223616.8
JP-05,1992,1218900.6
JP-05,1993,1216184.4
JP-05,1994,1215468.2
JP-05,1995,1213458.0
JP-05,1996,1209402.6
JP-05,1997,1208053.2
JP-05,1998,1202703.8
JP-05,1999,1196354.4
JP-05,2000,1188999.0
JP-05,2001,1186809.6
JP-05,2002,1177614.2
JP-05,2003,1170418.8
JP-05,2004,1162223.4
JP-05,2005,1144798.0
JP-05,2006,1131809.8
JP-05,2007,1123591.6
JP-05,2008,1106373.4
JP-05,2009,1097155.2
JP-05,2010,1083739.0
JP-05,2011,1074562.8
JP-05,2012,1060188.6
JP-05,2013,1044814.4
JP-05,2014,1035440.2
JP-05,2015,1014022.0
JP-05,2016,1006727.8
JP-05,2017,991389.6
JP-05,2018,975051.4
JP-05,2019,963713.2
JP-05,2020,950192.0
JP-06,1975,1220184.0
JP-06,1976,1224823.8
JP-06,1977,1233514.6
JP-06,1978,1236205.4
JP-06,1979,1242896.2
JP-06,1980,1251903.0
JP-06,1981,1255152.0
JP-06,1982,1252923.0
JP-06,1983,1255694.0
JP-06,1984,1256465.0
JP-06,1985,1261590.0
JP-06,1986,1262259.8
JP-06,1987,1260283.6
JP-06,1988,1264307.4
JP-06,1989,1260331.2
JP-06,1990,1257568.0
JP-06,1991,1256741.4
JP-06,1992,1257127.8
JP-06,1993,1254514.2
JP-06,1994,1251900.6
JP-06,1995,1256595.0
JP-06,1996,1254713.6
JP-06,1997,1256140.2
JP-06,1998,1253566.8
JP-06,1999,1250993.4
JP-06,2000,1243759.0
JP-06,2001,1241665.0
JP-06,2002,1235910.0
JP-06,2003,1232155.0
JP-06,2004,1225400.0
JP-06,2005,1215315.0
JP-06,2006,1206542.4
JP-06,2007,1197439.8
JP-06,2008,1191337.2
JP-06,2009,1176234.6
JP-06,2010,1165114.0
JP-06,2011,1160137.6
JP-06,2012,1150143.2
JP-06,2013,1139148.8
JP-06,2014,1127154.4
JP-06,2015,1118804.0
JP-06,2016,1113085.0
JP-06,2017,1098010.0
JP-06,2018,1087935.0
JP-06,2019,1076860.0
JP-06,2020,1057583.0
JP-07,1975,1970416.0
JP-07,1976,1982820.4
JP-07,1977,1993288.8
JP-07,1978,2004757.2
JP-07,1979,2014225.6
JP-07,1980,2035135.0
JP-07,1981,2042247.0
JP-07,1982,2050384.0
JP-07,1983,2059521.0
JP-07,1984,2065658.0
JP-07,1985,2080250.0
JP-07,1986,2084623.4
JP-07,1987,2093451.8
JP-07,1988,2096280.2
JP-07,1989,2100108.6
JP-07,1990,2101422.0
JP-07,1991,2104530.0
JP-07,1992,2116123.0
JP-07,1993,2118716.0
JP-07,1994,2126309.0
JP-07,1995,2133204.0
JP-07,1996,2134646.2
JP-07,1997,2137390.4
JP-07,1998,2137134.6
JP-07,1999,2136878.8
JP-07,2000,2126168.0
JP-07,2001,2122936.2
JP-07,2002,2121249.4
JP-07,2003,2115562.6
JP-07,2004,2108875.8
JP-07,2005,2089485.0
JP-07,2006,2076760.2
JP-07,2007,2065331.4
JP-07,2008,2048902.6
JP-07,2009,2038473.8
JP-07,2010,2016293.0
JP-07,2011,1989989.0
JP-07,2012,1957933.0
JP-07,2013,1939877.0
JP-07,2014,1928821.0
JP-07,2015,1890490.0
JP-07,2016,1896340.2
JP-07,2017,1877915.4
JP-07,2018,1857490.6
JP-07,2019,1839065.8
JP-07,2020,1797909.0
JP-08,1975,2341912.0
JP-08,1976,2378393.6
JP-08,1977,2417411.2
JP-08,1978,2460428.8
JP-08,1979,2507446.4
JP-08,1980,2557379.0
JP-08,1981,2593825.4
JP-08,1982,2630054.8
JP-08,1983,2667284.2
JP-08,1984,2690513.6
JP-08,1985,2724678.0
JP-08,1986,2747971.6
JP-08,1987,2769200.2
JP-08,1988,2798428.8
JP-08,1989,2824657.4
JP-08,1990,2841618.0
JP-08,1991,2870614.6
JP-08,1992,2896343.2
JP-08,1993,2917071.8
JP-08,1994,2935800.4
JP-08,1995,2953919.0
JP-08,1996,2969340.0
JP-08,1997,2984151.0
JP-08,1998,2993962.0
JP-08,1999,3001773.0
JP-08,2000,2984396.0
JP-08,2001,2994666.8
JP-08,2002,2991749.6
JP-08,2003,2995832.4
JP-08,2004,2995915.2
JP-08,2005,2972933.0
JP-08,2006,2973987.2
JP-08,2007,2966976.4
JP-08,2008,2964965.6
JP-08,2009,2959954.8
JP-08,2010,2955590.0
JP-08,2011,2953001.4
JP-08,2012,2939058.8
JP-08,2013,2932116.2
JP-08,2014,2915173.6
JP-08,2015,2882013.0
JP-08,2016,2900599.2
JP-08,2017,2887967.4
JP-08,2018,2871335.6
JP-08,2019,2855703.8
JP-08,2020,2810207.0
JP-09,1975,1697851.0
JP-09,1976,1716002.0
JP-09,1977,1734359.0
JP-09,1978,1752716.0
JP-09,1979,1772073.0
JP-09,1980,1791771.0
JP-09,1981,1804285.2
JP-09,1982,1817958.4
JP-09,1983,1834631.6
JP-09,1984,1845304.8
JP-09,1985,1865983.0
JP-09,1986,1877102.8
JP-09,1987,1895227.6
JP-09,1988,1906352.4
JP-09,1989,1916477.2
JP-09,1990,1933794.0
JP-09,1991,1945552.2
JP-09,1992,1956502.4
JP-09,1993,1967452.6
JP-09,1994,1975402.8
JP-09,1995,1982766.0
JP-09,1996,1993612.0
JP-09,1997,2000871.0
JP-09,1998,2007130.0
JP-09,1999,2013389.0
JP-09,2000,2003574.0
JP-09,2001,2011567.2
JP-09,2002,2010486.4
JP-09,2003,2014405.6
JP-09,2004,2013324.8
JP-09,2005,2012357.0
JP-09,2006,2015862.0
JP-09,2007,2013480.0
JP-09,2008,2011098.0
JP-09,2009,2003716.0
JP-09,2010,1988777.0
JP-09,2011,1998366.0
JP-09,2012,1989398.0
JP-09,2013,1981430.0
JP-09,2014,1976462.0
JP-09,2015,1963998.0
JP-09,2016,1965678.4
JP-09,2017,1951862.8
JP-09,2018,1942047.2
JP-09,2019,1932231.6
JP-09,2020,1896488.0
JP-10,1975,1756380.0
JP-10,1976,1776314.2
JP-10,1977,1796261.4
JP-10,1978,1811208.6
JP-10,1979,1828155.8
JP-10,1980,1848477.0
JP-10,1981,1862013.2
JP-10,1982,1877105.4
JP-10,1983,1889197.6
JP-10,1984,1904289.8
JP-10,1985,1921206.0
JP-10,1986,1933831.8
JP-10,1987,1941281.6
JP-10,1988,1950731.4
JP-10,1989,1955181.2
JP-10,1990,1964973.0
JP-10,1991,1976970.6
JP-10,1992,1985310.2
JP-10,1993,1989649.8
JP-10,1994,1992989.4
JP-10,1995,2003340.0
JP-10,1996,2008761.4
JP-10,1997,2017193.8
JP-10,1998,2023626.2
JP-10,1999,2031058.6
JP-10,2000,2020277.0
JP-10,2001,2030598.6
JP-10,2002,2034706.2
JP-10,2003,2036813.8
JP-10,2004,2032921.4
JP-10,2005,2022769.0
JP-10,2006,2016979.0
JP-10,2007,2015929.0
JP-10,2008,2008879.0
JP-10,2009,2007829.0
JP-10,2010,1996645.0
JP-10,2011,1997204.4
JP-10,2012,1989629.8
JP-10,2013,1981055.2
JP-10,2014,1972480.6
JP-10,2015,1955634.0
JP-10,2016,1963467.0
JP-10,2017,1956028.0
JP-10,2018,1946589.0
JP-10,2019,1939150.0
JP-10,2020,1895911.0
JP-11,1975,4819281.0
JP-11,1976,4964578.6
JP-11,1977,5097150.2
JP-11,1978,5211721.8
JP-11,1979,5327293.4
JP-11,1980,5416836.0
JP-11,1981,5519972.2
JP-11,1982,5614232.4
JP-11,1983,5695492.6
JP-11,1984,5774752.8
JP-11,1985,5860816.0
JP-11,1986,5952752.8
JP-11,1987,6066492.6
JP-11,1988,6182232.4
JP-11,1989,6291972.2
JP-11,1990,6387632.0
JP-11,1991,6482707.0
JP-11,1992,6561702.0
JP-11,1993,6630697.0
JP-11,1994,6692692.0
JP-11,1995,6748369.0
JP-11,1996,6809360.0
JP-11,1997,6854033.0
JP-11,1998,6894706.0
JP-11,1999,6934379.0
JP-11,2000,6924912.0
JP-11,2001,6980819.8
JP-11,2002,7004587.6
JP-11,2003,7030355.4
JP-11,2004,7047123.2
JP-11,2005,7034871.0
JP-11,2006,7068320.8
JP-11,2007,7091750.6
JP-11,2008,7114180.4
JP-11,2009,7127610.2
JP-11,2010,7166240.0
JP-11,2011,7208907.8
JP-11,2012,7213775.6
JP-11,2013,7221643.4
JP-11,2014,7237511.2
JP-11,2015,7204498.0
JP-11,2016,7280826.8
JP-11,2017,7296274.6
JP-11,2018,7313722.4
JP-11,2019,7335170.2
JP-11,2020,7125550.0
JP-13,1975,11656450.0
JP-13,1976,11661402.6
JP-13,1977,11641023.2
JP-13,1978,11617643.8
JP-13,1979,11579264.4
JP-13,1980,11597135.0
JP-13,1981,11636434.8
JP-13,1982,11666440.6
JP-13,1983,11727446.4
JP-13,1984,11799452.2
JP-13,1985,11819345.0
JP-13,1986,11896162.6
JP-13,1987,11895867.2
JP-13,1988,11882571.8
JP-13,1989,11872276.4
JP-13,1990,11761756.0
JP-13,1991,11885133.4
JP-13,1992,11871285.8
JP-13,1993,11827438.2
JP-13,1994,11764590.6
JP-13,1995,11734360.0
JP-13,1996,11772345.4
JP-13,1997,11812947.8
JP-13,1998,11834550.2
JP-13,1999,11845152.6
JP-13,2000,12016112.0
JP-13,2001,12133326.2
JP-13,2002,12216897.4
JP-13,2003,12308468.6
JP-13,2004,12371039.8
JP-13,2005,12413571.0
JP-13,2006,12645410.0
JP-13,2007,12739209.0
JP-13,2008,12808008.0
JP-13,2009,12828807.0
JP-13,2010,12966083.0
JP-13,2011,13179782.0
JP-13,2012,13211958.0
JP-13,2013,13275134.0
JP-13,2014,13363310.0
JP-13,2015,13252659.0
JP-13,2016,13585526.2
JP-13,2017,13674566.4
JP-13,2018,13773606.6
JP-13,2019,13879646.8
JP-13,2020,13612346.0
JP-14,1975,6394086.0
JP-14,1976,6503437.6
JP-14,1977,6611582.2
JP-14,1978,6718726.8
JP-14,1979,6815871.4
JP-14,1980,6918621.0
JP-14,1981,7016562.8
JP-14,1982,7117381.6
JP-14,1983,7208200.4
JP-14,1984,7306019.2
JP-14,1985,7428516.0
JP-14,1986,7544464.2
JP-14,1987,7660090.4
JP-14,1988,7757716.6
JP-14,1989,7843342.8
JP-14,1990,7954668.0
JP-14,1991,8044164.4
JP-14,1992,8104359.8
JP-14,1993,8149555.2
JP-14,1994,8183750.6
JP-14,1995,8238583.0
JP-14,1996,8284771.4
JP-14,1997,8323596.8
JP-14,1998,8388422.2
JP-14,1999,8446247.6
JP-14,2000,8474676.0
JP-14,2001,8573842.6
JP-14,2002,8628612.2
JP-14,2003,8689381.8
JP-14,2004,8735151.4
JP-14,2005,8751761.0
JP-14,2006,8825823.4
JP-14,2007,8874725.8
JP-14,2008,8913628.2
JP-14,2009,8935530.6
JP-14,2010,8993834.0
JP-14,2011,9054003.0
JP-14,2012,9061573.0
JP-14,2013,9069143.0
JP-14,2014,9085713.0
JP-14,2015,9039801.0
JP-14,2016,9131938.0
JP-14,2017,9142593.0
JP-14,2018,9160248.0
JP-14,2019,9188903.0
JP-14,2020,9018813.0
JP-15,1975,2391687.0
JP-15,1976,2402679.4
JP-15,1977,2413614.8
JP-15,1978,2424550.2
JP-15,1979,2436485.6
JP-15,1980,2450943.0
JP-15,1981,2456511.6
JP-15,1982,2463557.2
JP-15,1983,2468602.8
JP-15,1984,2471648.4
JP-15,1985,2478262.0
JP-15,1986,2483082.2
JP-15,1987,2479470.4
JP-15,1988,2481858.6
JP-15,1989,2479246.8
JP-15,1990,2472690.0
JP-15,1991,2477398.4
JP-15,1992,2473161.8
JP-15,1993,2475925.2
JP-15,1994,2480688.6
JP-15,1995,2487633.0
JP-15,1996,2491422.4
JP-15,1997,2494392.8
JP-15,1998,2490363.2
JP-15,1999,2490333.6
JP-15,2000,2472714.0
JP-15,2001,2474586.2
JP-15,2002,2465868.4
JP-15,2003,2459150.6
JP-15,2004,2454432.8
JP-15,2005,2425323.0
JP-15,2006,2415105.8
JP-15,2007,2401496.6
JP-15,2008,2389887.4
JP-15,2009,2373278.2
JP-15,2010,2363052.0
JP-15,2011,2360423.4
JP-15,2012,2340177.8
JP-15,2013,2325932.2
JP-15,2014,2313686.6
JP-15,2015,2292932.0
JP-15,2016,2279075.0
JP-15,2017,2257709.0
JP-15,2018,2238343.0
JP-15,2019,2219977.0
JP-15,2020,2172276.0
JP-16,1975,1070684.0
JP-16,1976,1078688.2
JP-16,1977,1085115.4
JP-16,1978,1092542.6
JP-16,1979,1096969.8
JP-16,1980,1103431.0
JP-16,1981,1105147.4
JP-16,1982,1111602.8
JP-16,1983,1111058.2
JP-16,1984,1115513.6
JP-16,1985,1118324.0
JP-16,1986,1119970.4
JP-16,1987,1122971.8
JP-16,1988,1123973.2
JP-16,1989,1122974.6
JP-16,1990,1118595.0
JP-16,1991,1122422.6
JP-16,1992,1118869.2
JP-16,1993,1118315.8
JP-16,1994,1119762.4
JP-16,1995,1122955.0
JP-16,1996,1123290.4
JP-16,1997,1126371.8
JP-16,1998,1125453.2
JP-16,1999,1127534.6
JP-16,2000,1120331.0
JP-16,2001,1117595.6
JP-16,2002,1119575.2
JP-16,2003,1116554.8
JP-16,2004,1116534.4
JP-16,2005,1110492.0
JP-16,2006,1110823.0
JP-16,2007,1103132.0
JP-16,2008,1098441.0
JP-16,2009,1090750.0
JP-16,2010,1088556.0
JP-16,2011,1086713.4
JP-16,2012,1082367.8
JP-16,2013,1077022.2
JP-16,2014,1068676.6
JP-16,2015,1056558.0
JP-16,2016,1054777.8
JP-16,2017,1050224.6
JP-16,2018,1049671.4
JP-16,2019,1041118.2
JP-16,2020,1015343.0
JP-17,1975,1069640.0
JP-17,1976,1080768.8
JP-17,1977,1090718.6
JP-17,1978,1100668.4
JP-17,1979,1111618.2
JP-17,1980,1118634.0
JP-17,1981,1125855.6
JP-17,1982,1130164.2
JP-17,1983,1140472.8
JP-17,1984,1141781.4
JP-17,1985,1152038.0
JP-17,1986,1153848.8
JP-17,1987,1157607.6
JP-17,1988,1159366.4
JP-17,1989,1163125.2
JP-17,1990,1162218.0
JP-17,1991,1164115.8
JP-17,1992,1170347.6
JP-17,1993,1167579.4
JP-17,1994,1175811.2
JP-17,1995,1179930.0
JP-17,1996,1185059.2
JP-17,1997,1184075.4
JP-17,1998,1185091.6
JP-17,1999,1187107.8
JP-17,2000,1176272.0
JP-17,2001,1183133.4
JP-17,2002,1181142.8
JP-17,2003,1182152.2
JP-17,2004,1178161.6
JP-17,2005,1172887.0
JP-17,2006,1169416.0
JP-17,2007,1169661.0
JP-17,2008,1165906.0
JP-17,2009,1166151.0
JP-17,2010,1160068.0
JP-17,2011,1165728.8
JP-17,2012,1163061.6
JP-17,2013,1159394.4
JP-17,2014,1153727.2
JP-17,2015,1137364.0
JP-17,2016,1147753.8
JP-17,2017,1145447.6
JP-17,2018,1138141.4
JP-17,2019,1135835.2
JP-17,2020,1111217.0
JP-18,1975,773493.0
JP-18,1976,781993.4
JP-18,1977,783641.8
JP-18,1978,788290.2
JP-18,1979,791938.6
JP-18,1980,794269.0
JP-18,1981,797296.4
JP-18,1982,801312.8
JP-18,1983,804329.2
JP-18,1984,809345.6
JP-18,1985,817595.0
JP-18,1986,821597.0
JP-18,1987,822832.0
JP-18,1988,822067.0
JP-18,1989,822302.0
JP-18,1990,823217.0
JP-18,1991,824046.8
JP-18,1992,822556.6
JP-18,1993,826066.4
JP-18,1994,827576.2
JP-18,1995,826875.0
JP-18,1996,829616.8
JP-18,1997,830147.6
JP-18,1998,828678.4
JP-18,1999,833209.2
JP-18,2000,828543.0
JP-18,2001,829923.2
JP-18,2002,827106.4
JP-18,2003,828289.6
JP-18,2004,824472.8
JP-18,2005,819904.0
JP-18,2006,818367.4
JP-18,2007,816078.8
JP-18,2008,808790.2
JP-18,2009,807501.6
JP-18,2010,798202.0
JP-18,2011,802972.2
JP-18,2012,797731.4
JP-18,2013,789490.6
JP-18,2014,786249.8
JP-18,2015,776296.0
JP-18,2016,778758.0
JP-18,2017,775507.0
JP-18,2018,769256.0
JP-18,2019,763005.0
JP-18,2020,755574.0
JP-19,1975,782880.0
JP-19,1976,785556.2
JP-19,1977,789249.4
JP-19,1978,791942.6
JP-19,1979,794635.8
JP-19,1980,804066.0
JP-19,1981,806822.6
JP-19,1982,811829.2
JP-19,1983,817835.8
JP-19,1984,820842.4
JP-19,1985,832811.0
JP-19,1986,838120.4
JP-19,1987,842391.8
JP-19,1988,846663.2
JP-19,1989,850934.6
JP-19,1990,852205.0
JP-19,1991,857784.0
JP-19,1992,863362.0
JP-19,1993,863940.0
JP-19,1994,869518.0
JP-19,1995,881865.0
JP-19,1996,883789.4
JP-19,1997,889482.8
JP-19,1998,893176.2
JP-19,1999,893869.6
JP-19,2000,887839.0
JP-19,2001,890028.6
JP-19,2002,890494.2
JP-19,2003,887959.8
JP-19,2004,884425.4
JP-19,2005,883477.0
JP-19,2006,878398.6
JP-19,2007,876906.2
JP-19,2008,870413.8
JP-19,2009,863921.4
JP-19,2010,857981.0
JP-19,2011,855153.4
JP-19,2012,849877.8
JP-19,2013,844602.2
JP-19,2014,840326.6
JP-19,2015,825067.0
JP-19,2016,826120.6
JP-19,2017,822190.2
JP-19,2018,812259.8
JP-19,2019,809329.4
JP-19,2020,790408.0
JP-20,1975,2017411.0
JP-20,1976,2028878.4
JP-20,1977,2046432.8
JP-20,1978,2060987.2
JP-20,1979,2070541.6
JP-20,1980,2083901.0
JP-20,1981,2089150.8
JP-20,1982,2102167.6
JP-20,1983,2106184.4
JP-20,1984,2118201.2
JP-20,1985,2136884.0
JP-20,1986,2143788.2
JP-20,1987,2151358.4
JP-20,1988,2152928.6
JP-20,1989,2156498.8
JP-20,1990,2156155.0
JP-20,1991,2161243.6
JP-20,1992,2165418.2
JP-20,1993,2167592.8
JP-20,1994,2175767.4
JP-20,1995,2193539.0
JP-20,1996,2207260.2
JP-20,1997,2212578.4
JP-20,1998,2215896.6
JP-20,1999,2223214.8
JP-20,2000,2213748.0
JP-20,2001,2224584.4
JP-20,2002,2219635.8
JP-20,2003,2218687.2
JP-20,2004,2212738.6
JP-20,2005,2194117.0
JP-20,2006,2185541.2
JP-20,2007,2174292.4
JP-20,2008,2170043.6
JP-20,2009,2154794.8
JP-20,2010,2145726.0
JP-20,2011,2137511.6
JP-20,2012,2130477.2
JP-20,2013,2116442.8
JP-20,2014,2107408.4
JP-20,2015,2081248.0
JP-20,2016,2082923.0
JP-20,2017,2070472.0
JP-20,2018,2058021.0
JP-20,2019,2044570.0
JP-20,2020,2006307.0
JP-21,1975,1867763.0
JP-21,1976,1889088.4
JP-21,1977,1912037.8
JP-21,1978,1927987.2
JP-21,1979,1941936.6
JP-21,1980,1960007.0
JP-21,1981,1974929.6
JP-21,1982,1989929.2
JP-21,1983,2001928.8
JP-21,1984,2012928.4
JP-21,1985,2028403.0
JP-21,1986,2036401.8
JP-21,1987,2045875.6
JP-21,1988,2052349.4
JP-21,1989,2060823.2
JP-21,1990,2065555.0
JP-21,1991,2071437.8
JP-21,1992,2080578.6
JP-21,1993,2086719.4
JP-21,1994,2091860.2
JP-21,1995,2100140.0
JP-21,1996,2103386.2
JP-21,1997,2109771.4
JP-21,1998,2114156.6
JP-21,1999,2118541.8
JP-21,2000,2106829.0
JP-21,2001,2111153.8
JP-21,2002,2113380.6
JP-21,2003,2111607.4
JP-21,2004,2111834.2
JP-21,2005,2105164.0
JP-21,2006,2104443.4
JP-21,2007,2102825.8
JP-21,2008,2100208.2
JP-21,2009,2090590.6
JP-21,2010,2071289.0
JP-21,2011,2072206.6
JP-21,2012,2059440.2
JP-21,2013,2049673.8
JP-21,2014,2038907.4
JP-21,2015,2019002.0
JP-21,2016,2018376.8
JP-21,2017,2003612.6
JP-21,2018,1994848.4
JP-21,2019,1986084.2
JP-21,2020,1938230.0
JP-22,1975,3308555.0
JP-22,1976,3339989.6
JP-22,1977,3370366.2
JP-22,1978,3397742.8
JP-22,1979,3420119.4
JP-22,1980,3446518.0
JP-22,1981,3467506.8
JP-22,1982,3493912.6
JP-22,1983,3517318.4
JP-22,1984,3538724.2
JP-22,1985,3574258.0
JP-22,1986,3597534.6
JP-22,1987,3619939.2
JP-22,1988,3636343.8
JP-22,1989,3650748.4
JP-22,1990,3669598.0
JP-22,1991,3686958.4
JP-22,1992,3699763.8
JP-22,1993,3711569.2
JP-22,1994,3724374.6
JP-22,1995,3737171.0
JP-22,1996,3747934.6
JP-22,1997,3756689.2
JP-22,1998,3766443.8
JP-22,1999,3778198.4
JP-22,2000,3766399.0
JP-22,2001,3781272.2
JP-22,2002,3790591.4
JP-22,2003,3798910.6
JP-22,2004,3800229.8
JP-22,2005,3786583.0
JP-22,2006,3796775.4
JP-22,2007,3795001.8
JP-22,2008,3797228.2
JP-22,2009,3784454.6
JP-22,2010,3742099.0
JP-22,2011,3744781.4
JP-22,2012,3731881.8
JP-22,2013,3723982.2
JP-22,2014,3704082.6
JP-22,2015,3672516.0
JP-22,2016,3681923.2
JP-22,2017,3667663.4
JP-22,2018,3649403.6
JP-22,2019,3641143.8
JP-22,2020,3591869.0
JP-23,1975,5922841.0
JP-23,1976,5993938.0
JP-23,1977,6062248.0
JP-23,1978,6126558.0
JP-23,1979,6184868.0
JP-23,1980,6219842.0
JP-23,1981,6267577.8
JP-23,1982,6310732.6
JP-23,1983,6354887.4
JP-23,1984,6409042.2
JP-23,1985,6452039.0
JP-23,1986,6511776.4
JP-23,1987,6558355.8
JP-23,1988,6593935.2
JP-23,1989,6631514.6
JP-23,1990,6677765.0
JP-23,1991,6723941.8
JP-23,1992,6767789.6
JP-23,1993,6796637.4
JP-23,1994,6823485.2
JP-23,1995,6858902.0
JP-23,1996,6899979.6
JP-23,1997,6930626.2
JP-23,1998,6978272.8
JP-23,1999,7013919.4
JP-23,2000,7015750.0
JP-23,2001,7089439.4
JP-23,2002,7127312.8
JP-23,2003,7159186.2
JP-23,2004,7197059.6
JP-23,2005,7218243.0
JP-23,2006,7305671.8
JP-23,2007,7356410.6
JP-23,2008,7399149.4
JP-23,2009,7411888.2
JP-23,2010,7347210.0
JP-23,2011,7411474.8
JP-23,2012,7421322.6
JP-23,2013,7434170.4
JP-23,2014,7451018.2
JP-23,2015,7399515.0
JP-23,2016,7497759.0
JP-23,2017,7509652.0
JP-23,2018,7519545.0
JP-23,2019,7544438.0
JP-23,2020,7337836.0
JP-24,1975,1625880.0
JP-24,1976,1639520.8
JP-24,1977,1652891.6
JP-24,1978,1664262.4
JP-24,1979,1676633.2
JP-24,1980,1686785.0
JP-24,1981,1701861.0
JP-24,1982,1713883.0
JP-24,1983,1722905.0
JP-24,1984,1731927.0
JP-24,1985,1747185.0
JP-24,1986,1756248.8
JP-24,1987,1767548.6
JP-24,1988,1774848.4
JP-24,1989,1787148.2
JP-24,1990,1791928.0
JP-24,1991,1803188.2
JP-24,1992,1811928.4
JP-24,1993,1816668.6
JP-24,1994,1828408.8
JP-24,1995,1841116.0
JP-24,1996,1847777.4
JP-24,1997,1861405.8
JP-24,1998,1863034.2
JP-24,1999,1868662.6
JP-24,2000,1856477.0
JP-24,2001,1861544.4
JP-24,2002,1864797.8
JP-24,2003,1866051.2
JP-24,2004,1869304.6
JP-24,2005,1864293.0
JP-24,2006,1872317.2
JP-24,2007,1872076.4
JP-24,2008,1875835.6
JP-24,2009,1869594.8
JP-24,2010,1841947.0
JP-24,2011,1848021.8
JP-24,2012,1836689.6
JP-24,2013,1829357.4
JP-24,2014,1825025.2
JP-24,2015,1795258.0
JP-24,2016,1804137.2
JP-24,2017,1795581.4
JP-24,2018,1785025.6
JP-24,2019,1775469.8
JP-24,2020,1729125.0
JP-25,1975,985403.0
JP-25,1976,1007190.2
JP-25,1977,1027451.4
JP-25,1978,1045712.6
JP-25,1979,1064973.8
JP-25,1980,1079787.0
JP-25,1981,1096484.4
JP-25,1982,1110604.8
JP-25,1983,1123725.2
JP-25,1984,1138845.6
JP-25,1985,1155670.0
JP-25,1986,1168495.0
JP-25,1987,1180024.0
JP-25,1988,1194553.0
JP-25,1989,1209082.0
JP-25,1990,1220614.0
JP-25,1991,1235514.4
JP-25,1992,1244417.8
JP-25,1993,1257321.2
JP-25,1994,1269224.6
JP-25,1995,1286801.0
JP-25,1996,1300033.4
JP-25,1997,1308938.8
JP-25,1998,1325844.2
JP-25,1999,1333749.6
JP-25,2000,1342161.0
JP-25,2001,1352648.2
JP-25,2002,1362641.4
JP-25,2003,1371634.6
JP-25,2004,1373627.8
JP-25,2005,1378938.0
JP-25,2006,1387378.8
JP-25,2007,1397136.6
JP-25,2008,1400894.4
JP-25,2009,1403652.2
JP-25,2010,1396692.0
JP-25,2011,1411496.8
JP-25,2012,1413583.6
JP-25,2013,1415670.4
JP-25,2014,1412757.2
JP-25,2015,1398457.0
JP-25,2016,1407378.0
JP-25,2017,1412912.0
JP-25,2018,1408446.0
JP-25,2019,1409980.0
JP-25,2020,1380627.0
JP-26,1975,2423727.0
JP-26,1976,2452261.0
JP-26,1977,2475400.0
JP-26,1978,2496539.0
JP-26,1979,2514678.0
JP-26,1980,2526948.0
JP-26,1981,2540045.0
JP-26,1982,2556040.0
JP-26,1983,2572035.0
JP-26,1984,2581030.0
JP-26,1985,2585739.0
JP-26,1986,2599652.4
JP-26,1987,2600279.8
JP-26,1988,2606907.2
JP-26,1989,2606534.6
JP-26,1990,2592269.0
JP-26,1991,2604091.0
JP-26,1992,2606020.0
JP-26,1993,2603949.0
JP-26,1994,2602878.0
JP-26,1995,2619451.0
JP-26,1996,2631234.2
JP-26,1997,2628661.4
JP-26,1998,2631088.6
JP-26,1999,2634515.8
JP-26,2000,2629749.0
JP-26,2001,2648073.6
JP-26,2002,2640204.2
JP-26,2003,2642334.8
JP-26,2004,2641465.4
JP-26,2005,2630259.0
JP-26,2006,2640529.2
JP-26,2007,2630462.4
JP-26,2008,2626395.6
JP-26,2009,2618328.8
JP-26,2010,2592828.0
JP-26,2011,2627265.0
JP-26,2012,2620268.0
JP-26,2013,2611271.0
JP-26,2014,2603274.0
JP-26,2015,2555362.0
JP-26,2016,2595821.0
JP-26,2017,2587365.0
JP-26,2018,2580909.0
JP-26,2019,2572453.0
JP-26,2020,2493282.0
JP-27,1975,8274154.0
JP-27,1976,8342185.8
JP-27,1977,8393720.6
JP-27,1978,8441255.4
JP-27,1979,8486790.2
JP-27,1980,8464208.0
JP-27,1981,8512521.8
JP-27,1982,8546668.6
JP-27,1983,8591815.4
JP-27,1984,8639962.2
JP-27,1985,8660446.0
JP-27,1986,8707947.4
JP-27,1987,8738785.8
JP-27,1988,8752624.2
JP-27,1989,8748462.6
JP-27,1990,8694320.0
JP-27,1991,8736881.6
JP-27,1992,8732462.2
JP-27,1993,8726042.8
JP-27,1994,8710623.4
JP-27,1995,8781062.0
JP-27,1996,8802091.0
JP-27,1997,8801978.0
JP-27,1998,8804865.0
JP-27,1999,8808752.0
JP-27,2000,8788810.0
JP-27,2001,8820620.6
JP-27,2002,8820602.2
JP-27,2003,8818583.8
JP-27,2004,8817565.4
JP-27,2005,8757757.0
JP-27,2006,8813272.2
JP-27,2007,8805997.4
JP-27,2008,8798722.6
JP-27,2009,8790447.8
JP-27,2010,8773653.0
JP-27,2011,8854537.6
JP-27,2012,8847902.2
JP-27,2013,8836266.8
JP-27,2014,8822631.4
JP-27,2015,8709812.0
JP-27,2016,8809986.6
JP-27,2017,8793977.2
JP-27,2018,8782967.8
JP-27,2019,8786958.4
JP-27,2020,8586651.0
JP-28,1975,4989810.0
JP-28,1976,5035489.2
JP-28,1977,5073283.4
JP-28,1978,5105077.6
JP-28,1979,5137871.8
JP-28,1980,5137463.0
JP-28,1981,5168876.4
JP-28,1982,5195129.8
JP-28,1983,5225383.2
JP-28,1984,5250636.6
JP-28,1985,5275968.0
JP-28,1986,5302302.2
JP-28,1987,5328714.4
JP-28,1988,5350126.6
JP-28,1989,5384538.8
JP-28,1990,5386186.0
JP-28,1991,5434378.2
JP-28,1992,5461805.4
JP-28,1993,5486232.6
JP-28,1994,5505659.8
JP-28,1995,5399122.0
JP-28,1996,5410074.0
JP-28,1997,5437061.0
JP-28,1998,5461048.0
JP-28,1999,5491035.0
JP-28,2000,5546054.0
JP-28,2001,5572562.8
JP-28,2002,5581103.6
JP-28,2003,5590644.4
JP-28,2004,5589185.2
JP-28,2005,5568867.0
JP-28,2006,5586625.6
JP-28,2007,5583525.2
JP-28,2008,5579424.8
JP-28,2009,5571324.4
JP-28,2010,5554287.0
JP-28,2011,5574878.2
JP-28,2012,5563532.4
JP-28,2013,5545186.6
JP-28,2014,5533840.8
JP-28,2015,5466128.0
JP-28,2016,5501691.6
JP-28,2017,5483888.2
JP-28,2018,5465084.8
JP-28,2019,5449281.4
JP-28,2020,5279307.0
JP-29,1975,1077145.0
JP-29,1976,1102168.8
JP-29,1977,1129313.6
JP-29,1978,1160458.4
JP-29,1979,1189603.2
JP-29,1980,1208542.0
JP-29,1981,1233370.0
JP-29,1982,1255696.0
JP-29,1983,1273022.0
JP-29,1984,1289348.0
JP-29,1985,1304384.0
JP-29,1986,1320437.0
JP-29,1987,1335200.0
JP-29,1988,1350963.0
JP-29,1989,1369726.0
JP-29,1990,1373550.0
JP-29,1991,1390587.8
JP-29,1992,1401686.6
JP-29,1993,1411785.4
JP-29,1994,1421884.2
JP-29,1995,1429828.0
JP-29,1996,1434963.2
JP-29,1997,1440943.4
JP-29,1998,1448923.6
JP-29,1999,1447903.8
JP-29,2000,1440577.0
JP-29,2001,1443094.4
JP-29,2002,1435304.8
JP-29,2003,1436515.2
JP-29,2004,1432725.6
JP-29,2005,1419103.0
JP-29,2006,1413910.0
JP-29,2007,1408884.0
JP-29,2008,1404858.0
JP-29,2009,1396832.0
JP-29,2010,1392316.0
JP-29,2011,1394544.6
JP-29,2012,1386283.2
JP-29,2013,1381021.8
JP-29,2014,1373760.4
JP-29,2015,1353421.0
JP-29,2016,1348518.6
JP-29,2017,1343538.2
JP-29,2018,1334557.8
JP-29,2019,1325577.4
JP-29,2020,1305663.0
JP-30,1975,1071945.0
JP-30,1976,1079795.0
JP-30,1977,1082080.0
JP-30,1978,1084365.0
JP-30,1979,1086650.0
JP-30,1980,1086592.0
JP-30,1981,1086919.6
JP-30,1982,1092192.2
JP-30,1983,1089464.8
JP-30,1984,1089737.4
JP-30,1985,1087098.0
JP-30,1986,1082531.4
JP-30,1987,1080052.8
JP-30,1988,1080574.2
JP-30,1989,1082095.6
JP-30,1990,1073516.0
JP-30,1991,1076363.0
JP-30,1992,1076109.0
JP-30,1993,1076855.0
JP-30,1994,1080601.0
JP-30,1995,1080257.0
JP-30,1996,1082149.6
JP-30,1997,1080952.2
JP-30,1998,1075754.8
JP-30,1999,1076557.4
JP-30,2000,1069493.0
JP-30,2001,1067098.2
JP-30,2002,1063836.4
JP-30,2003,1056574.6
JP-30,2004,1050312.8
JP-30,2005,1034326.0
JP-30,2006,1026274.2
JP-30,2007,1018497.4
JP-30,2008,1009720.6
JP-30,2009,1006943.8
JP-30,2010,992991.0
JP-30,2011,992492.0
JP-30,2012,980817.0
JP-30,2013,974142.0
JP-30,2014,967467.0
JP-30,2015,958350.0
JP-30,2016,952418.6
JP-30,2017,941045.2
JP-30,2018,934671.8
JP-30,2019,921298.4
JP-30,2020,913837.0
JP-31,1975,581229.0
JP-31,1976,586663.2
JP-31,1977,590613.4
JP-31,1978,594563.6
JP-31,1979,597513.8
JP-31,1980,604039.0
JP-31,1981,605726.2
JP-31,1982,609440.4
JP-31,1983,610154.6
JP-31,1984,616868.8
JP-31,1985,615978.0
JP-31,1986,616443.8
JP-31,1987,616304.6
JP-31,1988,616165.4
JP-31,1989,619026.2
JP-31,1990,615123.0
JP-31,1991,615023.2
JP-31,1992,614159.4
JP-31,1993,608295.6
JP-31,1994,615431.8
JP-31,1995,614754.0
JP-31,1996,614781.2
JP-31,1997,611994.4
JP-31,1998,614207.6
JP-31,1999,616420.8
JP-31,2000,612395.0
JP-31,2001,615608.8
JP-31,2002,612583.6
JP-31,2003,613558.4
JP-31,2004,607533.2
JP-31,2005,606319.0
JP-31,2006,603506.4
JP-31,2007,598504.8
JP-31,2008,596503.2
JP-31,2009,592501.6
JP-31,2010,583329.0
JP-31,2011,582894.0
JP-31,2012,582288.0
JP-31,2013,575682.0
JP-31,2014,575076.0
JP-31,2015,568597.0
JP-31,2016,566838.4
JP-31,2017,564206.8
JP-31,2018,558575.2
JP-31,2019,555943.6
JP-31,2020,544758.0
JP-32,1975,768836.0
JP-32,1976,770152.4
JP-32,1977,776481.8
JP-32,1978,779811.2
JP-32,1979,782140.6
JP-32,1980,784718.0
JP-32,1981,785099.8
JP-32,1982,787104.6
JP-32,1983,785109.4
JP-32,1984,788114.2
JP-32,1985,794575.0
JP-32,1986,793357.2
JP-32,1987,792595.4
JP-32,1988,794833.6
JP-32,1989,790071.8
JP-32,1990,780157.0
JP-32,1991,776878.2
JP-32,1992,777446.4
JP-32,1993,771014.6
JP-32,1994,771582.8
JP-32,1995,771265.0
JP-32,1996,767767.6
JP-32,1997,770384.2
JP-32,1998,766000.8
JP-32,1999,762617.4
JP-32,2000,760895.0
JP-32,2001,758803.8
JP-32,2002,758373.6
JP-32,2003,752943.4
JP-32,2004,749513.2
JP-32,2005,740792.0
JP-32,2006,734665.6
JP-32,2007,729248.2
JP-32,2008,725830.8
JP-32,2009,715413.4
JP-32,2010,713254.0
JP-32,2011,713712.2
JP-32,2012,706428.4
JP-32,2013,698144.6
JP-32,2014,692860.8
JP-32,2015,684959.0
JP-32,2016,687785.6
JP-32,2017,682994.2
JP-32,2018,675202.8
JP-32,2019,669411.4
JP-32,2020,661322.0
JP-33,1975,1814020.0
JP-33,1976,1827269.0
JP-33,1977,1838271.0
JP-33,1978,1852273.0
JP-33,1979,1862275.0
JP-33,1980,1870766.0
JP-33,1981,1878432.6
JP-33,1982,1885927.2
JP-33,1983,1893421.8
JP-33,1984,1901916.4
JP-33,1985,1916583.0
JP-33,1986,1921196.2
JP-33,1987,1930981.4
JP-33,1988,1928766.6
JP-33,1989,1933551.8
JP-33,1990,1925106.0
JP-33,1991,1929606.0
JP-33,1992,1930875.0
JP-33,1993,1937144.0
JP-33,1994,1937413.0
JP-33,1995,1949304.0
JP-33,1996,1953546.0
JP-33,1997,1954410.0
JP-33,1998,1959274.0
JP-33,1999,1960138.0
JP-33,2000,1949840.0
JP-33,2001,1950662.8
JP-33,2002,1952323.6
JP-33,2003,1953984.4
JP-33,2004,1956645.2
JP-33,2005,1949515.0
JP-33,2006,1954176.8
JP-33,2007,1952047.6
JP-33,2008,1946918.4
JP-33,2009,1937789.2
JP-33,2010,1927084.0
JP-33,2011,1937352.8
JP-33,2012,1928045.6
JP-33,2013,1925738.4
JP-33,2014,1916431.2
JP-33,2015,1885688.0
JP-33,2016,1910771.6
JP-33,2017,1895419.2
JP-33,2018,1887066.8
JP-33,2019,1881714.4
JP-33,2020,1818141.0
JP-34,1975,2645508.0
JP-34,1976,2672802.8
JP-34,1977,2692622.6
JP-34,1978,2708442.4
JP-34,1979,2721262.2
JP-34,1980,2738101.0
JP-34,1981,2759930.4
JP-34,1982,2775797.8
JP-34,1983,2790665.2
JP-34,1984,2805532.6
JP-34,1985,2818403.0
JP-34,1986,2833886.8
JP-34,1987,2838373.6
JP-34,1988,2847860.4
JP-34,1989,2847347.2
JP-34,1990,2843434.0
JP-34,1991,2856681.2
JP-34,1992,2869528.4
JP-34,1993,2872375.6
JP-34,1994,2875222.8
JP-34,1995,2879102.0
JP-34,1996,2882876.0
JP-34,1997,2881682.0
JP-34,1998,2885488.0
JP-34,1999,2885294.0
JP-34,2000,2875945.0
JP-34,2001,2881114.4
JP-34,2002,2878128.8
JP-34,2003,2874143.2
JP-34,2004,2875157.6
JP-34,2005,2861852.0
JP-34,2006,2871655.0
JP-34,2007,2869138.0
JP-34,2008,2860621.0
JP-34,2009,2855104.0
JP-34,2010,2827111.0
JP-34,2011,2850024.2
JP-34,2012,2841461.4
JP-34,2013,2833898.6
JP-34,2014,2824335.8
JP-34,2015,2811022.0
JP-34,2016,2829795.8
JP-34,2017,2816818.6
JP-34,2018,2804841.4
JP-34,2019,2798864.2
JP-34,2020,2742364.0
JP-35,1975,1554976.0
JP-35,1976,1566251.2
JP-35,1977,1574474.4
JP-35,1978,1583697.6
JP-35,1979,1584920.8
JP-35,1980,1586685.0
JP-35,1981,1587993.0
JP-35,1982,1596918.0
JP-35,1983,1600843.0
JP-35,1984,1600768.0
JP-35,1985,1601550.0
JP-35,1986,1601078.6
JP-35,1987,1596464.2
JP-35,1988,1592849.8
JP-35,1989,1587235.4
JP-35,1990,1570888.0
JP-35,1991,1569599.8
JP-35,1992,1561578.6
JP-35,1993,1564557.4
JP-35,1994,1561536.2
JP-35,1995,1554871.0
JP-35,1996,1548229.2
JP-35,1997,1543943.4
JP-35,1998,1540657.6
JP-35,1999,1539371.8
JP-35,2000,1527293.0
JP-35,2001,1523209.8
JP-35,2002,1517333.6
JP-35,2003,1513457.4
JP-35,2004,1504581.2
JP-35,2005,1490134.0
JP-35,2006,1482393.6
JP-35,2007,1473082.2
JP-35,2008,1461770.8
JP-35,2009,1457459.4
JP-35,2010,1445893.0
JP-35,2011,1441856.2
JP-35,2012,1428564.4
JP-35,2013,1418272.6
JP-35,2014,1405980.8
JP-35,2015,1395284.0
JP-35,2016,1393640.8
JP-35,2017,1378592.6
JP-35,2018,1365544.4
JP-35,2019,1352496.2
JP-35,2020,1322253.0
JP-36,1975,805096.0
JP-36,1976,811971.8
JP-36,1977,813451.6
JP-36,1978,815931.4
JP-36,1979,819411.2
JP-36,1980,824965.0
JP-36,1981,828299.4
JP-36,1982,830296.8
JP-36,1983,832294.2
JP-36,1984,832291.6
JP-36,1985,834826.0
JP-36,1986,834498.2
JP-36,1987,837707.4
JP-36,1988,837916.6
JP-36,1989,835125.8
JP-36,1990,829911.0
JP-36,1991,829956.2
JP-36,1992,829577.4
JP-36,1993,826198.6
JP-36,1994,831819.8
JP-36,1995,831842.0
JP-36,1996,832698.2
JP-36,1997,829955.4
JP-36,1998,827212.6
JP-36,1999,830469.8
JP-36,2000,823459.0
JP-36,2001,822005.6
JP-36,2002,822284.2
JP-36,2003,818562.8
JP-36,2004,812841.4
JP-36,2005,809550.0
JP-36,2006,803126.6
JP-36,2007,799133.2
JP-36,2008,795139.8
JP-36,2009,786146.4
JP-36,2010,777933.0
JP-36,2011,777006.6
JP-36,2012,770860.2
JP-36,2013,768713.8
JP-36,2014,757567.4
JP-36,2015,745514.0
JP-36,2016,748959.8
JP-36,2017,740498.6
JP-36,2018,731037.4
JP-36,2019,723576.2
JP-36,2020,690553.0
JP-37,1975,961179.0
JP-37,1976,971894.6
JP-37,1977,981424.2
JP-37,1978,988953.8
JP-37,1979,995483.4
JP-37,1980,999548.0
JP-37,1981,1004559.2
JP-37,1982,1008794.4
JP-37,1983,1017029.6
JP-37,1984,1020264.8
JP-37,1985,1022374.0
JP-37,1986,1024031.6
JP-37,1987,1025563.2
JP-37,1988,1030094.8
JP-37,1989,1024626.4
JP-37,1990,1022407.0
JP-37,1991,1023972.4
JP-37,1992,1025786.8
JP-37,1993,1022601.2
JP-37,1994,1026415.6
JP-37,1995,1026860.0
JP-37,1996,1028892.4
JP-37,1997,1027554.8
JP-37,1998,1033217.2
JP-37,1999,1029879.6
JP-37,2000,1022210.0
JP-37,2001,1026344.6
JP-37,2002,1019147.2
JP-37,2003,1019949.8
JP-37,2004,1016752.4
JP-37,2005,1010455.0
JP-37,2006,1008644.4
JP-37,2007,1001733.8
JP-37,2008,1002823.2
JP-37,2009,999912.6
JP-37,2010,979884.0
JP-37,2011,990310.6
JP-37,2012,986619.2
JP-37,2013,982927.8
JP-37,2014,977236.4
JP-37,2015,955730.0
JP-37,2016,969548.2
JP-37,2017,961551.4
JP-37,2018,956554.6
JP-37,2019,951557.8
JP-37,2020,927472.0
JP-38,1975,1465037.0
JP-38,1976,1478802.6
JP-38,1977,1487277.2
JP-38,1978,1495751.8
JP-38,1979,1497226.4
JP-38,1980,1506364.0
JP-38,1981,1510842.2
JP-38,1982,1517560.4
JP-38,1983,1517278.6
JP-38,1984,1522996.8
JP-38,1985,1529924.0
JP-38,1986,1530835.2
JP-38,1987,1525955.4
JP-38,1988,1527075.6
JP-38,1989,1524195.8
JP-38,1990,1513970.0
JP-38,1991,1515708.0
JP-38,1992,1510100.0
JP-38,1993,1507492.0
JP-38,1994,1507884.0
JP-38,1995,1506544.0
JP-38,1996,1506696.0
JP-38,1997,1504116.0
JP-38,1998,1501536.0
JP-38,1999,1495956.0
JP-38,2000,1492360.0
JP-38,2001,1488724.8
JP-38,2002,1489073.6
JP-38,2003,1486422.4
JP-38,2004,1476771.2
JP-38,2005,1466544.0
JP-38,2006,1461038.4
JP-38,2007,1451956.8
JP-38,2008,1439875.2
JP-38,2009,1434793.6
JP-38,2010,1422041.0
JP-38,2011,1419897.6
JP-38,2012,1412083.2
JP-38,2013,1399268.8
JP-38,2014,1392454.4
JP-38,2015,1361464.0
JP-38,2016,1369468.4
JP-38,2017,1359296.8
JP-38,2018,1345125.2
JP-38,2019,1334953.6
JP-38,2020,1298530.0
JP-39,1975,807878.0
JP-39,1976,813816.0
JP-39,1977,816888.0
JP-39,1978,825960.0
JP-39,1979,824032.0
JP-39,1980,830533.0
JP-39,1981,831570.2
JP-39,1982,831637.4
JP-39,1983,838704.6
JP-39,1984,832771.8
JP-39,1985,838471.0
JP-39,1986,838840.2
JP-39,1987,835841.4
JP-39,1988,835842.6
JP-39,1989,834843.8
JP-39,1990,821716.0
JP-39,1991,821246.0
JP-39,1992,819647.0
JP-39,1993,817048.0
JP-39,1994,814449.0
JP-39,1995,815884.0
JP-39,1996,814417.0
JP-39,1997,813984.0
JP-39,1998,813551.0
JP-39,1999,810118.0
JP-39,2000,812286.0
JP-39,2001,812328.2
JP-39,2002,809971.4
JP-39,2003,805614.6
JP-39,2004,804257.8
JP-39,2005,795784.0
JP-39,2006,786740.0
JP-39,2007,780579.0
JP-39,2008,769418.0
JP-39,2009,767257.0
JP-39,2010,758000.0
JP-39,2011,756728.0
JP-39,2012,745360.0
JP-39,2013,744992.0
JP-39,2014,735624.0
JP-39,2015,720876.0
JP-39,2016,717708.6
JP-39,2017,709161.2
JP-39,2018,704613.8
JP-39,2019,694066.4
JP-39,2020,678106.0
JP-40,1975,4290650.0
JP-40,1976,4357146.4
JP-40,1977,4415471.8
JP-40,1978,4466797.2
JP-40,1979,4518122.6
JP-40,1980,4549279.0
JP-40,1981,4594905.2
JP-40,1982,4634892.4
JP-40,1983,4669879.6
JP-40,1984,4701866.8
JP-40,1985,4717608.0
JP-40,1986,4742715.6
JP-40,1987,4754577.2
JP-40,1988,4771438.8
JP-40,1989,4787300.4
JP-40,1990,4795943.0
JP-40,1991,4827453.0
JP-40,1992,4849744.0
JP-40,1993,4872035.0
JP-40,1994,4891326.0
JP-40,1995,4925877.0
JP-40,1996,4950010.8
JP-40,1997,4969404.6
JP-40,1998,4987798.4
JP-40,1999,5001192.2
JP-40,2000,5005507.0
JP-40,2001,5034400.2
JP-40,2002,5046214.4
JP-40,2003,5054028.6
JP-40,2004,5059842.8
JP-40,2005,5024422.0
JP-40,2006,5045810.0
JP-40,2007,5049963.0
JP-40,2008,5044116.0
JP-40,2009,5044269.0
JP-40,2010,5033426.0
JP-40,2011,5071300.6
JP-40,2012,5077179.2
JP-40,2013,5081057.8
JP-40,2014,5082936.4
JP-40,2015,5035906.0
JP-40,2016,5092096.4
JP-40,2017,5091377.8
JP-40,2018,5092659.2
JP-40,2019,5090940.6
JP-40,2020,4965187.0
JP-41,1975,837600.0
JP-41,1976,843492.0
JP-41,1977,846960.0
JP-41,1978,850428.0
JP-41,1979,856896.0
JP-41,1980,865513.0
JP-41,1981,869600.6
JP-41,1982,872627.2
JP-41,1983,872653.8
JP-41,1984,878680.4
JP-41,1985,879964.0
JP-41,1986,881036.0
JP-41,1987,877365.0
JP-41,1988,878694.0
JP-41,1989,877023.0
JP-41,1990,877478.0
JP-41,1991,876743.6
JP-41,1992,881135.2
JP-41,1993,878526.8
JP-41,1994,877918.4
JP-41,1995,884256.0
JP-41,1996,883608.4
JP-41,1997,885906.8
JP-41,1998,884205.2
JP-41,1999,886503.6
JP-41,2000,876370.0
JP-41,2001,876206.6
JP-41,2002,872611.2
JP-41,2003,872015.8
JP-41,2004,872420.4
JP-41,2005,865646.0
JP-41,2006,860527.2
JP-41,2007,857229.4
JP-41,2008,855931.6
JP-41,2009,852633.8
JP-41,2010,846308.0
JP-41,2011,844247.6
JP-41,2012,841159.2
JP-41,2013,837070.8
JP-41,2014,834982.4
JP-41,2015,827909.0
JP-41,2016,827769.4
JP-41,2017,819644.8
JP-41,2018,818520.2
JP-41,2019,811395.6
JP-41,2020,797170.0
JP-42,1975,1571822.0
JP-42,1976,1574903.8
JP-42,1977,1579110.6
JP-42,1978,1589317.4
JP-42,1979,1592524.2
JP-42,1980,1590209.0
JP-42,1981,1591002.0
JP-42,1982,1594681.0
JP-42,1983,1594360.0
JP-42,1984,1595039.0
JP-42,1985,1593796.0
JP-42,1986,1592831.8
JP-42,1987,1587945.6
JP-42,1988,1585059.4
JP-42,1989,1578173.2
JP-42,1990,1562032.0
JP-42,1991,1559563.8
JP-42,1992,1549840.6
JP-42,1993,1550117.4
JP-42,1994,1547394.2
JP-42,1995,1544255.0
JP-42,1996,1541409.4
JP-42,1997,1534147.8
JP-42,1998,1528886.2
JP-42,1999,1522624.6
JP-42,2000,1515387.0
JP-42,2001,1513879.0
JP-42,2002,1508395.0
JP-42,2003,1502911.0
JP-42,2004,1497427.0
JP-42,2005,1477611.0
JP-42,2006,1465705.2
JP-42,2007,1452467.4
JP-42,2008,1440229.6
JP-42,2009,1426991.8
JP-42,2010,1419434.0
JP-42,2011,1416221.2
JP-42,2012,1408688.4
JP-42,2013,1393155.6
JP-42,2014,1383622.8
JP-42,2015,1366189.0
JP-42,2016,1362894.6
JP-42,2017,1350699.2
JP-42,2018,1340503.8
JP-42,2019,1322308.4
JP-42,2020,1299564.0
JP-43,1975,1715150.0
JP-43,1976,1731281.8
JP-43,1977,1746715.6
JP-43,1978,1761149.4
JP-43,1979,1771583.2
JP-43,1980,1790122.0
JP-43,1981,1800605.4
JP-43,1982,1813843.8
JP-43,1983,1823082.2
JP-43,1984,1827320.6
JP-43,1985,1837533.0
JP-43,1986,1841272.6
JP-43,1987,1847986.2
JP-43,1988,1849699.8
JP-43,1989,1847413.4
JP-43,1990,1837871.0
JP-43,1991,1843153.4
JP-43,1992,1847179.8
JP-43,1993,1848206.2
JP-43,1994,1853232.6
JP-43,1995,1858674.0
JP-43,1996,1859739.8
JP-43,1997,1865220.6
JP-43,1998,1862701.4
JP-43,1999,1866182.2
JP-43,2000,1858076.0
JP-43,2001,1860180.2
JP-43,2002,1858697.4
JP-43,2003,1857214.6
JP-43,2004,1849731.8
JP-43,2005,1839721.0
JP-43,2006,1833309.2
JP-43,2007,1825369.4
JP-43,2008,1820429.6
JP-43,2009,1812489.8
JP-43,2010,1805340.0
JP-43,2011,1807448.6
JP-43,2012,1802347.2
JP-43,2013,1797245.8
JP-43,2014,1792144.4
JP-43,2015,1775714.0
JP-43,2016,1770063.0
JP-43,2017,1758083.0
JP-43,2018,1751103.0
JP-43,2019,1744123.0
JP-43,2020,1711393.0
JP-44,1975,1190148.0
JP-44,1976,1195371.4
JP-44,1977,1207084.8
JP-44,1978,1213798.2
JP-44,1979,1220511.6
JP-44,1980,1228745.0
JP-44,1981,1233192.4
JP-44,1982,1235519.8
JP-44,1983,1241847.2
JP-44,1984,1244174.6
JP-44,1985,1250123.0
JP-44,1986,1250127.6
JP-44,1987,1247753.2
JP-44,1988,1245378.8
JP-44,1989,1243004.4
JP-44,1990,1235324.0
JP-44,1991,1233697.2
JP-44,1992,1232764.4
JP-44,1993,1232831.6
JP-44,1994,1232898.8
JP-44,1995,1230917.0
JP-44,1996,1231157.0
JP-44,1997,1230348.0
JP-44,1998,1225539.0
JP-44,1999,1225730.0
JP-44,2000,1219585.0
JP-44,2001,1221576.4
JP-44,2002,1221231.8
JP-44,2003,1216887.2
JP-44,2004,1215542.6
JP-44,2005,1205910.0
JP-44,2006,1205554.8
JP-44,2007,1201911.6
JP-44,2008,1197268.4
JP-44,2009,1191625.2
JP-44,2010,1189167.0
JP-44,2011,1188252.4
JP-44,2012,1180522.8
JP-44,2013,1177793.2
JP-44,2014,1169063.6
JP-44,2015,1154578.0
JP-44,2016,1156921.6
JP-44,2017,1149509.2
JP-44,2018,1137096.8
JP-44,2019,1130684.4
JP-44,2020,1099994.0
JP-45,1975,1084977.0
JP-45,1976,1101454.8
JP-45,1977,1111996.6
JP-45,1978,1123538.4
JP-45,1979,1135080.2
JP-45,1980,1151462.0
JP-45,1981,1158732.0
JP-45,1982,1167026.0
JP-45,1983,1170320.0
JP-45,1984,1173614.0
JP-45,1985,1175427.0
JP-45,1986,1174370.2
JP-45,1987,1176832.4
JP-45,1988,1177294.6
JP-45,1989,1176756.8
JP-45,1990,1167610.0
JP-45,1991,1167162.2
JP-45,1992,1166105.4
JP-45,1993,1172048.6
JP-45,1994,1171991.8
JP-45,1995,1175687.0
JP-45,1996,1178184.2
JP-45,1997,1175433.4
JP-45,1998,1176682.6
JP-45,1999,1175931.8
JP-45,2000,1169416.0
JP-45,2001,1169426.2
JP-45,2002,1167671.4
JP-45,2003,1164916.6
JP-45,2004,1162161.8
JP-45,2005,1151830.0
JP-45,2006,1148645.8
JP-45,2007,1140884.6
JP-45,2008,1133123.4
JP-45,2009,1127362.2
JP-45,2010,1130177.0
JP-45,2011,1130861.4
JP-45,2012,1126121.8
JP-45,2013,1120382.2
JP-45,2014,1113642.6
JP-45,2015,1094340.0
JP-45,2016,1092584.2
JP-45,2017,1084265.4
JP-45,2018,1076946.6
JP-45,2019,1069627.8
JP-45,2020,1051531.0
JP-46,1975,1723752.0
JP-46,1976,1731361.4
JP-46,1977,1740973.8
JP-46,1978,1753586.2
JP-46,1979,1763198.6
JP-46,1980,1784538.0
JP-46,1981,1792736.6
JP-46,1982,1798755.2
JP-46,1983,1802773.8
JP-46,1984,1810792.4
JP-46,1985,1819140.0
JP-46,1986,1819234.0
JP-46,1987,1817657.0
JP-46,1988,1814080.0
JP-46,1989,1811503.0
JP-46,1990,1796012.0
JP-46,1991,1792112.2
JP-46,1992,1787298.4
JP-46,1993,1788484.6
JP-46,1994,1785670.8
JP-46,1995,1794017.0
JP-46,1996,1795491.6
JP-46,1997,1793126.2
JP-46,1998,1789760.8
JP-46,1999,1789395.4
JP-46,2000,1785021.0
JP-46,2001,1785489.0
JP-46,2002,1780948.0
JP-46,2003,1774407.0
JP-46,2004,1771866.0
JP-46,2005,1752223.0
JP-46,2006,1742230.8
JP-46,2007,1729136.6
JP-46,2008,1718042.4
JP-46,2009,1705948.2
JP-46,2010,1698236.0
JP-46,2011,1693702.8
JP-46,2012,1684551.6
JP-46,2013,1675400.4
JP-46,2014,1662249.2
JP-46,2015,1628953.0
JP-46,2016,1634066.6
JP-46,2017,1620035.2
JP-46,2018,1609003.8
JP-46,2019,1593972.4
JP-46,2020,1541798.0
JP-47,1975,1041155.0
JP-47,1976,1058157.6
JP-47,1977,1073813.2
JP-47,1978,1080468.8
JP-47,1979,1094124.4
JP-47,1980,1105347.0
JP-47,1981,1118445.2
JP-47,1982,1131514.4
JP-47,1983,1147583.6
JP-47,1984,1163652.8
JP-47,1985,1178514.0
JP-47,1986,1191004.8
JP-47,1987,1201287.6
JP-47,1988,1213570.4
JP-47,1989,1218853.2
JP-47,1990,1214043.0
JP-47,1991,1226595.8
JP-47,1992,1239055.6
JP-47,1993,1247515.4
JP-47,1994,1252975.2
JP-47,1995,1272359.0
JP-47,1996,1285046.0
JP-47,1997,1289657.0
JP-47,1998,1300268.0
JP-47,1999,1308879.0
JP-47,2000,1308291.0
JP-47,2001,1327509.2
JP-47,2002,1336528.4
JP-47,2003,1347547.6
JP-47,2004,1355566.8
JP-47,2005,1360426.0
JP-47,2006,1367260.8
JP-47,2007,1370935.6
JP-47,2008,1377610.4
JP-47,2009,1380285.2
JP-47,2010,1383908.0
JP-47,2011,1398449.0
JP-47,2012,1407938.0
JP-47,2013,1413427.0
JP-47,2014,1418916.0
JP-47,2015,1416725.0
JP-47,2016,1435809.2
JP-47,2017,1442213.4
JP-47,2018,1446617.6
JP-47,2019,1448021.8
JP-47,2020,1437927.0
