prefecture_code,target_variable,predictor_variable,frequency_band,reason
JP-01,cases,w2c_event,annual,constant_predictor_band
JP-01,cases,c2w_transition_intensity,annual,constant_predictor_band
JP-01,cases,w2c_transition_intensity,annual,constant_predictor_band
JP-01,incidence_per_100k,w2c_event,annual,constant_predictor_band
JP-01,incidence_per_100k,c2w_transition_intensity,annual,constant_predictor_band
JP-01,incidence_per_100k,w2c_transition_intensity,annual,constant_predictor_band
JP-01,cases,t2m_std_anom,high_frequency,constant_predictor_band
JP-01,incidence_per_100k,t2m_std_anom,high_frequency,constant_predictor_band
JP-02,cases,t2m,trend,constant_predictor_band
JP-02,cases,t2m_std_anom,trend,constant_predictor_band
JP-02,cases,nw_wind,trend,constant_predictor_band
JP-02,incidence_per_100k,t2m,trend,constant_predictor_band
JP-02,incidence_per_100k,t2m_std_anom,trend,constant_predictor_band
JP-02,incidence_per_100k,nw_wind,trend,constant_predictor_band
JP-02,cases,w2c_transition_intensity,semiannual,constant_predictor_band
JP-02,incidence_per_100k,w2c_transition_intensity,semiannual,constant_predictor_band
JP-02,cases,t2m_std_anom,high_frequency,constant_predictor_band
JP-02,incidence_per_100k,t2m_std_anom,high_frequency,constant_predictor_band
JP-03,cases,c2w_event,interannual,constant_predictor_band
JP-03,cases,c2w_transition_intensity,interannual,constant_predictor_band
JP-03,incidence_per_100k,c2w_event,interannual,constant_predictor_band
JP-03,incidence_per_100k,c2w_transition_intensity,interannual,constant_predictor_band
JP-03,cases,c2w_event,annual,constant_predictor_band
JP-03,cases,w2c_event,annual,constant_predictor_band
JP-03,cases,c2w_transition_intensity,annual,constant_predictor_band
JP-03,cases,w2c_transition_intensity,annual,constant_predictor_band
JP-03,incidence_per_100k,c2w_event,annual,constant_predictor_band
JP-03,incidence_per_100k,w2c_event,annual,constant_predictor_band
JP-03,incidence_per_100k,c2w_transition_intensity,annual,constant_predictor_band
JP-03,incidence_per_100k,w2c_transition_intensity,annual,constant_predictor_band
JP-03,cases,t2m_std_anom,high_frequency,constant_predictor_band
JP-03,incidence_per_100k,t2m_std_anom,high_frequency,constant_predictor_band
JP-04,cases,c2w_event,interannual,constant_predictor_band
JP-04,cases,c2w_transition_intensity,interannual,constant_predictor_band
JP-04,cases,tp,interannual,constant_predictor_band
JP-04,incidence_per_100k,c2w_event,interannual,constant_predictor_band
JP-04,incidence_per_100k,c2w_transition_intensity,interannual,constant_predictor_band
JP-04,incidence_per_100k,tp,interannual,constant_predictor_band
JP-04,cases,c2w_event,annual,constant_predictor_band
JP-04,cases,w2c_event,annual,constant_predictor_band
JP-04,cases,c2w_transition_intensity,annual,constant_predictor_band
JP-04,cases,w2c_transition_intensity,annual,constant_predictor_band
JP-04,incidence_per_100k,c2w_event,annual,constant_predictor_band
JP-04,incidence_per_100k,w2c_event,annual,constant_predictor_band
JP-04,incidence_per_100k,c2w_transition_intensity,annual,constant_predictor_band
JP-04,incidence_per_100k,w2c_transition_intensity,annual,constant_predictor_band
JP-04,cases,w2c_transition_intensity,semiannual,constant_predictor_band
JP-04,incidence_per_100k,w2c_transition_intensity,semiannual,constant_predictor_band
JP-04,cases,t2m_std_anom,high_frequency,constant_predictor_band
JP-04,incidence_per_100k,t2m_std_anom,high_frequency,constant_predictor_band
JP-05,cases,w2c_event,trend,constant_predictor_band
JP-05,cases,w2c_transition_intensity,trend,constant_predictor_band
JP-05,incidence_per_100k,w2c_event,trend,constant_predictor_band
JP-05,incidence_per_100k,w2c_transition_intensity,trend,constant_predictor_band
JP-05,cases,c2w_event,interannual,constant_predictor_band
JP-05,incidence_per_100k,c2w_event,interannual,constant_predictor_band
JP-05,cases,c2w_event,annual,constant_predictor_band
JP-05,cases,c2w_transition_intensity,annual,constant_predictor_band
JP-05,incidence_per_100k,c2w_event,annual,constant_predictor_band
JP-05,incidence_per_100k,c2w_transition_intensity,annual,constant_predictor_band
JP-05,cases,w2c_event,semiannual,constant_predictor_band
JP-05,cases,w2c_transition_intensity,semiannual,constant_predictor_band
JP-05,incidence_per_100k,w2c_event,semiannual,constant_predictor_band
JP-05,incidence_per_100k,w2c_transition_intensity,semiannual,constant_predictor_band
JP-05,cases,t2m_std_anom,high_frequency,constant_predictor_band
JP-05,incidence_per_100k,t2m_std_anom,high_frequency,constant_predictor_band
JP-06,cases,nw_wind,trend,constant_predictor_band
JP-06,incidence_per_100k,nw_wind,trend,constant_predictor_band
JP-06,cases,c2w_event,interannual,constant_predictor_band
JP-06,cases,c2w_transition_intensity,interannual,constant_predictor_band
JP-06,incidence_per_100k,c2w_event,interannual,constant_predictor_band
JP-06,incidence_per_100k,c2w_transition_intensity,interannual,constant_predictor_band
JP-06,cases,c2w_event,annual,constant_predictor_band
JP-06,cases,w2c_event,annual,constant_predictor_band
JP-06,cases,c2w_transition_intensity,annual,constant_predictor_band
JP-06,cases,w2c_transition_intensity,annual,constant_predictor_band
JP-06,incidence_per_100k,c2w_event,annual,constant_predictor_band
JP-06,incidence_per_100k,w2c_event,annual,constant_predictor_band
JP-06,incidence_per_100k,c2w_transition_intensity,annual,constant_predictor_band
JP-06,incidence_per_100k,w2c_transition_intensity,annual,constant_predictor_band
JP-06,cases,w2c_event,semiannual,constant_predictor_band
JP-06,cases,w2c_transition_intensity,semiannual,constant_predictor_band
JP-06,incidence_per_100k,w2c_event,semiannual,constant_predictor_band
JP-06,incidence_per_100k,w2c_transition_intensity,semiannual,constant_predictor_band
JP-06,cases,t2m_std_anom,high_frequency,constant_predictor_band
JP-06,incidence_per_100k,t2m_std_anom,high_frequency,constant_predictor_band
JP-07,cases,c2w_event,interannual,constant_predictor_band
JP-07,cases,w2c_transition_intensity,interannual,constant_predictor_band
JP-07,cases,tp,interannual,constant_predictor_band
JP-07,incidence_per_100k,c2w_event,interannual,constant_predictor_band
JP-07,incidence_per_100k,w2c_transition_intensity,interannual,constant_predictor_band
JP-07,incidence_per_100k,tp,interannual,constant_predictor_band
JP-07,cases,c2w_event,annual,constant_predictor_band
JP-07,cases,c2w_transition_intensity,annual,constant_predictor_band
JP-07,incidence_per_100k,c2w_event,annual,constant_predictor_band
JP-07,incidence_per_100k,c2w_transition_intensity,annual,constant_predictor_band
JP-07,cases,w2c_transition_intensity,semiannual,constant_predictor_band
JP-07,incidence_per_100k,w2c_transition_intensity,semiannual,constant_predictor_band
JP-07,cases,t2m_std_anom,high_frequency,constant_predictor_band
JP-07,incidence_per_100k,t2m_std_anom,high_frequency,constant_predictor_band
JP-08,cases,w2c_event,interannual,constant_predictor_band
JP-08,cases,w2c_transition_intensity,interannual,constant_predictor_band
JP-08,cases,tp,interannual,constant_predictor_band
JP-08,incidence_per_100k,w2c_event,interannual,constant_predictor_band
JP-08,incidence_per_100k,w2c_transition_intensity,interannual,constant_predictor_band
JP-08,incidence_per_100k,tp,interannual,constant_predictor_band
JP-08,cases,c2w_event,annual,constant_predictor_band
JP-08,cases,c2w_transition_intensity,annual,constant_predictor_band
JP-08,incidence_per_100k,c2w_event,annual,constant_predictor_band
JP-08,incidence_per_100k,c2w_transition_intensity,annual,constant_predictor_band
JP-08,cases,c2w_event,semiannual,constant_predictor_band
JP-08,cases,c2w_transition_intensity,semiannual,constant_predictor_band
JP-08,cases,w2c_transition_intensity,semiannual,constant_predictor_band
JP-08,incidence_per_100k,c2w_event,semiannual,constant_predictor_band
JP-08,incidence_per_100k,c2w_transition_intensity,semiannual,constant_predictor_band
JP-08,incidence_per_100k,w2c_transition_intensity,semiannual,constant_predictor_band
JP-08,cases,t2m_std_anom,high_frequency,constant_predictor_band
JP-08,incidence_per_100k,t2m_std_anom,high_frequency,constant_predictor_band
JP-09,cases,w2c_event,interannual,constant_predictor_band
JP-09,incidence_per_100k,w2c_event,interannual,constant_predictor_band
JP-09,cases,c2w_event,annual,constant_predictor_band
JP-09,cases,c2w_transition_intensity,annual,constant_predictor_band
JP-09,incidence_per_100k,c2w_event,annual,constant_predictor_band
JP-09,incidence_per_100k,c2w_transition_intensity,annual,constant_predictor_band
JP-09,cases,c2w_event,semiannual,constant_predictor_band
JP-09,incidence_per_100k,c2w_event,semiannual,constant_predictor_band
JP-09,cases,t2m_std_anom,high_frequency,constant_predictor_band
JP-09,incidence_per_100k,t2m_std_anom,high_frequency,constant_predictor_band
JP-10,cases,c2w_event,interannual,constant_predictor_band
JP-10,cases,w2c_event,interannual,constant_predictor_band
JP-10,cases,c2w_transition_intensity,interannual,constant_predictor_band
JP-10,cases,w2c_transition_intensity,interannual,constant_predictor_band
JP-10,cases,tp,interannual,constant_predictor_band
JP-10,incidence_per_100k,c2w_event,interannual,constant_predictor_band
JP-10,incidence_per_100k,w2c_event,interannual,constant_predictor_band
JP-10,incidence_per_100k,c2w_transition_intensity,interannual,constant_predictor_band
JP-10,incidence_per_100k,w2c_transition_intensity,interannual,constant_predictor_band
JP-10,incidence_per_100k,tp,interannual,constant_predictor_band
JP-10,cases,t2m_std_anom,high_frequency,constant_predictor_band
JP-10,incidence_per_100k,t2m_std_anom,high_frequency,constant_predictor_band
JP-11,cases,w2c_event,interannual,constant_predictor_band
JP-11,cases,w2c_transition_intensity,interannual,constant_predictor_band
JP-11,cases,tp,interannual,constant_predictor_band
JP-11,incidence_per_100k,w2c_event,interannual,constant_predictor_band
JP-11,incidence_per_100k,w2c_transition_intensity,interannual,constant_predictor_band
JP-11,incidence_per_100k,tp,interannual,constant_predictor_band
JP-11,cases,c2w_event,annual,constant_predictor_band
JP-11,cases,c2w_transition_intensity,annual,constant_predictor_band
JP-11,incidence_per_100k,c2w_event,annual,constant_predictor_band
JP-11,incidence_per_100k,c2w_transition_intensity,annual,constant_predictor_band
JP-11,cases,c2w_event,semiannual,constant_predictor_band
JP-11,cases,c2w_transition_intensity,semiannual,constant_predictor_band
JP-11,incidence_per_100k,c2w_event,semiannual,constant_predictor_band
JP-11,incidence_per_100k,c2w_transition_intensity,semiannual,constant_predictor_band
JP-11,cases,t2m_std_anom,high_frequency,constant_predictor_band
JP-11,incidence_per_100k,t2m_std_anom,high_frequency,constant_predictor_band
JP-13,cases,w2c_event,interannual,constant_predictor_band
JP-13,cases,w2c_transition_intensity,interannual,constant_predictor_band
JP-13,cases,tp,interannual,constant_predictor_band
JP-13,incidence_per_100k,w2c_event,interannual,constant_predictor_band
JP-13,incidence_per_100k,w2c_transition_intensity,interannual,constant_predictor_band
JP-13,incidence_per_100k,tp,interannual,constant_predictor_band
JP-13,cases,c2w_event,annual,constant_predictor_band
JP-13,cases,c2w_transition_intensity,annual,constant_predictor_band
JP-13,incidence_per_100k,c2w_event,annual,constant_predictor_band
JP-13,incidence_per_100k,c2w_transition_intensity,annual,constant_predictor_band
JP-13,cases,c2w_event,semiannual,constant_predictor_band
JP-13,cases,c2w_transition_intensity,semiannual,constant_predictor_band
JP-13,incidence_per_100k,c2w_event,semiannual,constant_predictor_band
JP-13,incidence_per_100k,c2w_transition_intensity,semiannual,constant_predictor_band
JP-13,cases,t2m_std_anom,high_frequency,constant_predictor_band
JP-13,incidence_per_100k,t2m_std_anom,high_frequency,constant_predictor_band
JP-14,cases,w2c_event,interannual,constant_predictor_band
JP-14,cases,w2c_transition_intensity,interannual,constant_predictor_band
JP-14,cases,tp,interannual,constant_predictor_band
JP-14,incidence_per_100k,w2c_event,interannual,constant_predictor_band
JP-14,incidence_per_100k,w2c_transition_intensity,interannual,constant_predictor_band
JP-14,incidence_per_100k,tp,interannual,constant_predictor_band
JP-14,cases,c2w_event,annual,constant_predictor_band
JP-14,cases,c2w_transition_intensity,annual,constant_predictor_band
JP-14,incidence_per_100k,c2w_event,annual,constant_predictor_band
JP-14,incidence_per_100k,c2w_transition_intensity,annual,constant_predictor_band
JP-14,cases,t2m_std_anom,high_frequency,constant_predictor_band
JP-14,incidence_per_100k,t2m_std_anom,high_frequency,constant_predictor_band
JP-15,cases,c2w_event,trend,constant_predictor_band
JP-15,cases,c2w_transition_intensity,trend,constant_predictor_band
JP-15,incidence_per_100k,c2w_event,trend,constant_predictor_band
JP-15,incidence_per_100k,c2w_transition_intensity,trend,constant_predictor_band
JP-15,cases,nw_wind,interannual,constant_predictor_band
JP-15,incidence_per_100k,nw_wind,interannual,constant_predictor_band
JP-15,cases,c2w_event,annual,constant_predictor_band
JP-15,cases,w2c_event,annual,constant_predictor_band
JP-15,cases,c2w_transition_intensity,annual,constant_predictor_band
JP-15,cases,w2c_transition_intensity,annual,constant_predictor_band
JP-15,incidence_per_100k,c2w_event,annual,constant_predictor_band
JP-15,incidence_per_100k,w2c_event,annual,constant_predictor_band
JP-15,incidence_per_100k,c2w_transition_intensity,annual,constant_predictor_band
JP-15,incidence_per_100k,w2c_transition_intensity,annual,constant_predictor_band
JP-15,cases,w2c_event,semiannual,constant_predictor_band
JP-15,cases,w2c_transition_intensity,semiannual,constant_predictor_band
JP-15,incidence_per_100k,w2c_event,semiannual,constant_predictor_band
JP-15,incidence_per_100k,w2c_transition_intensity,semiannual,constant_predictor_band
JP-15,cases,t2m_std_anom,high_frequency,constant_predictor_band
JP-15,incidence_per_100k,t2m_std_anom,high_frequency,constant_predictor_band
JP-16,cases,c2w_event,interannual,constant_predictor_band
JP-16,cases,w2c_event,interannual,constant_predictor_band
JP-16,cases,w2c_transition_intensity,interannual,constant_predictor_band
JP-16,incidence_per_100k,t2m,interannual,constant_target_band
JP-16,incidence_per_100k,t2m_std_anom,interannual,constant_target_band
JP-16,incidence_per_100k,c2w_event,interannual,constant_target_band
JP-16,incidence_per_100k,w2c_event,interannual,constant_target_band
JP-16,incidence_per_100k,c2w_transition_intensity,interannual,constant_target_band
JP-16,incidence_per_100k,w2c_transition_intensity,interannual,constant_target_band
JP-16,incidence_per_100k,ah,interannual,constant_target_band
JP-16,incidence_per_100k,rh,interannual,constant_target_band
JP-16,incidence_per_100k,tp,interannual,constant_target_band
JP-16,incidence_per_100k,nw_wind,interannual,constant_target_band
JP-16,cases,c2w_event,annual,constant_predictor_band
JP-16,cases,c2w_transition_intensity,annual,constant_predictor_band
JP-16,incidence_per_100k,c2w_event,annual,constant_predictor_band
JP-16,incidence_per_100k,c2w_transition_intensity,annual,constant_predictor_band
JP-16,cases,c2w_event,semiannual,constant_predictor_band
JP-16,cases,w2c_event,semiannual,constant_predictor_band
JP-16,cases,c2w_transition_intensity,semiannual,constant_predictor_band
JP-16,cases,w2c_transition_intensity,semiannual,constant_predictor_band
JP-16,incidence_per_100k,c2w_event,semiannual,constant_predictor_band
JP-16,incidence_per_100k,w2c_event,semiannual,constant_predictor_band
JP-16,incidence_per_100k,c2w_transition_intensity,semiannual,constant_predictor_band
JP-16,incidence_per_100k,w2c_transition_intensity,semiannual,constant_predictor_band
JP-16,cases,t2m_std_anom,high_frequency,constant_predictor_band
JP-16,incidence_per_100k,t2m_std_anom,high_frequency,constant_predictor_band
JP-17,cases,t2m,interannual,constant_target_band
JP-17,cases,t2m_std_anom,interannual,constant_target_band
JP-17,cases,c2w_event,interannual,constant_target_band
JP-17,cases,w2c_event,interannual,constant_target_band
JP-17,cases,c2w_transition_intensity,interannual,constant_target_band
JP-17,cases,w2c_transition_intensity,interannual,constant_target_band
JP-17,cases,ah,interannual,constant_target_band
JP-17,cases,rh,interannual,constant_target_band
JP-17,cases,tp,interannual,constant_target_band
JP-17,cases,nw_wind,interannual,constant_target_band
JP-17,incidence_per_100k,t2m,interannual,constant_target_band
JP-17,incidence_per_100k,t2m_std_anom,interannual,constant_target_band
JP-17,incidence_per_100k,c2w_event,interannual,constant_target_band
JP-17,incidence_per_100k,w2c_event,interannual,constant_target_band
JP-17,incidence_per_100k,c2w_transition_intensity,interannual,constant_target_band
JP-17,incidence_per_100k,w2c_transition_intensity,interannual,constant_target_band
JP-17,incidence_per_100k,ah,interannual,constant_target_band
JP-17,incidence_per_100k,rh,interannual,constant_target_band
JP-17,incidence_per_100k,tp,interannual,constant_target_band
JP-17,incidence_per_100k,nw_wind,interannual,constant_target_band
JP-17,cases,c2w_transition_intensity,annual,constant_predictor_band
JP-17,incidence_per_100k,c2w_transition_intensity,annual,constant_predictor_band
JP-17,cases,w2c_event,semiannual,constant_predictor_band
JP-17,cases,w2c_transition_intensity,semiannual,constant_predictor_band
JP-17,incidence_per_100k,w2c_event,semiannual,constant_predictor_band
JP-17,incidence_per_100k,w2c_transition_intensity,semiannual,constant_predictor_band
JP-17,cases,t2m_std_anom,high_frequency,constant_predictor_band
JP-17,incidence_per_100k,t2m_std_anom,high_frequency,constant_predictor_band
JP-18,cases,w2c_event,interannual,constant_predictor_band
JP-18,cases,w2c_transition_intensity,interannual,constant_predictor_band
JP-18,incidence_per_100k,w2c_event,interannual,constant_predictor_band
JP-18,incidence_per_100k,w2c_transition_intensity,interannual,constant_predictor_band
JP-18,cases,c2w_event,semiannual,constant_predictor_band
JP-18,cases,w2c_event,semiannual,constant_predictor_band
JP-18,cases,c2w_transition_intensity,semiannual,constant_predictor_band
JP-18,cases,w2c_transition_intensity,semiannual,constant_predictor_band
JP-18,incidence_per_100k,c2w_event,semiannual,constant_predictor_band
JP-18,incidence_per_100k,w2c_event,semiannual,constant_predictor_band
JP-18,incidence_per_100k,c2w_transition_intensity,semiannual,constant_predictor_band
JP-18,incidence_per_100k,w2c_transition_intensity,semiannual,constant_predictor_band
JP-18,cases,t2m_std_anom,high_frequency,constant_predictor_band
JP-18,incidence_per_100k,t2m_std_anom,high_frequency,constant_predictor_band
JP-19,cases,nw_wind,trend,constant_predictor_band
JP-19,incidence_per_100k,nw_wind,trend,constant_predictor_band
JP-19,cases,w2c_event,interannual,constant_predictor_band
JP-19,cases,w2c_transition_intensity,interannual,constant_predictor_band
JP-19,incidence_per_100k,w2c_event,interannual,constant_predictor_band
JP-19,incidence_per_100k,w2c_transition_intensity,interannual,constant_predictor_band
JP-19,cases,c2w_event,annual,constant_predictor_band
JP-19,cases,w2c_event,annual,constant_predictor_band
JP-19,cases,c2w_transition_intensity,annual,constant_predictor_band
JP-19,cases,w2c_transition_intensity,annual,constant_predictor_band
JP-19,incidence_per_100k,c2w_event,annual,constant_predictor_band
JP-19,incidence_per_100k,w2c_event,annual,constant_predictor_band
JP-19,incidence_per_100k,c2w_transition_intensity,annual,constant_predictor_band
JP-19,incidence_per_100k,w2c_transition_intensity,annual,constant_predictor_band
JP-19,cases,c2w_event,semiannual,constant_predictor_band
JP-19,cases,c2w_transition_intensity,semiannual,constant_predictor_band
JP-19,incidence_per_100k,c2w_event,semiannual,constant_predictor_band
JP-19,incidence_per_100k,c2w_transition_intensity,semiannual,constant_predictor_band
JP-19,cases,t2m_std_anom,high_frequency,constant_predictor_band
JP-19,incidence_per_100k,t2m_std_anom,high_frequency,constant_predictor_band
JP-20,cases,w2c_event,interannual,constant_predictor_band
JP-20,cases,w2c_transition_intensity,interannual,constant_predictor_band
JP-20,cases,tp,interannual,constant_predictor_band
JP-20,incidence_per_100k,w2c_event,interannual,constant_predictor_band
JP-20,incidence_per_100k,w2c_transition_intensity,interannual,constant_predictor_band
JP-20,incidence_per_100k,tp,interannual,constant_predictor_band
JP-20,cases,c2w_event,annual,constant_predictor_band
JP-20,cases,w2c_event,annual,constant_predictor_band
JP-20,cases,c2w_transition_intensity,annual,constant_predictor_band
JP-20,cases,w2c_transition_intensity,annual,constant_predictor_band
JP-20,incidence_per_100k,c2w_event,annual,constant_predictor_band
JP-20,incidence_per_100k,w2c_event,annual,constant_predictor_band
JP-20,incidence_per_100k,c2w_transition_intensity,annual,constant_predictor_band
JP-20,incidence_per_100k,w2c_transition_intensity,annual,constant_predictor_band
JP-20,cases,c2w_event,semiannual,constant_predictor_band
JP-20,cases,c2w_transition_intensity,semiannual,constant_predictor_band
JP-20,incidence_per_100k,c2w_event,semiannual,constant_predictor_band
JP-20,incidence_per_100k,c2w_transition_intensity,semiannual,constant_predictor_band
JP-20,cases,t2m_std_anom,high_frequency,constant_predictor_band
JP-20,incidence_per_100k,t2m_std_anom,high_frequency,constant_predictor_band
JP-21,cases,t2m,interannual,constant_target_band
JP-21,cases,t2m_std_anom,interannual,constant_target_band
JP-21,cases,c2w_event,interannual,constant_target_band
JP-21,cases,w2c_event,interannual,constant_target_band
JP-21,cases,c2w_transition_intensity,interannual,constant_target_band
JP-21,cases,w2c_transition_intensity,interannual,constant_target_band
JP-21,cases,ah,interannual,constant_target_band
JP-21,cases,rh,interannual,constant_target_band
JP-21,cases,tp,interannual,constant_target_band
JP-21,cases,nw_wind,interannual,constant_target_band
JP-21,incidence_per_100k,t2m,interannual,constant_target_band
JP-21,incidence_per_100k,t2m_std_anom,interannual,constant_target_band
JP-21,incidence_per_100k,c2w_event,interannual,constant_target_band
JP-21,incidence_per_100k,w2c_event,interannual,constant_target_band
JP-21,incidence_per_100k,c2w_transition_intensity,interannual,constant_target_band
JP-21,incidence_per_100k,w2c_transition_intensity,interannual,constant_target_band
JP-21,incidence_per_100k,ah,interannual,constant_target_band
JP-21,incidence_per_100k,rh,interannual,constant_target_band
JP-21,incidence_per_100k,tp,interannual,constant_target_band
JP-21,incidence_per_100k,nw_wind,interannual,constant_target_band
JP-21,cases,c2w_event,annual,constant_predictor_band
JP-21,cases,w2c_event,annual,constant_predictor_band
JP-21,cases,w2c_transition_intensity,annual,constant_predictor_band
JP-21,incidence_per_100k,c2w_event,annual,constant_predictor_band
JP-21,incidence_per_100k,w2c_event,annual,constant_predictor_band
JP-21,incidence_per_100k,w2c_transition_intensity,annual,constant_predictor_band
JP-21,cases,c2w_event,semiannual,constant_predictor_band
JP-21,cases,c2w_transition_intensity,semiannual,constant_predictor_band
JP-21,incidence_per_100k,c2w_event,semiannual,constant_predictor_band
JP-21,incidence_per_100k,c2w_transition_intensity,semiannual,constant_predictor_band
JP-21,cases,t2m_std_anom,high_frequency,constant_predictor_band
JP-21,incidence_per_100k,t2m_std_anom,high_frequency,constant_predictor_band
JP-22,cases,w2c_event,interannual,constant_predictor_band
JP-22,cases,w2c_transition_intensity,interannual,constant_predictor_band
JP-22,incidence_per_100k,w2c_event,interannual,constant_predictor_band
JP-22,incidence_per_100k,w2c_transition_intensity,interannual,constant_predictor_band
JP-22,cases,c2w_event,semiannual,constant_predictor_band
JP-22,cases,c2w_transition_intensity,semiannual,constant_predictor_band
JP-22,cases,w2c_transition_intensity,semiannual,constant_predictor_band
JP-22,incidence_per_100k,c2w_event,semiannual,constant_predictor_band
JP-22,incidence_per_100k,c2w_transition_intensity,semiannual,constant_predictor_band
JP-22,incidence_per_100k,w2c_transition_intensity,semiannual,constant_predictor_band
JP-22,cases,t2m_std_anom,high_frequency,constant_predictor_band
JP-22,incidence_per_100k,t2m_std_anom,high_frequency,constant_predictor_band
JP-23,cases,rh,trend,constant_predictor_band
JP-23,incidence_per_100k,rh,trend,constant_predictor_band
JP-23,cases,w2c_event,interannual,constant_predictor_band
JP-23,cases,w2c_transition_intensity,interannual,constant_predictor_band
JP-23,incidence_per_100k,w2c_event,interannual,constant_predictor_band
JP-23,incidence_per_100k,w2c_transition_intensity,interannual,constant_predictor_band
JP-23,cases,c2w_event,annual,constant_predictor_band
JP-23,cases,w2c_event,annual,constant_predictor_band
JP-23,cases,c2w_transition_intensity,annual,constant_predictor_band
JP-23,cases,w2c_transition_intensity,annual,constant_predictor_band
JP-23,incidence_per_100k,c2w_event,annual,constant_predictor_band
JP-23,incidence_per_100k,w2c_event,annual,constant_predictor_band
JP-23,incidence_per_100k,c2w_transition_intensity,annual,constant_predictor_band
JP-23,incidence_per_100k,w2c_transition_intensity,annual,constant_predictor_band
JP-23,cases,c2w_event,semiannual,constant_predictor_band
JP-23,cases,c2w_transition_intensity,semiannual,constant_predictor_band
JP-23,incidence_per_100k,c2w_event,semiannual,constant_predictor_band
JP-23,incidence_per_100k,c2w_transition_intensity,semiannual,constant_predictor_band
JP-23,cases,t2m_std_anom,high_frequency,constant_predictor_band
JP-23,incidence_per_100k,t2m_std_anom,high_frequency,constant_predictor_band
JP-24,cases,w2c_event,interannual,constant_predictor_band
JP-24,cases,w2c_transition_intensity,interannual,constant_predictor_band
JP-24,incidence_per_100k,w2c_event,interannual,constant_predictor_band
JP-24,incidence_per_100k,w2c_transition_intensity,interannual,constant_predictor_band
JP-24,cases,c2w_event,annual,constant_predictor_band
JP-24,cases,w2c_event,annual,constant_predictor_band
JP-24,cases,c2w_transition_intensity,annual,constant_predictor_band
JP-24,cases,w2c_transition_intensity,annual,constant_predictor_band
JP-24,incidence_per_100k,c2w_event,annual,constant_predictor_band
JP-24,incidence_per_100k,w2c_event,annual,constant_predictor_band
JP-24,incidence_per_100k,c2w_transition_intensity,annual,constant_predictor_band
JP-24,incidence_per_100k,w2c_transition_intensity,annual,constant_predictor_band
JP-24,cases,t2m_std_anom,high_frequency,constant_predictor_band
JP-24,incidence_per_100k,t2m_std_anom,high_frequency,constant_predictor_band
JP-25,cases,rh,trend,constant_predictor_band
JP-25,incidence_per_100k,rh,trend,constant_predictor_band
JP-25,cases,t2m,interannual,constant_target_band
JP-25,cases,t2m_std_anom,interannual,constant_target_band
JP-25,cases,c2w_event,interannual,constant_target_band
JP-25,cases,w2c_event,interannual,constant_target_band
JP-25,cases,c2w_transition_intensity,interannual,constant_target_band
JP-25,cases,w2c_transition_intensity,interannual,constant_target_band
JP-25,cases,ah,interannual,constant_target_band
JP-25,cases,rh,interannual,constant_target_band
JP-25,cases,tp,interannual,constant_target_band
JP-25,cases,nw_wind,interannual,constant_target_band
JP-25,incidence_per_100k,t2m,interannual,constant_target_band
JP-25,incidence_per_100k,t2m_std_anom,interannual,constant_target_band
JP-25,incidence_per_100k,c2w_event,interannual,constant_target_band
JP-25,incidence_per_100k,w2c_event,interannual,constant_target_band
JP-25,incidence_per_100k,c2w_transition_intensity,interannual,constant_target_band
JP-25,incidence_per_100k,w2c_transition_intensity,interannual,constant_target_band
JP-25,incidence_per_100k,ah,interannual,constant_target_band
JP-25,incidence_per_100k,rh,interannual,constant_target_band
JP-25,incidence_per_100k,tp,interannual,constant_target_band
JP-25,incidence_per_100k,nw_wind,interannual,constant_target_band
JP-25,cases,c2w_event,annual,constant_predictor_band
JP-25,cases,w2c_event,annual,constant_predictor_band
JP-25,cases,c2w_transition_intensity,annual,constant_predictor_band
JP-25,incidence_per_100k,c2w_event,annual,constant_predictor_band
JP-25,incidence_per_100k,w2c_event,annual,constant_predictor_band
JP-25,incidence_per_100k,c2w_transition_intensity,annual,constant_predictor_band
JP-25,cases,t2m_std_anom,high_frequency,constant_predictor_band
JP-25,incidence_per_100k,t2m_std_anom,high_frequency,constant_predictor_band
JP-26,cases,w2c_event,interannual,constant_predictor_band
JP-26,cases,w2c_transition_intensity,interannual,constant_predictor_band
JP-26,incidence_per_100k,w2c_event,interannual,constant_predictor_band
JP-26,incidence_per_100k,w2c_transition_intensity,interannual,constant_predictor_band
JP-26,cases,c2w_event,semiannual,constant_predictor_band
JP-26,incidence_per_100k,c2w_event,semiannual,constant_predictor_band
JP-27,cases,w2c_event,interannual,constant_predictor_band
JP-27,incidence_per_100k,w2c_event,interannual,constant_predictor_band
JP-27,cases,w2c_event,annual,constant_predictor_band
JP-27,incidence_per_100k,w2c_event,annual,constant_predictor_band
JP-27,cases,c2w_event,semiannual,constant_predictor_band
JP-27,cases,c2w_transition_intensity,semiannual,constant_predictor_band
JP-27,incidence_per_100k,c2w_event,semiannual,constant_predictor_band
JP-27,incidence_per_100k,c2w_transition_intensity,semiannual,constant_predictor_band
JP-27,cases,t2m_std_anom,high_frequency,constant_predictor_band
JP-27,incidence_per_100k,t2m_std_anom,high_frequency,constant_predictor_band
JP-28,cases,w2c_event,interannual,constant_predictor_band
JP-28,cases,w2c_transition_intensity,interannual,constant_predictor_band
JP-28,incidence_per_100k,w2c_event,interannual,constant_predictor_band
JP-28,incidence_per_100k,w2c_transition_intensity,interannual,constant_predictor_band
JP-28,cases,c2w_event,semiannual,constant_predictor_band
JP-28,cases,c2w_transition_intensity,semiannual,constant_predictor_band
JP-28,incidence_per_100k,c2w_event,semiannual,constant_predictor_band
JP-28,incidence_per_100k,c2w_transition_intensity,semiannual,constant_predictor_band
JP-29,cases,w2c_event,trend,constant_predictor_band
JP-29,incidence_per_100k,w2c_event,trend,constant_predictor_band
JP-29,cases,t2m,interannual,constant_target_band
JP-29,cases,t2m_std_anom,interannual,constant_target_band
JP-29,cases,c2w_event,interannual,constant_target_band
JP-29,cases,w2c_event,interannual,constant_target_band
JP-29,cases,c2w_transition_intensity,interannual,constant_target_band
JP-29,cases,w2c_transition_intensity,interannual,constant_target_band
JP-29,cases,ah,interannual,constant_target_band
JP-29,cases,rh,interannual,constant_target_band
JP-29,cases,tp,interannual,constant_target_band
JP-29,cases,nw_wind,interannual,constant_target_band
JP-29,incidence_per_100k,t2m,interannual,constant_target_band
JP-29,incidence_per_100k,t2m_std_anom,interannual,constant_target_band
JP-29,incidence_per_100k,c2w_event,interannual,constant_target_band
JP-29,incidence_per_100k,w2c_event,interannual,constant_target_band
JP-29,incidence_per_100k,c2w_transition_intensity,interannual,constant_target_band
JP-29,incidence_per_100k,w2c_transition_intensity,interannual,constant_target_band
JP-29,incidence_per_100k,ah,interannual,constant_target_band
JP-29,incidence_per_100k,rh,interannual,constant_target_band
JP-29,incidence_per_100k,tp,interannual,constant_target_band
JP-29,incidence_per_100k,nw_wind,interannual,constant_target_band
JP-29,cases,w2c_event,annual,constant_predictor_band
JP-29,cases,w2c_transition_intensity,annual,constant_predictor_band
JP-29,incidence_per_100k,w2c_event,annual,constant_predictor_band
JP-29,incidence_per_100k,w2c_transition_intensity,annual,constant_predictor_band
JP-29,cases,c2w_event,semiannual,constant_predictor_band
JP-29,cases,c2w_transition_intensity,semiannual,constant_predictor_band
JP-29,incidence_per_100k,c2w_event,semiannual,constant_predictor_band
JP-29,incidence_per_100k,c2w_transition_intensity,semiannual,constant_predictor_band
JP-29,cases,t2m_std_anom,high_frequency,constant_predictor_band
JP-29,incidence_per_100k,t2m_std_anom,high_frequency,constant_predictor_band
JP-30,cases,w2c_event,annual,constant_predictor_band
JP-30,cases,w2c_transition_intensity,annual,constant_predictor_band
JP-30,incidence_per_100k,w2c_event,annual,constant_predictor_band
JP-30,incidence_per_100k,w2c_transition_intensity,annual,constant_predictor_band
JP-30,cases,c2w_event,semiannual,constant_predictor_band
JP-30,cases,c2w_transition_intensity,semiannual,constant_predictor_band
JP-30,incidence_per_100k,c2w_event,semiannual,constant_predictor_band
JP-30,incidence_per_100k,c2w_transition_intensity,semiannual,constant_predictor_band
JP-30,cases,t2m_std_anom,high_frequency,constant_predictor_band
JP-30,incidence_per_100k,t2m_std_anom,high_frequency,constant_predictor_band
JP-31,cases,nw_wind,trend,constant_predictor_band
JP-31,incidence_per_100k,nw_wind,trend,constant_predictor_band
JP-31,cases,w2c_event,interannual,constant_predictor_band
JP-31,cases,w2c_transition_intensity,interannual,constant_predictor_band
JP-31,incidence_per_100k,w2c_event,interannual,constant_predictor_band
JP-31,incidence_per_100k,w2c_transition_intensity,interannual,constant_predictor_band
JP-32,cases,w2c_event,interannual,constant_predictor_band
JP-32,incidence_per_100k,w2c_event,interannual,constant_predictor_band
JP-32,cases,c2w_event,semiannual,constant_predictor_band
JP-32,cases,w2c_event,semiannual,constant_predictor_band
JP-32,cases,c2w_transition_intensity,semiannual,constant_predictor_band
JP-32,cases,w2c_transition_intensity,semiannual,constant_predictor_band
JP-32,incidence_per_100k,c2w_event,semiannual,constant_predictor_band
JP-32,incidence_per_100k,w2c_event,semiannual,constant_predictor_band
JP-32,incidence_per_100k,c2w_transition_intensity,semiannual,constant_predictor_band
JP-32,incidence_per_100k,w2c_transition_intensity,semiannual,constant_predictor_band
JP-32,cases,t2m_std_anom,high_frequency,constant_predictor_band
JP-32,incidence_per_100k,t2m_std_anom,high_frequency,constant_predictor_band
JP-33,cases,t2m,interannual,constant_target_band
JP-33,cases,t2m_std_anom,interannual,constant_target_band
JP-33,cases,c2w_event,interannual,constant_target_band
JP-33,cases,w2c_event,interannual,constant_target_band
JP-33,cases,c2w_transition_intensity,interannual,constant_target_band
JP-33,cases,w2c_transition_intensity,interannual,constant_target_band
JP-33,cases,ah,interannual,constant_target_band
JP-33,cases,rh,interannual,constant_target_band
JP-33,cases,tp,interannual,constant_target_band
JP-33,cases,nw_wind,interannual,constant_target_band
JP-33,incidence_per_100k,w2c_event,interannual,constant_predictor_band
JP-33,incidence_per_100k,w2c_transition_intensity,interannual,constant_predictor_band
JP-33,cases,c2w_event,semiannual,constant_predictor_band
JP-33,incidence_per_100k,c2w_event,semiannual,constant_predictor_band
JP-34,cases,c2w_event,trend,constant_predictor_band
JP-34,cases,c2w_transition_intensity,trend,constant_predictor_band
JP-34,incidence_per_100k,c2w_event,trend,constant_predictor_band
JP-34,incidence_per_100k,c2w_transition_intensity,trend,constant_predictor_band
JP-34,cases,w2c_event,interannual,constant_predictor_band
JP-34,incidence_per_100k,w2c_event,interannual,constant_predictor_band
JP-34,cases,w2c_event,annual,constant_predictor_band
JP-34,cases,w2c_transition_intensity,annual,constant_predictor_band
JP-34,incidence_per_100k,w2c_event,annual,constant_predictor_band
JP-34,incidence_per_100k,w2c_transition_intensity,annual,constant_predictor_band
JP-34,cases,w2c_event,semiannual,constant_predictor_band
JP-34,cases,w2c_transition_intensity,semiannual,constant_predictor_band
JP-34,incidence_per_100k,w2c_event,semiannual,constant_predictor_band
JP-34,incidence_per_100k,w2c_transition_intensity,semiannual,constant_predictor_band
JP-34,cases,t2m_std_anom,high_frequency,constant_predictor_band
JP-34,incidence_per_100k,t2m_std_anom,high_frequency,constant_predictor_band
JP-35,cases,c2w_event,interannual,constant_predictor_band
JP-35,cases,w2c_event,interannual,constant_predictor_band
JP-35,cases,w2c_transition_intensity,interannual,constant_predictor_band
JP-35,cases,tp,interannual,constant_predictor_band
JP-35,incidence_per_100k,c2w_event,interannual,constant_predictor_band
JP-35,incidence_per_100k,w2c_event,interannual,constant_predictor_band
JP-35,incidence_per_100k,w2c_transition_intensity,interannual,constant_predictor_band
JP-35,incidence_per_100k,tp,interannual,constant_predictor_band
JP-35,cases,c2w_event,semiannual,constant_predictor_band
JP-35,cases,w2c_event,semiannual,constant_predictor_band
JP-35,cases,c2w_transition_intensity,semiannual,constant_predictor_band
JP-35,cases,w2c_transition_intensity,semiannual,constant_predictor_band
JP-35,incidence_per_100k,c2w_event,semiannual,constant_predictor_band
JP-35,incidence_per_100k,w2c_event,semiannual,constant_predictor_band
JP-35,incidence_per_100k,c2w_transition_intensity,semiannual,constant_predictor_band
JP-35,incidence_per_100k,w2c_transition_intensity,semiannual,constant_predictor_band
JP-35,cases,t2m_std_anom,high_frequency,constant_predictor_band
JP-35,incidence_per_100k,t2m_std_anom,high_frequency,constant_predictor_band
JP-36,cases,nw_wind,trend,constant_predictor_band
JP-36,incidence_per_100k,nw_wind,trend,constant_predictor_band
JP-36,cases,w2c_event,interannual,constant_predictor_band
JP-36,incidence_per_100k,w2c_event,interannual,constant_predictor_band
JP-36,cases,w2c_event,annual,constant_predictor_band
JP-36,cases,w2c_transition_intensity,annual,constant_predictor_band
JP-36,incidence_per_100k,w2c_event,annual,constant_predictor_band
JP-36,incidence_per_100k,w2c_transition_intensity,annual,constant_predictor_band
JP-36,cases,c2w_event,semiannual,constant_predictor_band
JP-36,cases,c2w_transition_intensity,semiannual,constant_predictor_band
JP-36,incidence_per_100k,c2w_event,semiannual,constant_predictor_band
JP-36,incidence_per_100k,c2w_transition_intensity,semiannual,constant_predictor_band
JP-36,cases,t2m_std_anom,high_frequency,constant_predictor_band
JP-36,incidence_per_100k,t2m_std_anom,high_frequency,constant_predictor_band
JP-37,cases,c2w_event,interannual,constant_predictor_band
JP-37,cases,w2c_event,interannual,constant_predictor_band
JP-37,cases,c2w_transition_intensity,interannual,constant_predictor_band
JP-37,cases,w2c_transition_intensity,interannual,constant_predictor_band
JP-37,cases,tp,interannual,constant_predictor_band
JP-37,incidence_per_100k,c2w_event,interannual,constant_predictor_band
JP-37,incidence_per_100k,w2c_event,interannual,constant_predictor_band
JP-37,incidence_per_100k,c2w_transition_intensity,interannual,constant_predictor_band
JP-37,incidence_per_100k,w2c_transition_intensity,interannual,constant_predictor_band
JP-37,incidence_per_100k,tp,interannual,constant_predictor_band
JP-37,cases,c2w_event,semiannual,constant_predictor_band
JP-37,cases,w2c_event,semiannual,constant_predictor_band
JP-37,cases,c2w_transition_intensity,semiannual,constant_predictor_band
JP-37,incidence_per_100k,c2w_event,semiannual,constant_predictor_band
JP-37,incidence_per_100k,w2c_event,semiannual,constant_predictor_band
JP-37,incidence_per_100k,c2w_transition_intensity,semiannual,constant_predictor_band
JP-37,cases,t2m_std_anom,high_frequency,constant_predictor_band
JP-37,incidence_per_100k,t2m_std_anom,high_frequency,constant_predictor_band
JP-38,cases,w2c_event,interannual,constant_predictor_band
JP-38,cases,w2c_transition_intensity,interannual,constant_predictor_band
JP-38,incidence_per_100k,w2c_event,interannual,constant_predictor_band
JP-38,incidence_per_100k,w2c_transition_intensity,interannual,constant_predictor_band
JP-38,cases,c2w_event,semiannual,constant_predictor_band
JP-38,cases,w2c_event,semiannual,constant_predictor_band
JP-38,cases,c2w_transition_intensity,semiannual,constant_predictor_band
JP-38,cases,w2c_transition_intensity,semiannual,constant_predictor_band
JP-38,incidence_per_100k,c2w_event,semiannual,constant_predictor_band
JP-38,incidence_per_100k,w2c_event,semiannual,constant_predictor_band
JP-38,incidence_per_100k,c2w_transition_intensity,semiannual,constant_predictor_band
JP-38,incidence_per_100k,w2c_transition_intensity,semiannual,constant_predictor_band
JP-38,cases,t2m_std_anom,high_frequency,constant_predictor_band
JP-38,incidence_per_100k,t2m_std_anom,high_frequency,constant_predictor_band
JP-39,cases,nw_wind,trend,constant_predictor_band
JP-39,incidence_per_100k,nw_wind,trend,constant_predictor_band
JP-39,cases,w2c_event,interannual,constant_predictor_band
JP-39,cases,w2c_transition_intensity,interannual,constant_predictor_band
JP-39,incidence_per_100k,w2c_event,interannual,constant_predictor_band
JP-39,incidence_per_100k,w2c_transition_intensity,interannual,constant_predictor_band
JP-39,cases,c2w_event,semiannual,constant_predictor_band
JP-39,cases,w2c_event,semiannual,constant_predictor_band
JP-39,cases,c2w_transition_intensity,semiannual,constant_predictor_band
JP-39,cases,w2c_transition_intensity,semiannual,constant_predictor_band
JP-39,incidence_per_100k,c2w_event,semiannual,constant_predictor_band
JP-39,incidence_per_100k,w2c_event,semiannual,constant_predictor_band
JP-39,incidence_per_100k,c2w_transition_intensity,semiannual,constant_predictor_band
JP-39,incidence_per_100k,w2c_transition_intensity,semiannual,constant_predictor_band
JP-39,cases,t2m_std_anom,high_frequency,constant_predictor_band
JP-39,incidence_per_100k,t2m_std_anom,high_frequency,constant_predictor_band
JP-40,cases,w2c_event,interannual,constant_predictor_band
JP-40,incidence_per_100k,w2c_event,interannual,constant_predictor_band
JP-40,cases,w2c_event,annual,constant_predictor_band
JP-40,cases,w2c_transition_intensity,annual,constant_predictor_band
JP-40,incidence_per_100k,w2c_event,annual,constant_predictor_band
JP-40,incidence_per_100k,w2c_transition_intensity,annual,constant_predictor_band
JP-40,cases,c2w_event,semiannual,constant_predictor_band
JP-40,cases,w2c_event,semiannual,constant_predictor_band
JP-40,cases,w2c_transition_intensity,semiannual,constant_predictor_band
JP-40,incidence_per_100k,c2w_event,semiannual,constant_predictor_band
JP-40,incidence_per_100k,w2c_event,semiannual,constant_predictor_band
JP-40,incidence_per_100k,w2c_transition_intensity,semiannual,constant_predictor_band
JP-40,cases,t2m_std_anom,high_frequency,constant_predictor_band
JP-40,incidence_per_100k,t2m_std_anom,high_frequency,constant_predictor_band
JP-41,cases,w2c_event,annual,constant_predictor_band
JP-41,incidence_per_100k,w2c_event,annual,constant_predictor_band
JP-41,cases,c2w_event,semiannual,constant_predictor_band
JP-41,cases,w2c_event,semiannual,constant_predictor_band
JP-41,cases,c2w_transition_intensity,semiannual,constant_predictor_band
JP-41,cases,w2c_transition_intensity,semiannual,constant_predictor_band
JP-41,incidence_per_100k,c2w_event,semiannual,constant_predictor_band
JP-41,incidence_per_100k,w2c_event,semiannual,constant_predictor_band
JP-41,incidence_per_100k,c2w_transition_intensity,semiannual,constant_predictor_band
JP-41,incidence_per_100k,w2c_transition_intensity,semiannual,constant_predictor_band
JP-41,cases,t2m_std_anom,high_frequency,constant_predictor_band
JP-41,incidence_per_100k,t2m_std_anom,high_frequency,constant_predictor_band
JP-42,cases,w2c_event,interannual,constant_predictor_band
JP-42,cases,w2c_transition_intensity,interannual,constant_predictor_band
JP-42,incidence_per_100k,w2c_event,interannual,constant_predictor_band
JP-42,incidence_per_100k,w2c_transition_intensity,interannual,constant_predictor_band
JP-42,cases,w2c_event,semiannual,constant_predictor_band
JP-42,cases,w2c_transition_intensity,semiannual,constant_predictor_band
JP-42,incidence_per_100k,w2c_event,semiannual,constant_predictor_band
JP-42,incidence_per_100k,w2c_transition_intensity,semiannual,constant_predictor_band
JP-42,cases,t2m_std_anom,high_frequency,constant_predictor_band
JP-42,incidence_per_100k,t2m_std_anom,high_frequency,constant_predictor_band
JP-43,cases,w2c_event,interannual,constant_predictor_band
JP-43,cases,w2c_transition_intensity,interannual,constant_predictor_band
JP-43,incidence_per_100k,w2c_event,interannual,constant_predictor_band
JP-43,incidence_per_100k,w2c_transition_intensity,interannual,constant_predictor_band
JP-43,cases,c2w_event,semiannual,constant_predictor_band
JP-43,cases,c2w_transition_intensity,semiannual,constant_predictor_band
JP-43,incidence_per_100k,c2w_event,semiannual,constant_predictor_band
JP-43,incidence_per_100k,c2w_transition_intensity,semiannual,constant_predictor_band
JP-43,cases,t2m_std_anom,high_frequency,constant_predictor_band
JP-43,incidence_per_100k,t2m_std_anom,high_frequency,constant_predictor_band
JP-44,cases,w2c_event,interannual,constant_predictor_band
JP-44,cases,w2c_transition_intensity,interannual,constant_predictor_band
JP-44,incidence_per_100k,w2c_event,interannual,constant_predictor_band
JP-44,incidence_per_100k,w2c_transition_intensity,interannual,constant_predictor_band
JP-44,cases,w2c_event,annual,constant_predictor_band
JP-44,cases,w2c_transition_intensity,annual,constant_predictor_band
JP-44,incidence_per_100k,w2c_event,annual,constant_predictor_band
JP-44,incidence_per_100k,w2c_transition_intensity,annual,constant_predictor_band
JP-44,cases,c2w_event,semiannual,constant_predictor_band
JP-44,cases,w2c_event,semiannual,constant_predictor_band
JP-44,cases,c2w_transition_intensity,semiannual,constant_predictor_band
JP-44,cases,w2c_transition_intensity,semiannual,constant_predictor_band
JP-44,incidence_per_100k,c2w_event,semiannual,constant_predictor_band
JP-44,incidence_per_100k,w2c_event,semiannual,constant_predictor_band
JP-44,incidence_per_100k,c2w_transition_intensity,semiannual,constant_predictor_band
JP-44,incidence_per_100k,w2c_transition_intensity,semiannual,constant_predictor_band
JP-44,cases,t2m_std_anom,high_frequency,constant_predictor_band
JP-44,incidence_per_100k,t2m_std_anom,high_frequency,constant_predictor_band
JP-45,cases,c2w_event,annual,constant_predictor_band
JP-45,cases,w2c_event,annual,constant_predictor_band
JP-45,cases,c2w_transition_intensity,annual,constant_predictor_band
JP-45,cases,w2c_transition_intensity,annual,constant_predictor_band
JP-45,incidence_per_100k,c2w_event,annual,constant_predictor_band
JP-45,incidence_per_100k,w2c_event,annual,constant_predictor_band
JP-45,incidence_per_100k,c2w_transition_intensity,annual,constant_predictor_band
JP-45,incidence_per_100k,w2c_transition_intensity,annual,constant_predictor_band
JP-45,cases,c2w_event,semiannual,constant_predictor_band
JP-45,cases,w2c_event,semiannual,constant_predictor_band
JP-45,cases,c2w_transition_intensity,semiannual,constant_predictor_band
JP-45,cases,w2c_transition_intensity,semiannual,constant_predictor_band
JP-45,incidence_per_100k,c2w_event,semiannual,constant_predictor_band
JP-45,incidence_per_100k,w2c_event,semiannual,constant_predictor_band
JP-45,incidence_per_100k,c2w_transition_intensity,semiannual,constant_predictor_band
JP-45,incidence_per_100k,w2c_transition_intensity,semiannual,constant_predictor_band
JP-45,cases,t2m_std_anom,high_frequency,constant_predictor_band
JP-45,incidence_per_100k,t2m_std_anom,high_frequency,constant_predictor_band
JP-46,cases,c2w_event,semiannual,constant_predictor_band
JP-46,cases,w2c_event,semiannual,constant_predictor_band
JP-46,cases,w2c_transition_intensity,semiannual,constant_predictor_band
JP-46,incidence_per_100k,c2w_event,semiannual,constant_predictor_band
JP-46,incidence_per_100k,w2c_event,semiannual,constant_predictor_band
JP-46,incidence_per_100k,w2c_transition_intensity,semiannual,constant_predictor_band
JP-46,cases,t2m_std_anom,high_frequency,constant_predictor_band
JP-46,incidence_per_100k,t2m_std_anom,high_frequency,constant_predictor_band
JP-47,cases,nw_wind,trend,constant_predictor_band
JP-47,incidence_per_100k,nw_wind,trend,constant_predictor_band
JP-47,cases,c2w_event,semiannual,constant_predictor_band
JP-47,cases,c2w_transition_intensity,semiannual,constant_predictor_band
JP-47,incidence_per_100k,c2w_event,semiannual,constant_predictor_band
JP-47,incidence_per_100k,c2w_transition_intensity,semiannual,constant_predictor_band
