target_variable,frequency_band,selected_alpha,feature_name,feature_type,coefficient,absolute_coefficient
cases,trend,0.01,t2m_lagged,environmental_predictor,-1.6278707442172429,1.6278707442172429
cases,trend,0.01,t2m_std_anom_lagged,environmental_predictor,-0.12234877469649832,0.12234877469649832
cases,trend,0.01,c2w_event_lagged,environmental_predictor,-0.9089260037388703,0.9089260037388703
cases,trend,0.01,w2c_event_lagged,environmental_predictor,-1.5598294480907589,1.5598294480907589
cases,trend,0.01,c2w_transition_intensity_lagged,environmental_predictor,0.9907432286743743,0.9907432286743743
cases,trend,0.01,w2c_transition_intensity_lagged,environmental_predictor,1.2380507433603465,1.2380507433603465
cases,trend,0.01,ah_lagged,environmental_predictor,3.5391859915002057,3.5391859915002057
cases,trend,0.01,rh_lagged,environmental_predictor,-15.163435072428946,15.163435072428946
cases,trend,0.01,tp_lagged,environmental_predictor,0.6523110669333659,0.6523110669333659
cases,trend,0.01,nw_wind_lagged,environmental_predictor,-0.0592080393161876,0.0592080393161876
cases,trend,0.01,prefecture_code_JP-01,prefecture_fixed_effect,20.042296961727597,20.042296961727597
cases,trend,0.01,prefecture_code_JP-02,prefecture_fixed_effect,13.675785922571075,13.675785922571075
cases,trend,0.01,prefecture_code_JP-03,prefecture_fixed_effect,2.8302017478283648,2.8302017478283648
cases,trend,0.01,prefecture_code_JP-04,prefecture_fixed_effect,5.4281455519629,5.4281455519629
cases,trend,0.01,prefecture_code_JP-05,prefecture_fixed_effect,2.4148416242067277,2.4148416242067277
cases,trend,0.01,prefecture_code_JP-06,prefecture_fixed_effect,6.682767821561904,6.682767821561904
cases,trend,0.01,prefecture_code_JP-07,prefecture_fixed_effect,6.695965241867317,6.695965241867317
cases,trend,0.01,prefecture_code_JP-08,prefecture_fixed_effect,2.522782294914114,2.522782294914114
cases,trend,0.01,prefecture_code_JP-09,prefecture_fixed_effect,3.020373956004596,3.020373956004596
cases,trend,0.01,prefecture_code_JP-10,prefecture_fixed_effect,3.8804007209671845,3.8804007209671845
cases,trend,0.01,prefecture_code_JP-11,prefecture_fixed_effect,8.328261138775046,8.328261138775046
cases,trend,0.01,prefecture_code_JP-13,prefecture_fixed_effect,18.638154323075906,18.638154323075906
cases,trend,0.01,prefecture_code_JP-14,prefecture_fixed_effect,12.071473006414104,12.071473006414104
cases,trend,0.01,prefecture_code_JP-15,prefecture_fixed_effect,6.798519685479811,6.798519685479811
cases,trend,0.01,prefecture_code_JP-16,prefecture_fixed_effect,4.229773835076733,4.229773835076733
cases,trend,0.01,prefecture_code_JP-17,prefecture_fixed_effect,0.5153429601193608,0.5153429601193608
cases,trend,0.01,prefecture_code_JP-18,prefecture_fixed_effect,1.1551349693918296,1.1551349693918296
cases,trend,0.01,prefecture_code_JP-19,prefecture_fixed_effect,0.665622046135002,0.665622046135002
cases,trend,0.01,prefecture_code_JP-20,prefecture_fixed_effect,0.056213682453412524,0.056213682453412524
cases,trend,0.01,prefecture_code_JP-21,prefecture_fixed_effect,4.697563556313493,4.697563556313493
cases,trend,0.01,prefecture_code_JP-22,prefecture_fixed_effect,3.5240390055959723,3.5240390055959723
cases,trend,0.01,prefecture_code_JP-23,prefecture_fixed_effect,-63.760577318001545,63.760577318001545
cases,trend,0.01,prefecture_code_JP-24,prefecture_fixed_effect,0.6222518060006627,0.6222518060006627
cases,trend,0.01,prefecture_code_JP-25,prefecture_fixed_effect,-72.90257114364715,72.90257114364715
cases,trend,0.01,prefecture_code_JP-26,prefecture_fixed_effect,2.8592672076788306,2.8592672076788306
cases,trend,0.01,prefecture_code_JP-27,prefecture_fixed_effect,10.121620056935605,10.121620056935605
cases,trend,0.01,prefecture_code_JP-28,prefecture_fixed_effect,6.109332752418721,6.109332752418721
cases,trend,0.01,prefecture_code_JP-29,prefecture_fixed_effect,-4.9462967091872665,4.9462967091872665
cases,trend,0.01,prefecture_code_JP-30,prefecture_fixed_effect,-1.3834479871377325,1.3834479871377325
cases,trend,0.01,prefecture_code_JP-31,prefecture_fixed_effect,0.7154313136378968,0.7154313136378968
cases,trend,0.01,prefecture_code_JP-32,prefecture_fixed_effect,0.41452275667379634,0.41452275667379634
cases,trend,0.01,prefecture_code_JP-33,prefecture_fixed_effect,0.9215982104138147,0.9215982104138147
cases,trend,0.01,prefecture_code_JP-34,prefecture_fixed_effect,2.775457800511067,2.775457800511067
cases,trend,0.01,prefecture_code_JP-35,prefecture_fixed_effect,-0.36011947612117534,0.36011947612117534
cases,trend,0.01,prefecture_code_JP-36,prefecture_fixed_effect,-1.5783440199168548,1.5783440199168548
cases,trend,0.01,prefecture_code_JP-37,prefecture_fixed_effect,-1.8067685495470278,1.8067685495470278
cases,trend,0.01,prefecture_code_JP-38,prefecture_fixed_effect,1.6852500818535607,1.6852500818535607
cases,trend,0.01,prefecture_code_JP-39,prefecture_fixed_effect,-1.2539013039127853,1.2539013039127853
cases,trend,0.01,prefecture_code_JP-40,prefecture_fixed_effect,2.709950705152024,2.709950705152024
cases,trend,0.01,prefecture_code_JP-41,prefecture_fixed_effect,-1.3251389461258074,1.3251389461258074
cases,trend,0.01,prefecture_code_JP-42,prefecture_fixed_effect,-3.026781978452963,3.026781978452963
cases,trend,0.01,prefecture_code_JP-43,prefecture_fixed_effect,1.545146839347347,1.545146839347347
cases,trend,0.01,prefecture_code_JP-44,prefecture_fixed_effect,0.8618363466453232,0.8618363466453232
cases,trend,0.01,prefecture_code_JP-45,prefecture_fixed_effect,0.4847853039617528,0.4847853039617528
cases,trend,0.01,prefecture_code_JP-46,prefecture_fixed_effect,-1.0317356526293184,1.0317356526293184
cases,trend,0.01,prefecture_code_JP-47,prefecture_fixed_effect,-6.324428149032206,6.324428149032206
cases,interannual,1000.0,t2m_lagged,environmental_predictor,-0.035340000753111486,0.035340000753111486
cases,interannual,1000.0,t2m_std_anom_lagged,environmental_predictor,0.011667978596655675,0.011667978596655675
cases,interannual,1000.0,c2w_event_lagged,environmental_predictor,0.040347673522150226,0.040347673522150226
cases,interannual,1000.0,w2c_event_lagged,environmental_predictor,-0.011348619491925635,0.011348619491925635
cases,interannual,1000.0,c2w_transition_intensity_lagged,environmental_predictor,-0.05712110997813846,0.05712110997813846
cases,interannual,1000.0,w2c_transition_intensity_lagged,environmental_predictor,0.011537295852675804,0.011537295852675804
cases,interannual,1000.0,ah_lagged,environmental_predictor,0.00031272885751422013,0.00031272885751422013
cases,interannual,1000.0,rh_lagged,environmental_predictor,-0.013224256604005235,0.013224256604005235
cases,interannual,1000.0,tp_lagged,environmental_predictor,0.0072494322034127034,0.0072494322034127034
cases,interannual,1000.0,nw_wind_lagged,environmental_predictor,-0.004414624755158613,0.004414624755158613
cases,interannual,1000.0,prefecture_code_JP-01,prefecture_fixed_effect,-0.00626966610925303,0.00626966610925303
cases,interannual,1000.0,prefecture_code_JP-02,prefecture_fixed_effect,-0.004181344939539118,0.004181344939539118
cases,interannual,1000.0,prefecture_code_JP-03,prefecture_fixed_effect,-0.01004992500500958,0.01004992500500958
cases,interannual,1000.0,prefecture_code_JP-04,prefecture_fixed_effect,-0.004915865270944807,0.004915865270944807
cases,interannual,1000.0,prefecture_code_JP-05,prefecture_fixed_effect,-0.001890350547268954,0.001890350547268954
cases,interannual,1000.0,prefecture_code_JP-06,prefecture_fixed_effect,-0.004911327952831363,0.004911327952831363
cases,interannual,1000.0,prefecture_code_JP-07,prefecture_fixed_effect,0.014829076225093399,0.014829076225093399
cases,interannual,1000.0,prefecture_code_JP-08,prefecture_fixed_effect,-0.01578154108815042,0.01578154108815042
cases,interannual,1000.0,prefecture_code_JP-09,prefecture_fixed_effect,0.008949476348583686,0.008949476348583686
cases,interannual,1000.0,prefecture_code_JP-10,prefecture_fixed_effect,-0.0022906560806928438,0.0022906560806928438
cases,interannual,1000.0,prefecture_code_JP-11,prefecture_fixed_effect,0.0020615247810421935,0.0020615247810421935
cases,interannual,1000.0,prefecture_code_JP-13,prefecture_fixed_effect,0.00837932260249093,0.00837932260249093
cases,interannual,1000.0,prefecture_code_JP-14,prefecture_fixed_effect,-0.0069621249742435175,0.0069621249742435175
cases,interannual,1000.0,prefecture_code_JP-15,prefecture_fixed_effect,0.024061741271066486,0.024061741271066486
cases,interannual,1000.0,prefecture_code_JP-16,prefecture_fixed_effect,-0.00266332276083428,0.00266332276083428
cases,interannual,1000.0,prefecture_code_JP-18,prefecture_fixed_effect,-0.0011333313627880188,0.0011333313627880188
cases,interannual,1000.0,prefecture_code_JP-19,prefecture_fixed_effect,-0.009098781846593736,0.009098781846593736
cases,interannual,1000.0,prefecture_code_JP-20,prefecture_fixed_effect,-0.0008715132309157866,0.0008715132309157866
cases,interannual,1000.0,prefecture_code_JP-22,prefecture_fixed_effect,-0.01570870044775944,0.01570870044775944
cases,interannual,1000.0,prefecture_code_JP-23,prefecture_fixed_effect,0.08517660979015103,0.08517660979015103
cases,interannual,1000.0,prefecture_code_JP-24,prefecture_fixed_effect,-0.0010058339933919482,0.0010058339933919482
cases,interannual,1000.0,prefecture_code_JP-26,prefecture_fixed_effect,-0.0010033028997256475,0.0010033028997256475
cases,interannual,1000.0,prefecture_code_JP-27,prefecture_fixed_effect,0.004198301296437478,0.004198301296437478
cases,interannual,1000.0,prefecture_code_JP-28,prefecture_fixed_effect,0.0014514847737851333,0.0014514847737851333
cases,interannual,1000.0,prefecture_code_JP-30,prefecture_fixed_effect,-0.003972323710372206,0.003972323710372206
cases,interannual,1000.0,prefecture_code_JP-31,prefecture_fixed_effect,0.0034025146165524273,0.0034025146165524273
cases,interannual,1000.0,prefecture_code_JP-32,prefecture_fixed_effect,0.002535549552344315,0.002535549552344315
cases,interannual,1000.0,prefecture_code_JP-34,prefecture_fixed_effect,-0.008129122796987354,0.008129122796987354
cases,interannual,1000.0,prefecture_code_JP-35,prefecture_fixed_effect,-0.0021556992344020664,0.0021556992344020664
cases,interannual,1000.0,prefecture_code_JP-36,prefecture_fixed_effect,-0.003993946513490109,0.003993946513490109
cases,interannual,1000.0,prefecture_code_JP-37,prefecture_fixed_effect,-0.010418713785449809,0.010418713785449809
cases,interannual,1000.0,prefecture_code_JP-38,prefecture_fixed_effect,-0.004319933458535656,0.004319933458535656
cases,interannual,1000.0,prefecture_code_JP-39,prefecture_fixed_effect,-0.00018910417407856292,0.00018910417407856292
cases,interannual,1000.0,prefecture_code_JP-40,prefecture_fixed_effect,0.0038128320879249017,0.0038128320879249017
cases,interannual,1000.0,prefecture_code_JP-41,prefecture_fixed_effect,-0.007689519980190932,0.007689519980190932
cases,interannual,1000.0,prefecture_code_JP-42,prefecture_fixed_effect,0.004870092219684808,0.004870092219684808
cases,interannual,1000.0,prefecture_code_JP-43,prefecture_fixed_effect,-0.002222790588519601,0.002222790588519601
cases,interannual,1000.0,prefecture_code_JP-44,prefecture_fixed_effect,-0.02053143703652528,0.02053143703652528
cases,interannual,1000.0,prefecture_code_JP-45,prefecture_fixed_effect,-0.004412362062330437,0.004412362062330437
cases,interannual,1000.0,prefecture_code_JP-46,prefecture_fixed_effect,-0.003495592109009048,0.003495592109009048
cases,interannual,1000.0,prefecture_code_JP-47,prefecture_fixed_effect,-0.003460391605318601,0.003460391605318601
cases,annual,0.01,t2m_lagged,environmental_predictor,0.48478503336354595,0.48478503336354595
cases,annual,0.01,t2m_std_anom_lagged,environmental_predictor,-0.007422218029398311,0.007422218029398311
cases,annual,0.01,c2w_event_lagged,environmental_predictor,-0.4586137490964186,0.4586137490964186
cases,annual,0.01,w2c_event_lagged,environmental_predictor,0.035656932276071626,0.035656932276071626
cases,annual,0.01,c2w_transition_intensity_lagged,environmental_predictor,0.20764000746555258,0.20764000746555258
cases,annual,0.01,w2c_transition_intensity_lagged,environmental_predictor,-0.13279995253038432,0.13279995253038432
cases,annual,0.01,ah_lagged,environmental_predictor,-1.7331091229563098,1.7331091229563098
cases,annual,0.01,rh_lagged,environmental_predictor,-0.22596569151913487,0.22596569151913487
cases,annual,0.01,tp_lagged,environmental_predictor,0.18963491395902987,0.18963491395902987
cases,annual,0.01,nw_wind_lagged,environmental_predictor,-0.17030283221155962,0.17030283221155962
cases,annual,0.01,prefecture_code_JP-01,prefecture_fixed_effect,1.8968851367407638,1.8968851367407638
cases,annual,0.01,prefecture_code_JP-02,prefecture_fixed_effect,2.308847695696035,2.308847695696035
cases,annual,0.01,prefecture_code_JP-03,prefecture_fixed_effect,-0.5706094289719412,0.5706094289719412
cases,annual,0.01,prefecture_code_JP-04,prefecture_fixed_effect,-0.06147679768803656,0.06147679768803656
cases,annual,0.01,prefecture_code_JP-05,prefecture_fixed_effect,-0.5978057926058936,0.5978057926058936
cases,annual,0.01,prefecture_code_JP-06,prefecture_fixed_effect,0.026251008546836287,0.026251008546836287
cases,annual,0.01,prefecture_code_JP-07,prefecture_fixed_effect,-0.0660124396720933,0.0660124396720933
cases,annual,0.01,prefecture_code_JP-08,prefecture_fixed_effect,-0.06457698636639239,0.06457698636639239
cases,annual,0.01,prefecture_code_JP-09,prefecture_fixed_effect,-0.06437512737430516,0.06437512737430516
cases,annual,0.01,prefecture_code_JP-10,prefecture_fixed_effect,-0.04627083879249051,0.04627083879249051
cases,annual,0.01,prefecture_code_JP-11,prefecture_fixed_effect,-0.0678727740347917,0.0678727740347917
cases,annual,0.01,prefecture_code_JP-13,prefecture_fixed_effect,-0.06836091281025831,0.06836091281025831
cases,annual,0.01,prefecture_code_JP-14,prefecture_fixed_effect,-0.06631953051765574,0.06631953051765574
cases,annual,0.01,prefecture_code_JP-15,prefecture_fixed_effect,-0.06297903774631923,0.06297903774631923
cases,annual,0.01,prefecture_code_JP-16,prefecture_fixed_effect,-0.060266392797732354,0.060266392797732354
cases,annual,0.01,prefecture_code_JP-17,prefecture_fixed_effect,-0.06880014156178388,0.06880014156178388
cases,annual,0.01,prefecture_code_JP-18,prefecture_fixed_effect,-0.06135700540080841,0.06135700540080841
cases,annual,0.01,prefecture_code_JP-19,prefecture_fixed_effect,-0.02026765634453239,0.02026765634453239
cases,annual,0.01,prefecture_code_JP-20,prefecture_fixed_effect,-0.5462979542404207,0.5462979542404207
cases,annual,0.01,prefecture_code_JP-21,prefecture_fixed_effect,-0.0616522514197802,0.0616522514197802
cases,annual,0.01,prefecture_code_JP-22,prefecture_fixed_effect,-0.08592197297795108,0.08592197297795108
cases,annual,0.01,prefecture_code_JP-23,prefecture_fixed_effect,-0.056354144653815726,0.056354144653815726
cases,annual,0.01,prefecture_code_JP-24,prefecture_fixed_effect,-0.06539080678271796,0.06539080678271796
cases,annual,0.01,prefecture_code_JP-25,prefecture_fixed_effect,-0.06594137106939345,0.06594137106939345
cases,annual,0.01,prefecture_code_JP-26,prefecture_fixed_effect,-0.07031218068248614,0.07031218068248614
cases,annual,0.01,prefecture_code_JP-27,prefecture_fixed_effect,-0.07910438500741858,0.07910438500741858
cases,annual,0.01,prefecture_code_JP-28,prefecture_fixed_effect,-0.0690143401925336,0.0690143401925336
cases,annual,0.01,prefecture_code_JP-29,prefecture_fixed_effect,-0.06363971169732358,0.06363971169732358
cases,annual,0.01,prefecture_code_JP-30,prefecture_fixed_effect,-0.06450431157718131,0.06450431157718131
cases,annual,0.01,prefecture_code_JP-31,prefecture_fixed_effect,-0.062095664336672504,0.062095664336672504
cases,annual,0.01,prefecture_code_JP-32,prefecture_fixed_effect,-0.05920776364289603,0.05920776364289603
cases,annual,0.01,prefecture_code_JP-33,prefecture_fixed_effect,-0.06448869247878485,0.06448869247878485
cases,annual,0.01,prefecture_code_JP-34,prefecture_fixed_effect,-0.0680138780825726,0.0680138780825726
cases,annual,0.01,prefecture_code_JP-35,prefecture_fixed_effect,-0.0765282537746482,0.0765282537746482
cases,annual,0.01,prefecture_code_JP-36,prefecture_fixed_effect,0.06053454624550081,0.06053454624550081
cases,annual,0.01,prefecture_code_JP-37,prefecture_fixed_effect,-0.0629666041758687,0.0629666041758687
cases,annual,0.01,prefecture_code_JP-38,prefecture_fixed_effect,-0.05797037870034586,0.05797037870034586
cases,annual,0.01,prefecture_code_JP-39,prefecture_fixed_effect,0.07116966031972291,0.07116966031972291
cases,annual,0.01,prefecture_code_JP-40,prefecture_fixed_effect,-0.0665059121081252,0.0665059121081252
cases,annual,0.01,prefecture_code_JP-41,prefecture_fixed_effect,-0.060330320828847095,0.060330320828847095
cases,annual,0.01,prefecture_code_JP-42,prefecture_fixed_effect,-0.06604654708571955,0.06604654708571955
cases,annual,0.01,prefecture_code_JP-43,prefecture_fixed_effect,-0.05316883827465855,0.05316883827465855
cases,annual,0.01,prefecture_code_JP-44,prefecture_fixed_effect,-0.0662317653076978,0.0662317653076978
cases,annual,0.01,prefecture_code_JP-45,prefecture_fixed_effect,-0.06401304295787417,0.06401304295787417
cases,annual,0.01,prefecture_code_JP-46,prefecture_fixed_effect,-0.06889977198492125,0.06889977198492125
cases,annual,0.01,prefecture_code_JP-47,prefecture_fixed_effect,-0.2917363208232177,0.2917363208232177
cases,semiannual,0.01,t2m_lagged,environmental_predictor,-0.25637073709737496,0.25637073709737496
cases,semiannual,0.01,t2m_std_anom_lagged,environmental_predictor,0.04254131022477763,0.04254131022477763
cases,semiannual,0.01,c2w_event_lagged,environmental_predictor,0.00645941327223051,0.00645941327223051
cases,semiannual,0.01,w2c_event_lagged,environmental_predictor,0.009517667073855303,0.009517667073855303
cases,semiannual,0.01,c2w_transition_intensity_lagged,environmental_predictor,-0.00231790148748098,0.00231790148748098
cases,semiannual,0.01,w2c_transition_intensity_lagged,environmental_predictor,-0.015314202473456311,0.015314202473456311
cases,semiannual,0.01,ah_lagged,environmental_predictor,0.06910275512736481,0.06910275512736481
cases,semiannual,0.01,rh_lagged,environmental_predictor,-0.02442234592160578,0.02442234592160578
cases,semiannual,0.01,tp_lagged,environmental_predictor,-0.06476305117953558,0.06476305117953558
cases,semiannual,0.01,nw_wind_lagged,environmental_predictor,-0.030047331127667803,0.030047331127667803
cases,semiannual,0.01,prefecture_code_JP-01,prefecture_fixed_effect,-0.002118720314638552,0.002118720314638552
cases,semiannual,0.01,prefecture_code_JP-02,prefecture_fixed_effect,0.0037794621424030567,0.0037794621424030567
cases,semiannual,0.01,prefecture_code_JP-03,prefecture_fixed_effect,0.0002494711491501547,0.0002494711491501547
cases,semiannual,0.01,prefecture_code_JP-04,prefecture_fixed_effect,0.0009438431211155562,0.0009438431211155562
cases,semiannual,0.01,prefecture_code_JP-05,prefecture_fixed_effect,0.002084395052227649,0.002084395052227649
cases,semiannual,0.01,prefecture_code_JP-06,prefecture_fixed_effect,0.002364920852398302,0.002364920852398302
cases,semiannual,0.01,prefecture_code_JP-07,prefecture_fixed_effect,-0.0007767951515257548,0.0007767951515257548
cases,semiannual,0.01,prefecture_code_JP-08,prefecture_fixed_effect,-0.0026551627038001384,0.0026551627038001384
cases,semiannual,0.01,prefecture_code_JP-09,prefecture_fixed_effect,-0.007752940972627871,0.007752940972627871
cases,semiannual,0.01,prefecture_code_JP-10,prefecture_fixed_effect,-0.008335574223683981,0.008335574223683981
cases,semiannual,0.01,prefecture_code_JP-11,prefecture_fixed_effect,0.0028910892204722046,0.0028910892204722046
cases,semiannual,0.01,prefecture_code_JP-13,prefecture_fixed_effect,0.0031294183957121034,0.0031294183957121034
cases,semiannual,0.01,prefecture_code_JP-14,prefecture_fixed_effect,-0.006482575835638625,0.006482575835638625
cases,semiannual,0.01,prefecture_code_JP-15,prefecture_fixed_effect,0.00010240359107892065,0.00010240359107892065
cases,semiannual,0.01,prefecture_code_JP-16,prefecture_fixed_effect,0.0042618399354011835,0.0042618399354011835
cases,semiannual,0.01,prefecture_code_JP-17,prefecture_fixed_effect,0.000566493042579992,0.000566493042579992
cases,semiannual,0.01,prefecture_code_JP-18,prefecture_fixed_effect,0.003160082748705042,0.003160082748705042
cases,semiannual,0.01,prefecture_code_JP-19,prefecture_fixed_effect,0.0027282515705098,0.0027282515705098
cases,semiannual,0.01,prefecture_code_JP-20,prefecture_fixed_effect,0.0012816376019622673,0.0012816376019622673
cases,semiannual,0.01,prefecture_code_JP-21,prefecture_fixed_effect,-0.007233428874941377,0.007233428874941377
cases,semiannual,0.01,prefecture_code_JP-22,prefecture_fixed_effect,0.00012772948872066966,0.00012772948872066966
cases,semiannual,0.01,prefecture_code_JP-23,prefecture_fixed_effect,-0.008169276027521816,0.008169276027521816
cases,semiannual,0.01,prefecture_code_JP-24,prefecture_fixed_effect,-0.0018763660087182622,0.0018763660087182622
cases,semiannual,0.01,prefecture_code_JP-25,prefecture_fixed_effect,0.00021637439338917114,0.00021637439338917114
cases,semiannual,0.01,prefecture_code_JP-26,prefecture_fixed_effect,0.0013358636711018658,0.0013358636711018658
cases,semiannual,0.01,prefecture_code_JP-27,prefecture_fixed_effect,-0.006378152220747214,0.006378152220747214
cases,semiannual,0.01,prefecture_code_JP-28,prefecture_fixed_effect,-0.002803168778605229,0.002803168778605229
cases,semiannual,0.01,prefecture_code_JP-29,prefecture_fixed_effect,-0.0012962399812894826,0.0012962399812894826
cases,semiannual,0.01,prefecture_code_JP-30,prefecture_fixed_effect,0.0023865269184629137,0.0023865269184629137
cases,semiannual,0.01,prefecture_code_JP-31,prefecture_fixed_effect,-0.006549676949906315,0.006549676949906315
cases,semiannual,0.01,prefecture_code_JP-32,prefecture_fixed_effect,-0.00043121933447839165,0.00043121933447839165
cases,semiannual,0.01,prefecture_code_JP-33,prefecture_fixed_effect,-0.004413322179418831,0.004413322179418831
cases,semiannual,0.01,prefecture_code_JP-34,prefecture_fixed_effect,0.0032635290365777086,0.0032635290365777086
cases,semiannual,0.01,prefecture_code_JP-35,prefecture_fixed_effect,0.0026059398495456875,0.0026059398495456875
cases,semiannual,0.01,prefecture_code_JP-36,prefecture_fixed_effect,0.0055406248654354725,0.0055406248654354725
cases,semiannual,0.01,prefecture_code_JP-37,prefecture_fixed_effect,-0.0004811189867173118,0.0004811189867173118
cases,semiannual,0.01,prefecture_code_JP-38,prefecture_fixed_effect,-7.684891243159747e-05,7.684891243159747e-05
cases,semiannual,0.01,prefecture_code_JP-39,prefecture_fixed_effect,0.0018863677458415356,0.0018863677458415356
cases,semiannual,0.01,prefecture_code_JP-40,prefecture_fixed_effect,-6.439031337298185e-05,6.439031337298185e-05
cases,semiannual,0.01,prefecture_code_JP-41,prefecture_fixed_effect,0.005424106565221786,0.005424106565221786
cases,semiannual,0.01,prefecture_code_JP-42,prefecture_fixed_effect,-0.003210409561796447,0.003210409561796447
cases,semiannual,0.01,prefecture_code_JP-43,prefecture_fixed_effect,0.0031931909692058066,0.0031931909692058066
cases,semiannual,0.01,prefecture_code_JP-44,prefecture_fixed_effect,0.00396641888675382,0.00396641888675382
cases,semiannual,0.01,prefecture_code_JP-45,prefecture_fixed_effect,0.0032733213850706347,0.0032733213850706347
cases,semiannual,0.01,prefecture_code_JP-46,prefecture_fixed_effect,0.0007612611331492965,0.0007612611331492965
cases,semiannual,0.01,prefecture_code_JP-47,prefecture_fixed_effect,0.009580823999667518,0.009580823999667518
cases,seasonal_subannual,1000.0,t2m_lagged,environmental_predictor,-0.009569538750448388,0.009569538750448388
cases,seasonal_subannual,1000.0,t2m_std_anom_lagged,environmental_predictor,-0.030778688697254773,0.030778688697254773
cases,seasonal_subannual,1000.0,c2w_event_lagged,environmental_predictor,-0.005343232791219733,0.005343232791219733
cases,seasonal_subannual,1000.0,w2c_event_lagged,environmental_predictor,-0.00062979016677792,0.00062979016677792
cases,seasonal_subannual,1000.0,c2w_transition_intensity_lagged,environmental_predictor,0.001538449428063289,0.001538449428063289
cases,seasonal_subannual,1000.0,w2c_transition_intensity_lagged,environmental_predictor,0.0012708390758725,0.0012708390758725
cases,seasonal_subannual,1000.0,ah_lagged,environmental_predictor,0.03927574498934601,0.03927574498934601
cases,seasonal_subannual,1000.0,rh_lagged,environmental_predictor,-0.045463858846045827,0.045463858846045827
cases,seasonal_subannual,1000.0,tp_lagged,environmental_predictor,0.004428143427595497,0.004428143427595497
cases,seasonal_subannual,1000.0,nw_wind_lagged,environmental_predictor,0.0022314369059186516,0.0022314369059186516
cases,seasonal_subannual,1000.0,prefecture_code_JP-01,prefecture_fixed_effect,-0.0021808514372981514,0.0021808514372981514
cases,seasonal_subannual,1000.0,prefecture_code_JP-02,prefecture_fixed_effect,-7.717746304816907e-06,7.717746304816907e-06
cases,seasonal_subannual,1000.0,prefecture_code_JP-03,prefecture_fixed_effect,-0.002848337271659407,0.002848337271659407
cases,seasonal_subannual,1000.0,prefecture_code_JP-04,prefecture_fixed_effect,-0.0015863273216776897,0.0015863273216776897
cases,seasonal_subannual,1000.0,prefecture_code_JP-05,prefecture_fixed_effect,0.0009926520236925806,0.0009926520236925806
cases,seasonal_subannual,1000.0,prefecture_code_JP-06,prefecture_fixed_effect,0.0020991661283863224,0.0020991661283863224
cases,seasonal_subannual,1000.0,prefecture_code_JP-07,prefecture_fixed_effect,-0.0003944502124810123,0.0003944502124810123
cases,seasonal_subannual,1000.0,prefecture_code_JP-08,prefecture_fixed_effect,-0.0026316872156052057,0.0026316872156052057
cases,seasonal_subannual,1000.0,prefecture_code_JP-09,prefecture_fixed_effect,0.003034106213233922,0.003034106213233922
cases,seasonal_subannual,1000.0,prefecture_code_JP-10,prefecture_fixed_effect,0.001062524661159934,0.001062524661159934
cases,seasonal_subannual,1000.0,prefecture_code_JP-11,prefecture_fixed_effect,-0.005914203782401563,0.005914203782401563
cases,seasonal_subannual,1000.0,prefecture_code_JP-13,prefecture_fixed_effect,-0.013200448863386963,0.013200448863386963
cases,seasonal_subannual,1000.0,prefecture_code_JP-14,prefecture_fixed_effect,0.02855729433039407,0.02855729433039407
cases,seasonal_subannual,1000.0,prefecture_code_JP-15,prefecture_fixed_effect,0.0002977580194897276,0.0002977580194897276
cases,seasonal_subannual,1000.0,prefecture_code_JP-16,prefecture_fixed_effect,0.0010523497997678476,0.0010523497997678476
cases,seasonal_subannual,1000.0,prefecture_code_JP-17,prefecture_fixed_effect,0.0011417918376697294,0.0011417918376697294
cases,seasonal_subannual,1000.0,prefecture_code_JP-18,prefecture_fixed_effect,0.0013822555213998493,0.0013822555213998493
cases,seasonal_subannual,1000.0,prefecture_code_JP-19,prefecture_fixed_effect,0.0008923726241142084,0.0008923726241142084
cases,seasonal_subannual,1000.0,prefecture_code_JP-20,prefecture_fixed_effect,0.0015588150091042556,0.0015588150091042556
cases,seasonal_subannual,1000.0,prefecture_code_JP-21,prefecture_fixed_effect,0.00112405232819471,0.00112405232819471
cases,seasonal_subannual,1000.0,prefecture_code_JP-22,prefecture_fixed_effect,-0.0050883107184450885,0.0050883107184450885
cases,seasonal_subannual,1000.0,prefecture_code_JP-23,prefecture_fixed_effect,-0.005944298907877288,0.005944298907877288
cases,seasonal_subannual,1000.0,prefecture_code_JP-24,prefecture_fixed_effect,0.0006038289834897573,0.0006038289834897573
cases,seasonal_subannual,1000.0,prefecture_code_JP-25,prefecture_fixed_effect,0.0019272387413261762,0.0019272387413261762
cases,seasonal_subannual,1000.0,prefecture_code_JP-26,prefecture_fixed_effect,0.0025107522365436247,0.0025107522365436247
cases,seasonal_subannual,1000.0,prefecture_code_JP-27,prefecture_fixed_effect,-0.00550519452054459,0.00550519452054459
cases,seasonal_subannual,1000.0,prefecture_code_JP-28,prefecture_fixed_effect,-0.0006613100038216825,0.0006613100038216825
cases,seasonal_subannual,1000.0,prefecture_code_JP-29,prefecture_fixed_effect,0.0002044960034714215,0.0002044960034714215
cases,seasonal_subannual,1000.0,prefecture_code_JP-30,prefecture_fixed_effect,-0.000384619688646847,0.000384619688646847
cases,seasonal_subannual,1000.0,prefecture_code_JP-31,prefecture_fixed_effect,0.0025617887032695456,0.0025617887032695456
cases,seasonal_subannual,1000.0,prefecture_code_JP-32,prefecture_fixed_effect,0.0022605478950247135,0.0022605478950247135
cases,seasonal_subannual,1000.0,prefecture_code_JP-33,prefecture_fixed_effect,-0.002800524101360317,0.002800524101360317
cases,seasonal_subannual,1000.0,prefecture_code_JP-34,prefecture_fixed_effect,-0.0031235941076478545,0.0031235941076478545
cases,seasonal_subannual,1000.0,prefecture_code_JP-35,prefecture_fixed_effect,-0.0009055963046205184,0.0009055963046205184
cases,seasonal_subannual,1000.0,prefecture_code_JP-36,prefecture_fixed_effect,-0.0001641425076293389,0.0001641425076293389
cases,seasonal_subannual,1000.0,prefecture_code_JP-37,prefecture_fixed_effect,-0.0049871688964176885,0.0049871688964176885
cases,seasonal_subannual,1000.0,prefecture_code_JP-38,prefecture_fixed_effect,-0.002851507029027607,0.002851507029027607
cases,seasonal_subannual,1000.0,prefecture_code_JP-39,prefecture_fixed_effect,0.0011568215154340261,0.0011568215154340261
cases,seasonal_subannual,1000.0,prefecture_code_JP-40,prefecture_fixed_effect,-0.0001865784600510947,0.0001865784600510947
cases,seasonal_subannual,1000.0,prefecture_code_JP-41,prefecture_fixed_effect,0.0017667605269731641,0.0017667605269731641
cases,seasonal_subannual,1000.0,prefecture_code_JP-42,prefecture_fixed_effect,0.00024713538407464524,0.00024713538407464524
cases,seasonal_subannual,1000.0,prefecture_code_JP-43,prefecture_fixed_effect,0.004962559682753079,0.004962559682753079
cases,seasonal_subannual,1000.0,prefecture_code_JP-44,prefecture_fixed_effect,0.00020116054977940693,0.00020116054977940693
cases,seasonal_subannual,1000.0,prefecture_code_JP-45,prefecture_fixed_effect,-1.6769057449585797e-05,1.6769057449585797e-05
cases,seasonal_subannual,1000.0,prefecture_code_JP-46,prefecture_fixed_effect,0.00016526646989050293,0.00016526646989050293
cases,seasonal_subannual,1000.0,prefecture_code_JP-47,prefecture_fixed_effect,-0.00037985703428283817,0.00037985703428283817
cases,subseasonal,1000.0,t2m_lagged,environmental_predictor,-0.0036654521503667412,0.0036654521503667412
cases,subseasonal,1000.0,t2m_std_anom_lagged,environmental_predictor,-0.008463180377591977,0.008463180377591977
cases,subseasonal,1000.0,c2w_event_lagged,environmental_predictor,-0.005312757034392342,0.005312757034392342
cases,subseasonal,1000.0,w2c_event_lagged,environmental_predictor,-0.0028429605182718224,0.0028429605182718224
cases,subseasonal,1000.0,c2w_transition_intensity_lagged,environmental_predictor,0.0059483687439481885,0.0059483687439481885
cases,subseasonal,1000.0,w2c_transition_intensity_lagged,environmental_predictor,-0.001259152657631982,0.001259152657631982
cases,subseasonal,1000.0,ah_lagged,environmental_predictor,0.00016207050575788777,0.00016207050575788777
cases,subseasonal,1000.0,rh_lagged,environmental_predictor,-0.00036805704732754035,0.00036805704732754035
cases,subseasonal,1000.0,tp_lagged,environmental_predictor,0.004210427796242263,0.004210427796242263
cases,subseasonal,1000.0,nw_wind_lagged,environmental_predictor,0.003905931143571827,0.003905931143571827
cases,subseasonal,1000.0,prefecture_code_JP-01,prefecture_fixed_effect,0.0013538524393271517,0.0013538524393271517
cases,subseasonal,1000.0,prefecture_code_JP-02,prefecture_fixed_effect,-0.0002577727122779085,0.0002577727122779085
cases,subseasonal,1000.0,prefecture_code_JP-03,prefecture_fixed_effect,-0.00025518282547646183,0.00025518282547646183
cases,subseasonal,1000.0,prefecture_code_JP-04,prefecture_fixed_effect,-0.0032365607819247084,0.0032365607819247084
cases,subseasonal,1000.0,prefecture_code_JP-05,prefecture_fixed_effect,1.3955552155267959e-05,1.3955552155267959e-05
cases,subseasonal,1000.0,prefecture_code_JP-06,prefecture_fixed_effect,-0.00021214760048884,0.00021214760048884
cases,subseasonal,1000.0,prefecture_code_JP-07,prefecture_fixed_effect,-0.00015331204961365106,0.00015331204961365106
cases,subseasonal,1000.0,prefecture_code_JP-08,prefecture_fixed_effect,-0.0014383725661884076,0.0014383725661884076
cases,subseasonal,1000.0,prefecture_code_JP-09,prefecture_fixed_effect,0.0007969066803357739,0.0007969066803357739
cases,subseasonal,1000.0,prefecture_code_JP-10,prefecture_fixed_effect,0.01082993770687469,0.01082993770687469
cases,subseasonal,1000.0,prefecture_code_JP-11,prefecture_fixed_effect,0.0006361765605018094,0.0006361765605018094
cases,subseasonal,1000.0,prefecture_code_JP-13,prefecture_fixed_effect,-0.0003224083515683872,0.0003224083515683872
cases,subseasonal,1000.0,prefecture_code_JP-14,prefecture_fixed_effect,-0.00018461463703354196,0.00018461463703354196
cases,subseasonal,1000.0,prefecture_code_JP-15,prefecture_fixed_effect,0.0002832263456360517,0.0002832263456360517
cases,subseasonal,1000.0,prefecture_code_JP-16,prefecture_fixed_effect,-0.0018319512602542128,0.0018319512602542128
cases,subseasonal,1000.0,prefecture_code_JP-17,prefecture_fixed_effect,0.0008233705525489081,0.0008233705525489081
cases,subseasonal,1000.0,prefecture_code_JP-18,prefecture_fixed_effect,0.00019844890844786302,0.00019844890844786302
cases,subseasonal,1000.0,prefecture_code_JP-19,prefecture_fixed_effect,-0.00010009309135997657,0.00010009309135997657
cases,subseasonal,1000.0,prefecture_code_JP-20,prefecture_fixed_effect,-0.0010817323606856777,0.0010817323606856777
cases,subseasonal,1000.0,prefecture_code_JP-21,prefecture_fixed_effect,0.0006976357035850249,0.0006976357035850249
cases,subseasonal,1000.0,prefecture_code_JP-22,prefecture_fixed_effect,-0.0007151092980639016,0.0007151092980639016
cases,subseasonal,1000.0,prefecture_code_JP-23,prefecture_fixed_effect,-0.0012493643326367022,0.0012493643326367022
cases,subseasonal,1000.0,prefecture_code_JP-24,prefecture_fixed_effect,-0.0040866954222677325,0.0040866954222677325
cases,subseasonal,1000.0,prefecture_code_JP-25,prefecture_fixed_effect,1.329409155720791e-05,1.329409155720791e-05
cases,subseasonal,1000.0,prefecture_code_JP-26,prefecture_fixed_effect,-0.0015418053084197596,0.0015418053084197596
cases,subseasonal,1000.0,prefecture_code_JP-27,prefecture_fixed_effect,-0.001578402273901493,0.001578402273901493
cases,subseasonal,1000.0,prefecture_code_JP-28,prefecture_fixed_effect,-0.001509920302991748,0.001509920302991748
cases,subseasonal,1000.0,prefecture_code_JP-29,prefecture_fixed_effect,0.0003247618852090151,0.0003247618852090151
cases,subseasonal,1000.0,prefecture_code_JP-30,prefecture_fixed_effect,0.0003051531768770687,0.0003051531768770687
cases,subseasonal,1000.0,prefecture_code_JP-31,prefecture_fixed_effect,-6.701355636433172e-05,6.701355636433172e-05
cases,subseasonal,1000.0,prefecture_code_JP-32,prefecture_fixed_effect,0.0004596062827569365,0.0004596062827569365
cases,subseasonal,1000.0,prefecture_code_JP-33,prefecture_fixed_effect,0.004170908363405695,0.004170908363405695
cases,subseasonal,1000.0,prefecture_code_JP-34,prefecture_fixed_effect,0.0007606481390071196,0.0007606481390071196
cases,subseasonal,1000.0,prefecture_code_JP-35,prefecture_fixed_effect,-0.00012121366684952182,0.00012121366684952182
cases,subseasonal,1000.0,prefecture_code_JP-36,prefecture_fixed_effect,-0.000443430418191229,0.000443430418191229
cases,subseasonal,1000.0,prefecture_code_JP-37,prefecture_fixed_effect,0.0015527293395607778,0.0015527293395607778
cases,subseasonal,1000.0,prefecture_code_JP-38,prefecture_fixed_effect,-0.0069761960600844405,0.0069761960600844405
cases,subseasonal,1000.0,prefecture_code_JP-39,prefecture_fixed_effect,0.000803946618836365,0.000803946618836365
cases,subseasonal,1000.0,prefecture_code_JP-40,prefecture_fixed_effect,0.00020951535880869027,0.00020951535880869027
cases,subseasonal,1000.0,prefecture_code_JP-41,prefecture_fixed_effect,0.0025771892332756017,0.0025771892332756017
cases,subseasonal,1000.0,prefecture_code_JP-42,prefecture_fixed_effect,0.0001600046175822445,0.0001600046175822445
cases,subseasonal,1000.0,prefecture_code_JP-43,prefecture_fixed_effect,0.0005287488715001498,0.0005287488715001498
cases,subseasonal,1000.0,prefecture_code_JP-44,prefecture_fixed_effect,0.0010088690886823986,0.0010088690886823986
cases,subseasonal,1000.0,prefecture_code_JP-45,prefecture_fixed_effect,-0.0011789609441981382,0.0011789609441981382
cases,subseasonal,1000.0,prefecture_code_JP-46,prefecture_fixed_effect,-1.9243980789623283e-06,1.9243980789623283e-06
cases,subseasonal,1000.0,prefecture_code_JP-47,prefecture_fixed_effect,3.529870244796029e-05,3.529870244796029e-05
cases,high_frequency,1000.0,t2m_lagged,environmental_predictor,-0.007022717946517447,0.007022717946517447
cases,high_frequency,1000.0,t2m_std_anom_lagged,environmental_predictor,-0.0009534279521559396,0.0009534279521559396
cases,high_frequency,1000.0,c2w_event_lagged,environmental_predictor,0.002389889431587677,0.002389889431587677
cases,high_frequency,1000.0,w2c_event_lagged,environmental_predictor,0.004414155772192378,0.004414155772192378
cases,high_frequency,1000.0,c2w_transition_intensity_lagged,environmental_predictor,-0.0013724313100063946,0.0013724313100063946
cases,high_frequency,1000.0,w2c_transition_intensity_lagged,environmental_predictor,-5.7599063247581836e-05,5.7599063247581836e-05
cases,high_frequency,1000.0,ah_lagged,environmental_predictor,-0.0025609260075772017,0.0025609260075772017
cases,high_frequency,1000.0,rh_lagged,environmental_predictor,-0.0003804159481994489,0.0003804159481994489
cases,high_frequency,1000.0,tp_lagged,environmental_predictor,0.002083532779034569,0.002083532779034569
cases,high_frequency,1000.0,nw_wind_lagged,environmental_predictor,0.008091903406007914,0.008091903406007914
cases,high_frequency,1000.0,prefecture_code_JP-01,prefecture_fixed_effect,0.008324395581125393,0.008324395581125393
cases,high_frequency,1000.0,prefecture_code_JP-02,prefecture_fixed_effect,0.000914237000777801,0.000914237000777801
cases,high_frequency,1000.0,prefecture_code_JP-03,prefecture_fixed_effect,-0.0022072544767335308,0.0022072544767335308
cases,high_frequency,1000.0,prefecture_code_JP-04,prefecture_fixed_effect,-0.009843519623654817,0.009843519623654817
cases,high_frequency,1000.0,prefecture_code_JP-05,prefecture_fixed_effect,0.0018119141973258514,0.0018119141973258514
cases,high_frequency,1000.0,prefecture_code_JP-06,prefecture_fixed_effect,0.0010217022785063508,0.0010217022785063508
cases,high_frequency,1000.0,prefecture_code_JP-07,prefecture_fixed_effect,-0.001443913238826473,0.001443913238826473
cases,high_frequency,1000.0,prefecture_code_JP-08,prefecture_fixed_effect,0.001574936911447935,0.001574936911447935
cases,high_frequency,1000.0,prefecture_code_JP-09,prefecture_fixed_effect,0.0011064016648644071,0.0011064016648644071
cases,high_frequency,1000.0,prefecture_code_JP-10,prefecture_fixed_effect,-0.0009730725246197334,0.0009730725246197334
cases,high_frequency,1000.0,prefecture_code_JP-11,prefecture_fixed_effect,0.0018968049721897382,0.0018968049721897382
cases,high_frequency,1000.0,prefecture_code_JP-13,prefecture_fixed_effect,0.0002456777307546205,0.0002456777307546205
cases,high_frequency,1000.0,prefecture_code_JP-14,prefecture_fixed_effect,0.0008514264838342415,0.0008514264838342415
cases,high_frequency,1000.0,prefecture_code_JP-15,prefecture_fixed_effect,0.0011355732095301586,0.0011355732095301586
cases,high_frequency,1000.0,prefecture_code_JP-16,prefecture_fixed_effect,-0.003281063993834072,0.003281063993834072
cases,high_frequency,1000.0,prefecture_code_JP-17,prefecture_fixed_effect,0.001939088088135354,0.001939088088135354
cases,high_frequency,1000.0,prefecture_code_JP-18,prefecture_fixed_effect,0.000738755250168018,0.000738755250168018
cases,high_frequency,1000.0,prefecture_code_JP-19,prefecture_fixed_effect,0.0001957343166350687,0.0001957343166350687
cases,high_frequency,1000.0,prefecture_code_JP-20,prefecture_fixed_effect,2.49038229353741e-05,2.49038229353741e-05
cases,high_frequency,1000.0,prefecture_code_JP-21,prefecture_fixed_effect,0.0027025398921546834,0.0027025398921546834
cases,high_frequency,1000.0,prefecture_code_JP-22,prefecture_fixed_effect,-0.001303732726469049,0.001303732726469049
cases,high_frequency,1000.0,prefecture_code_JP-23,prefecture_fixed_effect,-0.004231202565244629,0.004231202565244629
cases,high_frequency,1000.0,prefecture_code_JP-24,prefecture_fixed_effect,-0.0004844728170593973,0.0004844728170593973
cases,high_frequency,1000.0,prefecture_code_JP-25,prefecture_fixed_effect,-0.0002747640145461748,0.0002747640145461748
cases,high_frequency,1000.0,prefecture_code_JP-26,prefecture_fixed_effect,0.0003071741409945277,0.0003071741409945277
cases,high_frequency,1000.0,prefecture_code_JP-27,prefecture_fixed_effect,-0.0011647883195214682,0.0011647883195214682
cases,high_frequency,1000.0,prefecture_code_JP-28,prefecture_fixed_effect,0.0020681863279470285,0.0020681863279470285
cases,high_frequency,1000.0,prefecture_code_JP-29,prefecture_fixed_effect,0.0003715375667160135,0.0003715375667160135
cases,high_frequency,1000.0,prefecture_code_JP-30,prefecture_fixed_effect,0.002029750577925691,0.002029750577925691
cases,high_frequency,1000.0,prefecture_code_JP-31,prefecture_fixed_effect,-7.653848956516673e-05,7.653848956516673e-05
cases,high_frequency,1000.0,prefecture_code_JP-32,prefecture_fixed_effect,0.0017970717918813185,0.0017970717918813185
cases,high_frequency,1000.0,prefecture_code_JP-33,prefecture_fixed_effect,0.0009330192915235485,0.0009330192915235485
cases,high_frequency,1000.0,prefecture_code_JP-34,prefecture_fixed_effect,0.0009729794111442351,0.0009729794111442351
cases,high_frequency,1000.0,prefecture_code_JP-35,prefecture_fixed_effect,-0.002237254895360067,0.002237254895360067
cases,high_frequency,1000.0,prefecture_code_JP-36,prefecture_fixed_effect,-0.003288479688493376,0.003288479688493376
cases,high_frequency,1000.0,prefecture_code_JP-37,prefecture_fixed_effect,0.0015801161129518331,0.0015801161129518331
cases,high_frequency,1000.0,prefecture_code_JP-38,prefecture_fixed_effect,-0.007320880169986188,0.007320880169986188
cases,high_frequency,1000.0,prefecture_code_JP-39,prefecture_fixed_effect,0.0027686266992195388,0.0027686266992195388
cases,high_frequency,1000.0,prefecture_code_JP-40,prefecture_fixed_effect,0.0005244491858286021,0.0005244491858286021
cases,high_frequency,1000.0,prefecture_code_JP-41,prefecture_fixed_effect,0.0003245958918773514,0.0003245958918773514
cases,high_frequency,1000.0,prefecture_code_JP-42,prefecture_fixed_effect,2.0108239297430312e-05,2.0108239297430312e-05
cases,high_frequency,1000.0,prefecture_code_JP-43,prefecture_fixed_effect,0.003711338200093743,0.003711338200093743
cases,high_frequency,1000.0,prefecture_code_JP-44,prefecture_fixed_effect,0.0016847588816865848,0.0016847588816865848
cases,high_frequency,1000.0,prefecture_code_JP-45,prefecture_fixed_effect,-0.003914921291410241,0.003914921291410241
cases,high_frequency,1000.0,prefecture_code_JP-46,prefecture_fixed_effect,0.00044608804360988467,0.00044608804360988467
cases,high_frequency,1000.0,prefecture_code_JP-47,prefecture_fixed_effect,-0.0019780329277577125,0.0019780329277577125
incidence_per_100k,trend,0.1,t2m_lagged,environmental_predictor,-0.11623314826634715,0.11623314826634715
incidence_per_100k,trend,0.1,t2m_std_anom_lagged,environmental_predictor,-0.0036824314652163116,0.0036824314652163116
incidence_per_100k,trend,0.1,c2w_event_lagged,environmental_predictor,-0.02284761983862077,0.02284761983862077
incidence_per_100k,trend,0.1,w2c_event_lagged,environmental_predictor,-0.009062682920561197,0.009062682920561197
incidence_per_100k,trend,0.1,c2w_transition_intensity_lagged,environmental_predictor,0.021577615481419524,0.021577615481419524
incidence_per_100k,trend,0.1,w2c_transition_intensity_lagged,environmental_predictor,0.0044540815275812525,0.0044540815275812525
incidence_per_100k,trend,0.1,ah_lagged,environmental_predictor,0.1270089057722745,0.1270089057722745
incidence_per_100k,trend,0.1,rh_lagged,environmental_predictor,-0.3569336039230946,0.3569336039230946
incidence_per_100k,trend,0.1,tp_lagged,environmental_predictor,0.034479733278714175,0.034479733278714175
incidence_per_100k,trend,0.1,nw_wind_lagged,environmental_predictor,0.024340051677985492,0.024340051677985492
incidence_per_100k,trend,0.1,prefecture_code_JP-01,prefecture_fixed_effect,0.3689269087011195,0.3689269087011195
incidence_per_100k,trend,0.1,prefecture_code_JP-02,prefecture_fixed_effect,0.4373618115959384,0.4373618115959384
incidence_per_100k,trend,0.1,prefecture_code_JP-03,prefecture_fixed_effect,-0.01586445574581575,0.01586445574581575
incidence_per_100k,trend,0.1,prefecture_code_JP-04,prefecture_fixed_effect,0.12173784356447769,0.12173784356447769
incidence_per_100k,trend,0.1,prefecture_code_JP-05,prefecture_fixed_effect,-0.02292227633215872,0.02292227633215872
incidence_per_100k,trend,0.1,prefecture_code_JP-06,prefecture_fixed_effect,0.2502218564665675,0.2502218564665675
incidence_per_100k,trend,0.1,prefecture_code_JP-07,prefecture_fixed_effect,0.18003280836574337,0.18003280836574337
incidence_per_100k,trend,0.1,prefecture_code_JP-08,prefecture_fixed_effect,0.11922758443881125,0.11922758443881125
incidence_per_100k,trend,0.1,prefecture_code_JP-09,prefecture_fixed_effect,0.1142706713196116,0.1142706713196116
incidence_per_100k,trend,0.1,prefecture_code_JP-10,prefecture_fixed_effect,0.10166481149730991,0.10166481149730991
incidence_per_100k,trend,0.1,prefecture_code_JP-11,prefecture_fixed_effect,0.07283073930924891,0.07283073930924891
incidence_per_100k,trend,0.1,prefecture_code_JP-13,prefecture_fixed_effect,0.104142425070908,0.104142425070908
incidence_per_100k,trend,0.1,prefecture_code_JP-14,prefecture_fixed_effect,0.09331288157929231,0.09331288157929231
incidence_per_100k,trend,0.1,prefecture_code_JP-15,prefecture_fixed_effect,0.14750428311692726,0.14750428311692726
incidence_per_100k,trend,0.1,prefecture_code_JP-16,prefecture_fixed_effect,0.1080900984707123,0.1080900984707123
incidence_per_100k,trend,0.1,prefecture_code_JP-17,prefecture_fixed_effect,0.026238504298118862,0.026238504298118862
incidence_per_100k,trend,0.1,prefecture_code_JP-18,prefecture_fixed_effect,0.05011285444745068,0.05011285444745068
incidence_per_100k,trend,0.1,prefecture_code_JP-19,prefecture_fixed_effect,0.12391243416366866,0.12391243416366866
incidence_per_100k,trend,0.1,prefecture_code_JP-20,prefecture_fixed_effect,-0.1418379348844036,0.1418379348844036
incidence_per_100k,trend,0.1,prefecture_code_JP-21,prefecture_fixed_effect,0.11556227968202853,0.11556227968202853
incidence_per_100k,trend,0.1,prefecture_code_JP-22,prefecture_fixed_effect,0.007535487564174127,0.007535487564174127
incidence_per_100k,trend,0.1,prefecture_code_JP-23,prefecture_fixed_effect,-1.6925637436555199,1.6925637436555199
incidence_per_100k,trend,0.1,prefecture_code_JP-24,prefecture_fixed_effect,0.009469038339890733,0.009469038339890733
incidence_per_100k,trend,0.1,prefecture_code_JP-25,prefecture_fixed_effect,-1.697381425680826,1.697381425680826
incidence_per_100k,trend,0.1,prefecture_code_JP-26,prefecture_fixed_effect,0.08454906646182472,0.08454906646182472
incidence_per_100k,trend,0.1,prefecture_code_JP-27,prefecture_fixed_effect,0.06389406131354067,0.06389406131354067
incidence_per_100k,trend,0.1,prefecture_code_JP-28,prefecture_fixed_effect,0.06304998671824026,0.06304998671824026
incidence_per_100k,trend,0.1,prefecture_code_JP-29,prefecture_fixed_effect,0.040686395353280336,0.040686395353280336
incidence_per_100k,trend,0.1,prefecture_code_JP-30,prefecture_fixed_effect,-0.0015325965615296624,0.0015325965615296624
incidence_per_100k,trend,0.1,prefecture_code_JP-31,prefecture_fixed_effect,0.1671730901348632,0.1671730901348632
incidence_per_100k,trend,0.1,prefecture_code_JP-32,prefecture_fixed_effect,0.1321624168752747,0.1321624168752747
incidence_per_100k,trend,0.1,prefecture_code_JP-33,prefecture_fixed_effect,0.057981854681759766,0.057981854681759766
incidence_per_100k,trend,0.1,prefecture_code_JP-34,prefecture_fixed_effect,0.050318593807231846,0.050318593807231846
incidence_per_100k,trend,0.1,prefecture_code_JP-35,prefecture_fixed_effect,0.05171940480632283,0.05171940480632283
incidence_per_100k,trend,0.1,prefecture_code_JP-36,prefecture_fixed_effect,0.02889687162598912,0.02889687162598912
incidence_per_100k,trend,0.1,prefecture_code_JP-37,prefecture_fixed_effect,0.032089146439605344,0.032089146439605344
incidence_per_100k,trend,0.1,prefecture_code_JP-38,prefecture_fixed_effect,0.10543204826064667,0.10543204826064667
incidence_per_100k,trend,0.1,prefecture_code_JP-39,prefecture_fixed_effect,0.041102086819613956,0.041102086819613956
incidence_per_100k,trend,0.1,prefecture_code_JP-40,prefecture_fixed_effect,0.028756278809848258,0.028756278809848258
incidence_per_100k,trend,0.1,prefecture_code_JP-41,prefecture_fixed_effect,0.016143216493189855,0.016143216493189855
incidence_per_100k,trend,0.1,prefecture_code_JP-42,prefecture_fixed_effect,-0.07460687501637688,0.07460687501637688
incidence_per_100k,trend,0.1,prefecture_code_JP-43,prefecture_fixed_effect,0.07062302727648591,0.07062302727648591
incidence_per_100k,trend,0.1,prefecture_code_JP-44,prefecture_fixed_effect,0.06673366533938165,0.06673366533938165
incidence_per_100k,trend,0.1,prefecture_code_JP-45,prefecture_fixed_effect,0.023483857374010788,0.023483857374010788
incidence_per_100k,trend,0.1,prefecture_code_JP-46,prefecture_fixed_effect,-0.00495561787066795,0.00495561787066795
incidence_per_100k,trend,0.1,prefecture_code_JP-47,prefecture_fixed_effect,-0.025285464835624133,0.025285464835624133
incidence_per_100k,interannual,1000.0,t2m_lagged,environmental_predictor,-0.0011206303563756038,0.0011206303563756038
incidence_per_100k,interannual,1000.0,t2m_std_anom_lagged,environmental_predictor,2.5932049842526338e-05,2.5932049842526338e-05
incidence_per_100k,interannual,1000.0,c2w_event_lagged,environmental_predictor,0.00047673772585307087,0.00047673772585307087
incidence_per_100k,interannual,1000.0,w2c_event_lagged,environmental_predictor,-0.0006475746137417864,0.0006475746137417864
incidence_per_100k,interannual,1000.0,c2w_transition_intensity_lagged,environmental_predictor,-0.0006129005533930089,0.0006129005533930089
incidence_per_100k,interannual,1000.0,w2c_transition_intensity_lagged,environmental_predictor,0.0003587264861229933,0.0003587264861229933
incidence_per_100k,interannual,1000.0,ah_lagged,environmental_predictor,0.0005048732963258535,0.0005048732963258535
incidence_per_100k,interannual,1000.0,rh_lagged,environmental_predictor,-0.00015299875845345448,0.00015299875845345448
incidence_per_100k,interannual,1000.0,tp_lagged,environmental_predictor,0.00021090267093112807,0.00021090267093112807
incidence_per_100k,interannual,1000.0,nw_wind_lagged,environmental_predictor,9.923490653260265e-05,9.923490653260265e-05
incidence_per_100k,interannual,1000.0,prefecture_code_JP-01,prefecture_fixed_effect,-7.782009343249913e-05,7.782009343249913e-05
incidence_per_100k,interannual,1000.0,prefecture_code_JP-02,prefecture_fixed_effect,7.830977098140902e-05,7.830977098140902e-05
incidence_per_100k,interannual,1000.0,prefecture_code_JP-03,prefecture_fixed_effect,-0.0005932737031352265,0.0005932737031352265
incidence_per_100k,interannual,1000.0,prefecture_code_JP-04,prefecture_fixed_effect,-0.0001690718774978782,0.0001690718774978782
incidence_per_100k,interannual,1000.0,prefecture_code_JP-05,prefecture_fixed_effect,0.0012012261642255434,0.0012012261642255434
incidence_per_100k,interannual,1000.0,prefecture_code_JP-06,prefecture_fixed_effect,-8.641159938495074e-05,8.641159938495074e-05
incidence_per_100k,interannual,1000.0,prefecture_code_JP-07,prefecture_fixed_effect,0.0008452777457796634,0.0008452777457796634
incidence_per_100k,interannual,1000.0,prefecture_code_JP-08,prefecture_fixed_effect,-0.0002498394877649272,0.0002498394877649272
incidence_per_100k,interannual,1000.0,prefecture_code_JP-09,prefecture_fixed_effect,0.0005238991411876576,0.0005238991411876576
incidence_per_100k,interannual,1000.0,prefecture_code_JP-10,prefecture_fixed_effect,0.0005924887700627165,0.0005924887700627165
incidence_per_100k,interannual,1000.0,prefecture_code_JP-11,prefecture_fixed_effect,1.2753641588266006e-05,1.2753641588266006e-05
incidence_per_100k,interannual,1000.0,prefecture_code_JP-13,prefecture_fixed_effect,0.0001966350768094005,0.0001966350768094005
incidence_per_100k,interannual,1000.0,prefecture_code_JP-14,prefecture_fixed_effect,0.0003518948763939756,0.0003518948763939756
incidence_per_100k,interannual,1000.0,prefecture_code_JP-15,prefecture_fixed_effect,0.0003970323645598403,0.0003970323645598403
incidence_per_100k,interannual,1000.0,prefecture_code_JP-18,prefecture_fixed_effect,1.8773977588429076e-05,1.8773977588429076e-05
incidence_per_100k,interannual,1000.0,prefecture_code_JP-19,prefecture_fixed_effect,-0.00010758236272292441,0.00010758236272292441
incidence_per_100k,interannual,1000.0,prefecture_code_JP-20,prefecture_fixed_effect,0.00011211151359781864,0.00011211151359781864
incidence_per_100k,interannual,1000.0,prefecture_code_JP-22,prefecture_fixed_effect,0.0002842676729683638,0.0002842676729683638
incidence_per_100k,interannual,1000.0,prefecture_code_JP-23,prefecture_fixed_effect,0.0011563660151239915,0.0011563660151239915
incidence_per_100k,interannual,1000.0,prefecture_code_JP-24,prefecture_fixed_effect,8.90662264800364e-05,8.90662264800364e-05
incidence_per_100k,interannual,1000.0,prefecture_code_JP-26,prefecture_fixed_effect,5.933841615814382e-05,5.933841615814382e-05
incidence_per_100k,interannual,1000.0,prefecture_code_JP-27,prefecture_fixed_effect,4.067124509514924e-05,4.067124509514924e-05
incidence_per_100k,interannual,1000.0,prefecture_code_JP-28,prefecture_fixed_effect,2.374017761914181e-06,2.374017761914181e-06
incidence_per_100k,interannual,1000.0,prefecture_code_JP-30,prefecture_fixed_effect,-0.0003791372336089001,0.0003791372336089001
incidence_per_100k,interannual,1000.0,prefecture_code_JP-31,prefecture_fixed_effect,-0.002420781205012229,0.002420781205012229
incidence_per_100k,interannual,1000.0,prefecture_code_JP-32,prefecture_fixed_effect,0.0009823972898250282,0.0009823972898250282
incidence_per_100k,interannual,1000.0,prefecture_code_JP-33,prefecture_fixed_effect,8.040859543667766e-05,8.040859543667766e-05
incidence_per_100k,interannual,1000.0,prefecture_code_JP-34,prefecture_fixed_effect,-0.0008396656306569782,0.0008396656306569782
incidence_per_100k,interannual,1000.0,prefecture_code_JP-35,prefecture_fixed_effect,1.1609393173821886e-05,1.1609393173821886e-05
incidence_per_100k,interannual,1000.0,prefecture_code_JP-36,prefecture_fixed_effect,-0.0001093769599721107,0.0001093769599721107
incidence_per_100k,interannual,1000.0,prefecture_code_JP-37,prefecture_fixed_effect,-8.636801705268755e-05,8.636801705268755e-05
incidence_per_100k,interannual,1000.0,prefecture_code_JP-38,prefecture_fixed_effect,-0.00043791247795458004,0.00043791247795458004
incidence_per_100k,interannual,1000.0,prefecture_code_JP-39,prefecture_fixed_effect,0.00011809845390056848,0.00011809845390056848
incidence_per_100k,interannual,1000.0,prefecture_code_JP-40,prefecture_fixed_effect,0.00010803131047918022,0.00010803131047918022
incidence_per_100k,interannual,1000.0,prefecture_code_JP-41,prefecture_fixed_effect,-0.00027590834893220046,0.00027590834893220046
incidence_per_100k,interannual,1000.0,prefecture_code_JP-42,prefecture_fixed_effect,0.00034651259908838236,0.00034651259908838236
incidence_per_100k,interannual,1000.0,prefecture_code_JP-43,prefecture_fixed_effect,-2.148320295821579e-05,2.148320295821579e-05
incidence_per_100k,interannual,1000.0,prefecture_code_JP-44,prefecture_fixed_effect,-0.0014836492301120276,0.0014836492301120276
incidence_per_100k,interannual,1000.0,prefecture_code_JP-45,prefecture_fixed_effect,-0.00010375759838126089,0.00010375759838126089
incidence_per_100k,interannual,1000.0,prefecture_code_JP-46,prefecture_fixed_effect,-0.00012567454401697092,0.00012567454401697092
incidence_per_100k,interannual,1000.0,prefecture_code_JP-47,prefecture_fixed_effect,-4.183070566940476e-05,4.183070566940476e-05
incidence_per_100k,annual,0.01,t2m_lagged,environmental_predictor,-0.03821016805135596,0.03821016805135596
incidence_per_100k,annual,0.01,t2m_std_anom_lagged,environmental_predictor,-0.00010421466367925263,0.00010421466367925263
incidence_per_100k,annual,0.01,c2w_event_lagged,environmental_predictor,7.051613825048591e-06,7.051613825048591e-06
incidence_per_100k,annual,0.01,w2c_event_lagged,environmental_predictor,0.000822332764112401,0.000822332764112401
incidence_per_100k,annual,0.01,c2w_transition_intensity_lagged,environmental_predictor,-0.0011294077883408095,0.0011294077883408095
incidence_per_100k,annual,0.01,w2c_transition_intensity_lagged,environmental_predictor,-0.0012901654563842093,0.0012901654563842093
incidence_per_100k,annual,0.01,ah_lagged,environmental_predictor,0.008421278472218477,0.008421278472218477
incidence_per_100k,annual,0.01,rh_lagged,environmental_predictor,0.002116949227774732,0.002116949227774732
incidence_per_100k,annual,0.01,tp_lagged,environmental_predictor,-0.00452160154830966,0.00452160154830966
incidence_per_100k,annual,0.01,nw_wind_lagged,environmental_predictor,0.007525350915987169,0.007525350915987169
incidence_per_100k,annual,0.01,prefecture_code_JP-01,prefecture_fixed_effect,0.012450159390875631,0.012450159390875631
incidence_per_100k,annual,0.01,prefecture_code_JP-02,prefecture_fixed_effect,0.017930733487569205,0.017930733487569205
incidence_per_100k,annual,0.01,prefecture_code_JP-03,prefecture_fixed_effect,0.03663504242847584,0.03663504242847584
incidence_per_100k,annual,0.01,prefecture_code_JP-04,prefecture_fixed_effect,-0.0032724367727735215,0.0032724367727735215
incidence_per_100k,annual,0.01,prefecture_code_JP-05,prefecture_fixed_effect,0.03917562153830617,0.03917562153830617
incidence_per_100k,annual,0.01,prefecture_code_JP-06,prefecture_fixed_effect,-0.00724645609322488,0.00724645609322488
incidence_per_100k,annual,0.01,prefecture_code_JP-07,prefecture_fixed_effect,-0.003263637770565188,0.003263637770565188
incidence_per_100k,annual,0.01,prefecture_code_JP-08,prefecture_fixed_effect,-0.003318484740052758,0.003318484740052758
incidence_per_100k,annual,0.01,prefecture_code_JP-09,prefecture_fixed_effect,-0.0033345203406539023,0.0033345203406539023
incidence_per_100k,annual,0.01,prefecture_code_JP-10,prefecture_fixed_effect,-0.0024808391447506584,0.0024808391447506584
incidence_per_100k,annual,0.01,prefecture_code_JP-11,prefecture_fixed_effect,-0.003264907951821486,0.003264907951821486
incidence_per_100k,annual,0.01,prefecture_code_JP-13,prefecture_fixed_effect,-0.003158729599406153,0.003158729599406153
incidence_per_100k,annual,0.01,prefecture_code_JP-14,prefecture_fixed_effect,-0.003214717811517287,0.003214717811517287
incidence_per_100k,annual,0.01,prefecture_code_JP-15,prefecture_fixed_effect,-0.003230496954196499,0.003230496954196499
incidence_per_100k,annual,0.01,prefecture_code_JP-16,prefecture_fixed_effect,-0.00306261021796914,0.00306261021796914
incidence_per_100k,annual,0.01,prefecture_code_JP-17,prefecture_fixed_effect,-0.0034559673840554184,0.0034559673840554184
incidence_per_100k,annual,0.01,prefecture_code_JP-18,prefecture_fixed_effect,-0.0031537312345213415,0.0031537312345213415
incidence_per_100k,annual,0.01,prefecture_code_JP-19,prefecture_fixed_effect,-0.004774840441542817,0.004774840441542817
incidence_per_100k,annual,0.01,prefecture_code_JP-20,prefecture_fixed_effect,0.034945331288114743,0.034945331288114743
incidence_per_100k,annual,0.01,prefecture_code_JP-21,prefecture_fixed_effect,-0.003102091130576101,0.003102091130576101
incidence_per_100k,annual,0.01,prefecture_code_JP-22,prefecture_fixed_effect,-0.003409880450625874,0.003409880450625874
incidence_per_100k,annual,0.01,prefecture_code_JP-23,prefecture_fixed_effect,-0.0033089261422160642,0.0033089261422160642
incidence_per_100k,annual,0.01,prefecture_code_JP-24,prefecture_fixed_effect,-0.0035850442352156923,0.0035850442352156923
incidence_per_100k,annual,0.01,prefecture_code_JP-25,prefecture_fixed_effect,-0.0033352809009776618,0.0033352809009776618
incidence_per_100k,annual,0.01,prefecture_code_JP-26,prefecture_fixed_effect,-0.0032824939884142776,0.0032824939884142776
incidence_per_100k,annual,0.01,prefecture_code_JP-27,prefecture_fixed_effect,-0.00332517984182414,0.00332517984182414
incidence_per_100k,annual,0.01,prefecture_code_JP-28,prefecture_fixed_effect,-0.0031756569336969078,0.0031756569336969078
incidence_per_100k,annual,0.01,prefecture_code_JP-29,prefecture_fixed_effect,-0.0033687702797932893,0.0033687702797932893
incidence_per_100k,annual,0.01,prefecture_code_JP-30,prefecture_fixed_effect,-0.003344872459099629,0.003344872459099629
incidence_per_100k,annual,0.01,prefecture_code_JP-31,prefecture_fixed_effect,-0.0032433832575821993,0.0032433832575821993
incidence_per_100k,annual,0.01,prefecture_code_JP-32,prefecture_fixed_effect,-0.003334839446276565,0.003334839446276565
incidence_per_100k,annual,0.01,prefecture_code_JP-33,prefecture_fixed_effect,-0.0033188987968510316,0.0033188987968510316
incidence_per_100k,annual,0.01,prefecture_code_JP-34,prefecture_fixed_effect,-0.003363304483957363,0.003363304483957363
incidence_per_100k,annual,0.01,prefecture_code_JP-35,prefecture_fixed_effect,-0.003332348510823755,0.003332348510823755
incidence_per_100k,annual,0.01,prefecture_code_JP-36,prefecture_fixed_effect,-0.008832765337009604,0.008832765337009604
incidence_per_100k,annual,0.01,prefecture_code_JP-37,prefecture_fixed_effect,-0.003425059669982119,0.003425059669982119
incidence_per_100k,annual,0.01,prefecture_code_JP-38,prefecture_fixed_effect,-0.003252955826259032,0.003252955826259032
incidence_per_100k,annual,0.01,prefecture_code_JP-39,prefecture_fixed_effect,-0.009110278068105427,0.009110278068105427
incidence_per_100k,annual,0.01,prefecture_code_JP-40,prefecture_fixed_effect,-0.0032902083945802046,0.0032902083945802046
incidence_per_100k,annual,0.01,prefecture_code_JP-41,prefecture_fixed_effect,-0.003443054162250437,0.003443054162250437
incidence_per_100k,annual,0.01,prefecture_code_JP-42,prefecture_fixed_effect,-0.0033009309131626263,0.0033009309131626263
incidence_per_100k,annual,0.01,prefecture_code_JP-43,prefecture_fixed_effect,-0.0031317606516816686,0.0031317606516816686
incidence_per_100k,annual,0.01,prefecture_code_JP-44,prefecture_fixed_effect,-0.0034610531770164943,0.0034610531770164943
incidence_per_100k,annual,0.01,prefecture_code_JP-45,prefecture_fixed_effect,-0.0032929779936673397,0.0032929779936673397
incidence_per_100k,annual,0.01,prefecture_code_JP-46,prefecture_fixed_effect,-0.0033882747966067434,0.0033882747966067434
incidence_per_100k,annual,0.01,prefecture_code_JP-47,prefecture_fixed_effect,0.0068557781719603625,0.0068557781719603625
incidence_per_100k,semiannual,0.01,t2m_lagged,environmental_predictor,-0.006562451404945744,0.006562451404945744
incidence_per_100k,semiannual,0.01,t2m_std_anom_lagged,environmental_predictor,0.0012448099344483541,0.0012448099344483541
incidence_per_100k,semiannual,0.01,c2w_event_lagged,environmental_predictor,0.000431871449934132,0.000431871449934132
incidence_per_100k,semiannual,0.01,w2c_event_lagged,environmental_predictor,-1.4243787118327057e-05,1.4243787118327057e-05
incidence_per_100k,semiannual,0.01,c2w_transition_intensity_lagged,environmental_predictor,-0.00039720231364305005,0.00039720231364305005
incidence_per_100k,semiannual,0.01,w2c_transition_intensity_lagged,environmental_predictor,1.5827702567761336e-05,1.5827702567761336e-05
incidence_per_100k,semiannual,0.01,ah_lagged,environmental_predictor,0.0008597617421344678,0.0008597617421344678
incidence_per_100k,semiannual,0.01,rh_lagged,environmental_predictor,0.0006056486172801938,0.0006056486172801938
incidence_per_100k,semiannual,0.01,tp_lagged,environmental_predictor,-0.0010419091591359795,0.0010419091591359795
incidence_per_100k,semiannual,0.01,nw_wind_lagged,environmental_predictor,0.002296502822855731,0.002296502822855731
incidence_per_100k,semiannual,0.01,prefecture_code_JP-01,prefecture_fixed_effect,1.8692937525581738e-05,1.8692937525581738e-05
incidence_per_100k,semiannual,0.01,prefecture_code_JP-02,prefecture_fixed_effect,0.00014247161805056065,0.00014247161805056065
incidence_per_100k,semiannual,0.01,prefecture_code_JP-03,prefecture_fixed_effect,-0.00015720714024616196,0.00015720714024616196
incidence_per_100k,semiannual,0.01,prefecture_code_JP-04,prefecture_fixed_effect,0.00011992045569617915,0.00011992045569617915
incidence_per_100k,semiannual,0.01,prefecture_code_JP-05,prefecture_fixed_effect,8.232609862604499e-05,8.232609862604499e-05
incidence_per_100k,semiannual,0.01,prefecture_code_JP-06,prefecture_fixed_effect,0.00015281550124721777,0.00015281550124721777
incidence_per_100k,semiannual,0.01,prefecture_code_JP-07,prefecture_fixed_effect,-0.00023767204269947975,0.00023767204269947975
incidence_per_100k,semiannual,0.01,prefecture_code_JP-08,prefecture_fixed_effect,-3.739140693178573e-05,3.739140693178573e-05
incidence_per_100k,semiannual,0.01,prefecture_code_JP-09,prefecture_fixed_effect,-0.0001833440411562719,0.0001833440411562719
incidence_per_100k,semiannual,0.01,prefecture_code_JP-10,prefecture_fixed_effect,-0.00021789700013647857,0.00021789700013647857
incidence_per_100k,semiannual,0.01,prefecture_code_JP-11,prefecture_fixed_effect,0.00012650500686397614,0.00012650500686397614
incidence_per_100k,semiannual,0.01,prefecture_code_JP-13,prefecture_fixed_effect,0.00018494382143011479,0.00018494382143011479
incidence_per_100k,semiannual,0.01,prefecture_code_JP-14,prefecture_fixed_effect,-7.663920981675766e-06,7.663920981675766e-06
incidence_per_100k,semiannual,0.01,prefecture_code_JP-15,prefecture_fixed_effect,9.514141942236887e-05,9.514141942236887e-05
incidence_per_100k,semiannual,0.01,prefecture_code_JP-16,prefecture_fixed_effect,0.00017596466849782887,0.00017596466849782887
incidence_per_100k,semiannual,0.01,prefecture_code_JP-17,prefecture_fixed_effect,-2.4673684690249585e-05,2.4673684690249585e-05
incidence_per_100k,semiannual,0.01,prefecture_code_JP-18,prefecture_fixed_effect,0.00010943490244440325,0.00010943490244440325
incidence_per_100k,semiannual,0.01,prefecture_code_JP-19,prefecture_fixed_effect,9.430317081030832e-05,9.430317081030832e-05
incidence_per_100k,semiannual,0.01,prefecture_code_JP-20,prefecture_fixed_effect,0.00017242293804627465,0.00017242293804627465
incidence_per_100k,semiannual,0.01,prefecture_code_JP-21,prefecture_fixed_effect,-0.00017928520840089932,0.00017928520840089932
incidence_per_100k,semiannual,0.01,prefecture_code_JP-22,prefecture_fixed_effect,0.00013592287847698293,0.00013592287847698293
incidence_per_100k,semiannual,0.01,prefecture_code_JP-23,prefecture_fixed_effect,2.3988445931967013e-05,2.3988445931967013e-05
incidence_per_100k,semiannual,0.01,prefecture_code_JP-24,prefecture_fixed_effect,-0.00019468500794490498,0.00019468500794490498
incidence_per_100k,semiannual,0.01,prefecture_code_JP-25,prefecture_fixed_effect,1.5750007657832993e-05,1.5750007657832993e-05
incidence_per_100k,semiannual,0.01,prefecture_code_JP-26,prefecture_fixed_effect,0.00010872790476544645,0.00010872790476544645
incidence_per_100k,semiannual,0.01,prefecture_code_JP-27,prefecture_fixed_effect,4.799325657505776e-05,4.799325657505776e-05
incidence_per_100k,semiannual,0.01,prefecture_code_JP-28,prefecture_fixed_effect,0.00014334776714029537,0.00014334776714029537
incidence_per_100k,semiannual,0.01,prefecture_code_JP-29,prefecture_fixed_effect,-4.067752359059303e-05,4.067752359059303e-05
incidence_per_100k,semiannual,0.01,prefecture_code_JP-30,prefecture_fixed_effect,-4.550954494887969e-06,4.550954494887969e-06
incidence_per_100k,semiannual,0.01,prefecture_code_JP-31,prefecture_fixed_effect,-0.0007588380764115032,0.0007588380764115032
incidence_per_100k,semiannual,0.01,prefecture_code_JP-32,prefecture_fixed_effect,7.858511816228572e-05,7.858511816228572e-05
incidence_per_100k,semiannual,0.01,prefecture_code_JP-33,prefecture_fixed_effect,-0.00015704457087756132,0.00015704457087756132
incidence_per_100k,semiannual,0.01,prefecture_code_JP-34,prefecture_fixed_effect,0.00010202476457524959,0.00010202476457524959
incidence_per_100k,semiannual,0.01,prefecture_code_JP-35,prefecture_fixed_effect,0.0001844448037908944,0.0001844448037908944
incidence_per_100k,semiannual,0.01,prefecture_code_JP-36,prefecture_fixed_effect,0.0002545555922236885,0.0002545555922236885
incidence_per_100k,semiannual,0.01,prefecture_code_JP-37,prefecture_fixed_effect,-3.479910816265272e-05,3.479910816265272e-05
incidence_per_100k,semiannual,0.01,prefecture_code_JP-38,prefecture_fixed_effect,-0.00010960403571749608,0.00010960403571749608
incidence_per_100k,semiannual,0.01,prefecture_code_JP-39,prefecture_fixed_effect,0.00013078406431811862,0.00013078406431811862
incidence_per_100k,semiannual,0.01,prefecture_code_JP-40,prefecture_fixed_effect,0.00011282794935314403,0.00011282794935314403
incidence_per_100k,semiannual,0.01,prefecture_code_JP-41,prefecture_fixed_effect,0.00016307414115858716,0.00016307414115858716
incidence_per_100k,semiannual,0.01,prefecture_code_JP-42,prefecture_fixed_effect,-2.5070580325679505e-05,2.5070580325679505e-05
incidence_per_100k,semiannual,0.01,prefecture_code_JP-43,prefecture_fixed_effect,-0.0009600206574046689,0.0009600206574046689
incidence_per_100k,semiannual,0.01,prefecture_code_JP-44,prefecture_fixed_effect,9.415551326808505e-05,9.415551326808505e-05
incidence_per_100k,semiannual,0.01,prefecture_code_JP-45,prefecture_fixed_effect,5.2439002834567695e-05,5.2439002834567695e-05
incidence_per_100k,semiannual,0.01,prefecture_code_JP-46,prefecture_fixed_effect,6.608816265991967e-05,6.608816265991967e-05
incidence_per_100k,semiannual,0.01,prefecture_code_JP-47,prefecture_fixed_effect,0.00014077304861995758,0.00014077304861995758
incidence_per_100k,seasonal_subannual,1000.0,t2m_lagged,environmental_predictor,-0.000297975663716591,0.000297975663716591
incidence_per_100k,seasonal_subannual,1000.0,t2m_std_anom_lagged,environmental_predictor,-0.0009959501276167295,0.0009959501276167295
incidence_per_100k,seasonal_subannual,1000.0,c2w_event_lagged,environmental_predictor,-0.00018827513747763695,0.00018827513747763695
incidence_per_100k,seasonal_subannual,1000.0,w2c_event_lagged,environmental_predictor,8.008734230640334e-06,8.008734230640334e-06
incidence_per_100k,seasonal_subannual,1000.0,c2w_transition_intensity_lagged,environmental_predictor,-0.00012380793896042152,0.00012380793896042152
incidence_per_100k,seasonal_subannual,1000.0,w2c_transition_intensity_lagged,environmental_predictor,1.2795998269084168e-05,1.2795998269084168e-05
incidence_per_100k,seasonal_subannual,1000.0,ah_lagged,environmental_predictor,0.0013525832844256808,0.0013525832844256808
incidence_per_100k,seasonal_subannual,1000.0,rh_lagged,environmental_predictor,-0.0013974131493522744,0.0013974131493522744
incidence_per_100k,seasonal_subannual,1000.0,tp_lagged,environmental_predictor,-0.0001508617104664173,0.0001508617104664173
incidence_per_100k,seasonal_subannual,1000.0,nw_wind_lagged,environmental_predictor,0.0007851768663039332,0.0007851768663039332
incidence_per_100k,seasonal_subannual,1000.0,prefecture_code_JP-01,prefecture_fixed_effect,-2.8317547664437787e-05,2.8317547664437787e-05
incidence_per_100k,seasonal_subannual,1000.0,prefecture_code_JP-02,prefecture_fixed_effect,8.740169515418882e-05,8.740169515418882e-05
incidence_per_100k,seasonal_subannual,1000.0,prefecture_code_JP-03,prefecture_fixed_effect,-0.0002778327638204024,0.0002778327638204024
incidence_per_100k,seasonal_subannual,1000.0,prefecture_code_JP-04,prefecture_fixed_effect,-6.484876965679008e-05,6.484876965679008e-05
incidence_per_100k,seasonal_subannual,1000.0,prefecture_code_JP-05,prefecture_fixed_effect,7.87388450071155e-05,7.87388450071155e-05
incidence_per_100k,seasonal_subannual,1000.0,prefecture_code_JP-06,prefecture_fixed_effect,5.662130332016544e-05,5.662130332016544e-05
incidence_per_100k,seasonal_subannual,1000.0,prefecture_code_JP-07,prefecture_fixed_effect,5.639477507242467e-06,5.639477507242467e-06
incidence_per_100k,seasonal_subannual,1000.0,prefecture_code_JP-08,prefecture_fixed_effect,-7.004071369168592e-05,7.004071369168592e-05
incidence_per_100k,seasonal_subannual,1000.0,prefecture_code_JP-09,prefecture_fixed_effect,0.00021856887387635353,0.00021856887387635353
incidence_per_100k,seasonal_subannual,1000.0,prefecture_code_JP-10,prefecture_fixed_effect,7.547117168948356e-05,7.547117168948356e-05
incidence_per_100k,seasonal_subannual,1000.0,prefecture_code_JP-11,prefecture_fixed_effect,1.3441592474500625e-05,1.3441592474500625e-05
incidence_per_100k,seasonal_subannual,1000.0,prefecture_code_JP-13,prefecture_fixed_effect,-2.3309593412007063e-05,2.3309593412007063e-05
incidence_per_100k,seasonal_subannual,1000.0,prefecture_code_JP-14,prefecture_fixed_effect,0.00013434809161430347,0.00013434809161430347
incidence_per_100k,seasonal_subannual,1000.0,prefecture_code_JP-15,prefecture_fixed_effect,7.364562423533e-05,7.364562423533e-05
incidence_per_100k,seasonal_subannual,1000.0,prefecture_code_JP-16,prefecture_fixed_effect,4.626118910571608e-05,4.626118910571608e-05
incidence_per_100k,seasonal_subannual,1000.0,prefecture_code_JP-17,prefecture_fixed_effect,7.320492519254249e-05,7.320492519254249e-05
incidence_per_100k,seasonal_subannual,1000.0,prefecture_code_JP-18,prefecture_fixed_effect,6.51565875289355e-05,6.51565875289355e-05
incidence_per_100k,seasonal_subannual,1000.0,prefecture_code_JP-19,prefecture_fixed_effect,6.592567965113437e-05,6.592567965113437e-05
incidence_per_100k,seasonal_subannual,1000.0,prefecture_code_JP-20,prefecture_fixed_effect,9.587716165010136e-05,9.587716165010136e-05
incidence_per_100k,seasonal_subannual,1000.0,prefecture_code_JP-21,prefecture_fixed_effect,5.6961312884033704e-05,5.6961312884033704e-05
incidence_per_100k,seasonal_subannual,1000.0,prefecture_code_JP-22,prefecture_fixed_effect,-0.0006094611444848636,0.0006094611444848636
incidence_per_100k,seasonal_subannual,1000.0,prefecture_code_JP-23,prefecture_fixed_effect,3.3492088164486586e-05,3.3492088164486586e-05
incidence_per_100k,seasonal_subannual,1000.0,prefecture_code_JP-24,prefecture_fixed_effect,3.062593755209124e-05,3.062593755209124e-05
incidence_per_100k,seasonal_subannual,1000.0,prefecture_code_JP-25,prefecture_fixed_effect,0.00011742312241060782,0.00011742312241060782
incidence_per_100k,seasonal_subannual,1000.0,prefecture_code_JP-26,prefecture_fixed_effect,0.00017070230988992249,0.00017070230988992249
incidence_per_100k,seasonal_subannual,1000.0,prefecture_code_JP-27,prefecture_fixed_effect,4.901458136969404e-05,4.901458136969404e-05
incidence_per_100k,seasonal_subannual,1000.0,prefecture_code_JP-28,prefecture_fixed_effect,7.7728713809217e-05,7.7728713809217e-05
incidence_per_100k,seasonal_subannual,1000.0,prefecture_code_JP-29,prefecture_fixed_effect,2.8043794594207203e-05,2.8043794594207203e-05
incidence_per_100k,seasonal_subannual,1000.0,prefecture_code_JP-30,prefecture_fixed_effect,-2.910754648829525e-05,2.910754648829525e-05
incidence_per_100k,seasonal_subannual,1000.0,prefecture_code_JP-31,prefecture_fixed_effect,0.00013621730218256903,0.00013621730218256903
incidence_per_100k,seasonal_subannual,1000.0,prefecture_code_JP-32,prefecture_fixed_effect,0.0001411173040317227,0.0001411173040317227
incidence_per_100k,seasonal_subannual,1000.0,prefecture_code_JP-33,prefecture_fixed_effect,-1.7885182784170567e-07,1.7885182784170567e-07
incidence_per_100k,seasonal_subannual,1000.0,prefecture_code_JP-34,prefecture_fixed_effect,-0.00012221200626549866,0.00012221200626549866
incidence_per_100k,seasonal_subannual,1000.0,prefecture_code_JP-35,prefecture_fixed_effect,-1.4232800203447458e-05,1.4232800203447458e-05
incidence_per_100k,seasonal_subannual,1000.0,prefecture_code_JP-36,prefecture_fixed_effect,-6.623028297768098e-05,6.623028297768098e-05
incidence_per_100k,seasonal_subannual,1000.0,prefecture_code_JP-37,prefecture_fixed_effect,-0.0012099470653568567,0.0012099470653568567
incidence_per_100k,seasonal_subannual,1000.0,prefecture_code_JP-38,prefecture_fixed_effect,-9.099441711582669e-06,9.099441711582669e-06
incidence_per_100k,seasonal_subannual,1000.0,prefecture_code_JP-39,prefecture_fixed_effect,8.618615611673533e-05,8.618615611673533e-05
incidence_per_100k,seasonal_subannual,1000.0,prefecture_code_JP-40,prefecture_fixed_effect,7.937024314972809e-05,7.937024314972809e-05
incidence_per_100k,seasonal_subannual,1000.0,prefecture_code_JP-41,prefecture_fixed_effect,0.00012118529504293492,0.00012118529504293492
incidence_per_100k,seasonal_subannual,1000.0,prefecture_code_JP-42,prefecture_fixed_effect,4.8356185393264606e-05,4.8356185393264606e-05
incidence_per_100k,seasonal_subannual,1000.0,prefecture_code_JP-43,prefecture_fixed_effect,0.00017359431036198197,0.00017359431036198197
incidence_per_100k,seasonal_subannual,1000.0,prefecture_code_JP-44,prefecture_fixed_effect,-1.1672024735746155e-05,1.1672024735746155e-05
incidence_per_100k,seasonal_subannual,1000.0,prefecture_code_JP-45,prefecture_fixed_effect,-4.7347145396546625e-06,4.7347145396546625e-06
incidence_per_100k,seasonal_subannual,1000.0,prefecture_code_JP-46,prefecture_fixed_effect,7.641969454755701e-05,7.641969454755701e-05
incidence_per_100k,seasonal_subannual,1000.0,prefecture_code_JP-47,prefecture_fixed_effect,2.448469732893654e-05,2.448469732893654e-05
incidence_per_100k,subseasonal,1000.0,t2m_lagged,environmental_predictor,1.891873340999407e-05,1.891873340999407e-05
incidence_per_100k,subseasonal,1000.0,t2m_std_anom_lagged,environmental_predictor,-0.00045092525097232996,0.00045092525097232996
incidence_per_100k,subseasonal,1000.0,c2w_event_lagged,environmental_predictor,-3.814161966568035e-05,3.814161966568035e-05
incidence_per_100k,subseasonal,1000.0,w2c_event_lagged,environmental_predictor,-0.00010979335409715547,0.00010979335409715547
incidence_per_100k,subseasonal,1000.0,c2w_transition_intensity_lagged,environmental_predictor,0.00011609701015117916,0.00011609701015117916
incidence_per_100k,subseasonal,1000.0,w2c_transition_intensity_lagged,environmental_predictor,0.00024684405008415283,0.00024684405008415283
incidence_per_100k,subseasonal,1000.0,ah_lagged,environmental_predictor,-6.635570001638765e-05,6.635570001638765e-05
incidence_per_100k,subseasonal,1000.0,rh_lagged,environmental_predictor,-8.656333169293612e-05,8.656333169293612e-05
incidence_per_100k,subseasonal,1000.0,tp_lagged,environmental_predictor,0.0004024138145604421,0.0004024138145604421
incidence_per_100k,subseasonal,1000.0,nw_wind_lagged,environmental_predictor,0.00017666672646566355,0.00017666672646566355
incidence_per_100k,subseasonal,1000.0,prefecture_code_JP-01,prefecture_fixed_effect,2.6461147059549542e-05,2.6461147059549542e-05
incidence_per_100k,subseasonal,1000.0,prefecture_code_JP-02,prefecture_fixed_effect,-2.7331327075821962e-05,2.7331327075821962e-05
incidence_per_100k,subseasonal,1000.0,prefecture_code_JP-03,prefecture_fixed_effect,-3.3050544356159856e-05,3.3050544356159856e-05
incidence_per_100k,subseasonal,1000.0,prefecture_code_JP-04,prefecture_fixed_effect,-6.603512306646621e-05,6.603512306646621e-05
incidence_per_100k,subseasonal,1000.0,prefecture_code_JP-05,prefecture_fixed_effect,1.1291251893132979e-05,1.1291251893132979e-05
incidence_per_100k,subseasonal,1000.0,prefecture_code_JP-06,prefecture_fixed_effect,9.324180972725333e-06,9.324180972725333e-06
incidence_per_100k,subseasonal,1000.0,prefecture_code_JP-07,prefecture_fixed_effect,7.020608883183248e-06,7.020608883183248e-06
incidence_per_100k,subseasonal,1000.0,prefecture_code_JP-08,prefecture_fixed_effect,-1.5788415881096286e-05,1.5788415881096286e-05
incidence_per_100k,subseasonal,1000.0,prefecture_code_JP-09,prefecture_fixed_effect,2.013729767266402e-05,2.013729767266402e-05
incidence_per_100k,subseasonal,1000.0,prefecture_code_JP-10,prefecture_fixed_effect,2.2868885423487728e-05,2.2868885423487728e-05
incidence_per_100k,subseasonal,1000.0,prefecture_code_JP-11,prefecture_fixed_effect,2.1154134258262383e-05,2.1154134258262383e-05
incidence_per_100k,subseasonal,1000.0,prefecture_code_JP-13,prefecture_fixed_effect,1.171581256250742e-06,1.171581256250742e-06
incidence_per_100k,subseasonal,1000.0,prefecture_code_JP-14,prefecture_fixed_effect,5.333202804730034e-06,5.333202804730034e-06
incidence_per_100k,subseasonal,1000.0,prefecture_code_JP-15,prefecture_fixed_effect,1.0208996068046967e-05,1.0208996068046967e-05
incidence_per_100k,subseasonal,1000.0,prefecture_code_JP-16,prefecture_fixed_effect,-0.0002045163450464012,0.0002045163450464012
incidence_per_100k,subseasonal,1000.0,prefecture_code_JP-17,prefecture_fixed_effect,1.712386384833114e-05,1.712386384833114e-05
incidence_per_100k,subseasonal,1000.0,prefecture_code_JP-18,prefecture_fixed_effect,8.213304232604062e-06,8.213304232604062e-06
incidence_per_100k,subseasonal,1000.0,prefecture_code_JP-19,prefecture_fixed_effect,6.881854291424061e-05,6.881854291424061e-05
incidence_per_100k,subseasonal,1000.0,prefecture_code_JP-20,prefecture_fixed_effect,-6.58235578986722e-05,6.58235578986722e-05
incidence_per_100k,subseasonal,1000.0,prefecture_code_JP-21,prefecture_fixed_effect,3.91458369403352e-05,3.91458369403352e-05
incidence_per_100k,subseasonal,1000.0,prefecture_code_JP-22,prefecture_fixed_effect,-1.9262449004047304e-05,1.9262449004047304e-05
incidence_per_100k,subseasonal,1000.0,prefecture_code_JP-23,prefecture_fixed_effect,1.9388996911372312e-05,1.9388996911372312e-05
incidence_per_100k,subseasonal,1000.0,prefecture_code_JP-24,prefecture_fixed_effect,-0.00010312355425318395,0.00010312355425318395
incidence_per_100k,subseasonal,1000.0,prefecture_code_JP-25,prefecture_fixed_effect,1.3802218155451517e-05,1.3802218155451517e-05
incidence_per_100k,subseasonal,1000.0,prefecture_code_JP-26,prefecture_fixed_effect,-1.3384848807613818e-06,1.3384848807613818e-06
incidence_per_100k,subseasonal,1000.0,prefecture_code_JP-27,prefecture_fixed_effect,-4.338458535755503e-06,4.338458535755503e-06
incidence_per_100k,subseasonal,1000.0,prefecture_code_JP-28,prefecture_fixed_effect,3.3946885311822835e-06,3.3946885311822835e-06
incidence_per_100k,subseasonal,1000.0,prefecture_code_JP-29,prefecture_fixed_effect,-4.222178218495634e-05,4.222178218495634e-05
incidence_per_100k,subseasonal,1000.0,prefecture_code_JP-30,prefecture_fixed_effect,1.3040521183231355e-05,1.3040521183231355e-05
incidence_per_100k,subseasonal,1000.0,prefecture_code_JP-31,prefecture_fixed_effect,-7.161905552364722e-05,7.161905552364722e-05
incidence_per_100k,subseasonal,1000.0,prefecture_code_JP-32,prefecture_fixed_effect,0.00015744356241252782,0.00015744356241252782
incidence_per_100k,subseasonal,1000.0,prefecture_code_JP-33,prefecture_fixed_effect,0.00012604530362844775,0.00012604530362844775
incidence_per_100k,subseasonal,1000.0,prefecture_code_JP-34,prefecture_fixed_effect,7.355077770871756e-05,7.355077770871756e-05
incidence_per_100k,subseasonal,1000.0,prefecture_code_JP-35,prefecture_fixed_effect,2.4968780792388943e-05,2.4968780792388943e-05
incidence_per_100k,subseasonal,1000.0,prefecture_code_JP-36,prefecture_fixed_effect,-8.702860887075307e-05,8.702860887075307e-05
incidence_per_100k,subseasonal,1000.0,prefecture_code_JP-37,prefecture_fixed_effect,9.880074903168469e-05,9.880074903168469e-05
incidence_per_100k,subseasonal,1000.0,prefecture_code_JP-38,prefecture_fixed_effect,-0.00036600654732195354,0.00036600654732195354
incidence_per_100k,subseasonal,1000.0,prefecture_code_JP-39,prefecture_fixed_effect,0.00021531711799963908,0.00021531711799963908
incidence_per_100k,subseasonal,1000.0,prefecture_code_JP-40,prefecture_fixed_effect,7.2470585533894365e-06,7.2470585533894365e-06
incidence_per_100k,subseasonal,1000.0,prefecture_code_JP-41,prefecture_fixed_effect,-1.6521303170216785e-05,1.6521303170216785e-05
incidence_per_100k,subseasonal,1000.0,prefecture_code_JP-42,prefecture_fixed_effect,-7.514155911673906e-06,7.514155911673906e-06
incidence_per_100k,subseasonal,1000.0,prefecture_code_JP-43,prefecture_fixed_effect,2.9270476906585236e-05,2.9270476906585236e-05
incidence_per_100k,subseasonal,1000.0,prefecture_code_JP-44,prefecture_fixed_effect,0.00020121803750932282,0.00020121803750932282
incidence_per_100k,subseasonal,1000.0,prefecture_code_JP-45,prefecture_fixed_effect,-7.949808497021141e-05,7.949808497021141e-05
incidence_per_100k,subseasonal,1000.0,prefecture_code_JP-46,prefecture_fixed_effect,2.7250367550868613e-06,2.7250367550868613e-06
incidence_per_100k,subseasonal,1000.0,prefecture_code_JP-47,prefecture_fixed_effect,-4.346836235479499e-05,4.346836235479499e-05
incidence_per_100k,high_frequency,1000.0,t2m_lagged,environmental_predictor,-0.0002618070857881936,0.0002618070857881936
incidence_per_100k,high_frequency,1000.0,t2m_std_anom_lagged,environmental_predictor,-4.536253553206567e-05,4.536253553206567e-05
incidence_per_100k,high_frequency,1000.0,c2w_event_lagged,environmental_predictor,0.00018232426390045911,0.00018232426390045911
incidence_per_100k,high_frequency,1000.0,w2c_event_lagged,environmental_predictor,0.00034810666004613433,0.00034810666004613433
incidence_per_100k,high_frequency,1000.0,c2w_transition_intensity_lagged,environmental_predictor,-0.00038388173247334704,0.00038388173247334704
incidence_per_100k,high_frequency,1000.0,w2c_transition_intensity_lagged,environmental_predictor,-0.00022807957962468696,0.00022807957962468696
incidence_per_100k,high_frequency,1000.0,ah_lagged,environmental_predictor,-0.00029812265982888256,0.00029812265982888256
incidence_per_100k,high_frequency,1000.0,rh_lagged,environmental_predictor,-0.00014028649110950155,0.00014028649110950155
incidence_per_100k,high_frequency,1000.0,tp_lagged,environmental_predictor,0.0002677334199392957,0.0002677334199392957
incidence_per_100k,high_frequency,1000.0,nw_wind_lagged,environmental_predictor,0.0003776004344160487,0.0003776004344160487
incidence_per_100k,high_frequency,1000.0,prefecture_code_JP-01,prefecture_fixed_effect,0.0001355200562342251,0.0001355200562342251
incidence_per_100k,high_frequency,1000.0,prefecture_code_JP-02,prefecture_fixed_effect,5.476261979402739e-05,5.476261979402739e-05
incidence_per_100k,high_frequency,1000.0,prefecture_code_JP-03,prefecture_fixed_effect,-6.51880529068248e-05,6.51880529068248e-05
incidence_per_100k,high_frequency,1000.0,prefecture_code_JP-04,prefecture_fixed_effect,-0.0002746152562355056,0.0002746152562355056
incidence_per_100k,high_frequency,1000.0,prefecture_code_JP-05,prefecture_fixed_effect,9.664105675682096e-05,9.664105675682096e-05
incidence_per_100k,high_frequency,1000.0,prefecture_code_JP-06,prefecture_fixed_effect,3.664200955926286e-05,3.664200955926286e-05
incidence_per_100k,high_frequency,1000.0,prefecture_code_JP-07,prefecture_fixed_effect,-2.343166183453138e-06,2.343166183453138e-06
incidence_per_100k,high_frequency,1000.0,prefecture_code_JP-08,prefecture_fixed_effect,-0.00013011623121399134,0.00013011623121399134
incidence_per_100k,high_frequency,1000.0,prefecture_code_JP-09,prefecture_fixed_effect,3.004119611292116e-05,3.004119611292116e-05
incidence_per_100k,high_frequency,1000.0,prefecture_code_JP-10,prefecture_fixed_effect,-3.301755306480981e-05,3.301755306480981e-05
incidence_per_100k,high_frequency,1000.0,prefecture_code_JP-11,prefecture_fixed_effect,6.694780301789246e-05,6.694780301789246e-05
incidence_per_100k,high_frequency,1000.0,prefecture_code_JP-13,prefecture_fixed_effect,5.0258968279373706e-05,5.0258968279373706e-05
incidence_per_100k,high_frequency,1000.0,prefecture_code_JP-14,prefecture_fixed_effect,3.204793331481337e-05,3.204793331481337e-05
incidence_per_100k,high_frequency,1000.0,prefecture_code_JP-15,prefecture_fixed_effect,7.303080516077668e-05,7.303080516077668e-05
incidence_per_100k,high_frequency,1000.0,prefecture_code_JP-16,prefecture_fixed_effect,-0.0004043607740830076,0.0004043607740830076
incidence_per_100k,high_frequency,1000.0,prefecture_code_JP-17,prefecture_fixed_effect,0.00013270952301584012,0.00013270952301584012
incidence_per_100k,high_frequency,1000.0,prefecture_code_JP-18,prefecture_fixed_effect,3.3295727117446506e-05,3.3295727117446506e-05
incidence_per_100k,high_frequency,1000.0,prefecture_code_JP-19,prefecture_fixed_effect,-4.5930670587554916e-05,4.5930670587554916e-05
incidence_per_100k,high_frequency,1000.0,prefecture_code_JP-20,prefecture_fixed_effect,-4.096685909870477e-07,4.096685909870477e-07
incidence_per_100k,high_frequency,1000.0,prefecture_code_JP-21,prefecture_fixed_effect,0.00012833657477781413,0.00012833657477781413
incidence_per_100k,high_frequency,1000.0,prefecture_code_JP-22,prefecture_fixed_effect,1.9611671482827377e-06,1.9611671482827377e-06
incidence_per_100k,high_frequency,1000.0,prefecture_code_JP-23,prefecture_fixed_effect,7.664350568936737e-06,7.664350568936737e-06
incidence_per_100k,high_frequency,1000.0,prefecture_code_JP-24,prefecture_fixed_effect,-1.3141939311858927e-05,1.3141939311858927e-05
incidence_per_100k,high_frequency,1000.0,prefecture_code_JP-25,prefecture_fixed_effect,1.6044236218925413e-05,1.6044236218925413e-05
incidence_per_100k,high_frequency,1000.0,prefecture_code_JP-26,prefecture_fixed_effect,1.935857475631014e-05,1.935857475631014e-05
incidence_per_100k,high_frequency,1000.0,prefecture_code_JP-27,prefecture_fixed_effect,3.8663870216182736e-05,3.8663870216182736e-05
incidence_per_100k,high_frequency,1000.0,prefecture_code_JP-28,prefecture_fixed_effect,5.677368512486548e-05,5.677368512486548e-05
incidence_per_100k,high_frequency,1000.0,prefecture_code_JP-29,prefecture_fixed_effect,2.9387847039155838e-05,2.9387847039155838e-05
incidence_per_100k,high_frequency,1000.0,prefecture_code_JP-30,prefecture_fixed_effect,0.00013445272426416103,0.00013445272426416103
incidence_per_100k,high_frequency,1000.0,prefecture_code_JP-31,prefecture_fixed_effect,-0.00015243465434785816,0.00015243465434785816
incidence_per_100k,high_frequency,1000.0,prefecture_code_JP-32,prefecture_fixed_effect,0.00018337628568373469,0.00018337628568373469
incidence_per_100k,high_frequency,1000.0,prefecture_code_JP-33,prefecture_fixed_effect,0.00010547377503906366,0.00010547377503906366
incidence_per_100k,high_frequency,1000.0,prefecture_code_JP-34,prefecture_fixed_effect,0.00015451972285228813,0.00015451972285228813
incidence_per_100k,high_frequency,1000.0,prefecture_code_JP-35,prefecture_fixed_effect,-4.2905930475765654e-05,4.2905930475765654e-05
incidence_per_100k,high_frequency,1000.0,prefecture_code_JP-36,prefecture_fixed_effect,-0.0002385433039536871,0.0002385433039536871
incidence_per_100k,high_frequency,1000.0,prefecture_code_JP-37,prefecture_fixed_effect,0.00011931303277801336,0.00011931303277801336
incidence_per_100k,high_frequency,1000.0,prefecture_code_JP-38,prefecture_fixed_effect,-0.0003660027932519313,0.0003660027932519313
incidence_per_100k,high_frequency,1000.0,prefecture_code_JP-39,prefecture_fixed_effect,0.00023320152143294898,0.00023320152143294898
incidence_per_100k,high_frequency,1000.0,prefecture_code_JP-40,prefecture_fixed_effect,3.35902539997666e-05,3.35902539997666e-05
incidence_per_100k,high_frequency,1000.0,prefecture_code_JP-41,prefecture_fixed_effect,-1.9599537137058885e-05,1.9599537137058885e-05
incidence_per_100k,high_frequency,1000.0,prefecture_code_JP-42,prefecture_fixed_effect,8.47237131239107e-06,8.47237131239107e-06
incidence_per_100k,high_frequency,1000.0,prefecture_code_JP-43,prefecture_fixed_effect,7.87299596608901e-05,7.87299596608901e-05
incidence_per_100k,high_frequency,1000.0,prefecture_code_JP-44,prefecture_fixed_effect,8.317839526054728e-05,8.317839526054728e-05
incidence_per_100k,high_frequency,1000.0,prefecture_code_JP-45,prefecture_fixed_effect,-0.0002447495138604655,0.0002447495138604655
incidence_per_100k,high_frequency,1000.0,prefecture_code_JP-46,prefecture_fixed_effect,1.753910775775254e-05,1.753910775775254e-05
incidence_per_100k,high_frequency,1000.0,prefecture_code_JP-47,prefecture_fixed_effect,-0.00015857610905066572,0.00015857610905066572
