target_variable,frequency_band,model_name,split,selected_alpha,n_observations,mae,rmse,nrmse_std,r2,pearson_correlation
cases,trend,ridge,train,0.01,201618,0.3484195839860736,0.5640275095929095,0.14590853384585245,0.9787106997509537,0.9892980851072645
cases,trend,ridge,validation,0.01,16790,0.5742823193926959,0.7940544610309367,0.17415107705593955,0.9696714023602562,0.991988461016541
cases,trend,prefecture_mean_baseline,validation,,16790,0.5654583407502833,0.9888106853724833,0.21686477982689736,0.9529696672706314,0.9972545858712895
cases,trend,ridge,test,0.01,33580,0.7514930745466595,0.9540978979241452,0.20474784651585728,0.958078319347119,0.9858259764532324
cases,trend,prefecture_mean_baseline,test,,33580,0.5855334829133197,1.0408078341016864,0.22335565682809683,0.9501122505628894,0.9967163631380296
cases,interannual,ridge,train,1000.0,179703,0.13042490181775784,0.3900660741587427,0.9920388029130756,0.01585901351479191,0.12626720184091592
cases,interannual,ridge,validation,1000.0,14965,0.12854509713608503,0.2999411033204235,1.0468514746430417,-0.09589800996231124,-0.24939980707405424
cases,interannual,prefecture_mean_baseline,validation,,14965,0.1252096958930547,0.30984751626468715,1.0814267392010526,-0.16948379225902155,-0.8554058136033532
cases,interannual,ridge,test,1000.0,29930,0.163530486128908,0.46397833408300704,0.9988832208198837,0.002232311164495626,0.08360889987741481
cases,interannual,prefecture_mean_baseline,test,,29930,0.15136238198985874,0.4678879256042263,1.007300047822213,-0.014653386342632357,-0.2346222598269925
cases,annual,ridge,train,0.01,200712,0.5304933319261665,0.8079898186223861,0.6527862910077997,0.5738700582722802,0.757542116500909
cases,annual,ridge,validation,0.01,16790,0.6186486815515775,0.9860862942966067,0.670485787407436,0.5504488088846305,0.7448116968282521
cases,annual,prefecture_mean_baseline,validation,,16790,0.955935163399203,1.4707351509419617,1.0000210138307657,-4.2028103112379256e-05,-0.003826551340135464
cases,annual,ridge,test,0.01,33580,0.6706199403088898,1.0721464825786122,0.7057594863520228,0.5019035474241291,0.7103472208837428
cases,annual,prefecture_mean_baseline,test,,33580,0.9695994096282194,1.5194713990010087,1.0002190666207889,-0.00043818123176198043,-0.008119285601194464
cases,semiannual,ridge,train,0.01,200269,0.1792069499868781,0.2863270469744203,0.7834474288335589,0.38621012625408546,0.6214580647590702
cases,semiannual,ridge,validation,0.01,16790,0.21327202823375152,0.3504264567667955,0.7602599610448941,0.422004791632016,0.6665991246163363
cases,semiannual,prefecture_mean_baseline,validation,,16790,0.2843448032277504,0.4611387261102576,1.0004533138951512,-0.0009068332837902648,-0.031025769009670398
cases,semiannual,ridge,test,0.01,33580,0.2619967041075097,0.4307658047680866,0.7966078470654644,0.3654159379937256,0.6087095299667341
cases,semiannual,prefecture_mean_baseline,test,,33580,0.32197622717811225,0.5407491736046712,0.9999982129954794,3.574005847495343e-06,0.011394218675645563
cases,seasonal_subannual,ridge,train,1000.0,200324,0.21382893285603002,0.34607415151465837,0.979493979688646,0.040591543753698334,0.20147766150732255
cases,seasonal_subannual,ridge,validation,1000.0,16790,0.2583364224215883,0.4141413345627778,1.0139194278779118,-0.02803260622827186,0.021343910535697928
cases,seasonal_subannual,prefecture_mean_baseline,validation,,16790,0.2516223225319119,0.4086666322847561,1.0005160157133328,-0.0010322976988819121,-0.017173995807336036
cases,seasonal_subannual,ridge,test,1000.0,33580,0.2934907539198638,0.4818404783955102,0.9932165884006164,0.013520808525840589,0.11766137688693928
cases,seasonal_subannual,prefecture_mean_baseline,test,,33580,0.2918493318249894,0.4851362891304919,1.0000102349309223,-2.0469966598879452e-05,0.011842414893384933
cases,subseasonal,ridge,train,1000.0,200750,0.3270099684210887,0.46783879906467524,0.9995740763612949,0.0008516658664642351,0.029185645486690236
cases,subseasonal,ridge,validation,1000.0,16790,0.386342048604234,0.5700809357383309,0.9994354896237992,0.0011287020804366943,0.038713609402896025
cases,subseasonal,prefecture_mean_baseline,validation,,16790,0.3865376411551912,0.5704655139760723,1.0001097116776168,-0.00021943539188540306,-0.005724363507172461
cases,subseasonal,ridge,test,1000.0,33580,0.42467999272470974,0.6163967636847848,0.9996169094036889,0.0007660344342175218,0.027931691405401818
cases,subseasonal,prefecture_mean_baseline,test,,33580,0.4245726595396111,0.6166283558477605,0.9999924847730532,1.5030397414683705e-05,0.004861885327611944
cases,high_frequency,ridge,train,1000.0,201047,0.6380877453759451,0.8722140780782645,0.999867608315872,0.0002647658406979003,0.01627312849439816
cases,high_frequency,ridge,validation,1000.0,16790,0.7583352437439884,1.0521322823710815,1.0001330014417125,-0.00026602057280844527,-0.002031874551976649
cases,high_frequency,prefecture_mean_baseline,validation,,16790,0.7582416233144288,1.0520244968839945,1.0000305430108494,-6.108695457451851e-05,-0.004234124986393358
cases,high_frequency,ridge,test,1000.0,33580,0.8307998791696444,1.1579231147853215,1.000088897031331,-0.0001778019653440044,-0.00039253010573260365
cases,high_frequency,prefecture_mean_baseline,test,,33580,0.8306935993928504,1.1578235222087714,1.0000028797226144,-5.759453521880786e-06,0.0006602591453809578
incidence_per_100k,trend,ridge,train,0.1,201618,0.008948339174704507,0.011794613986829256,0.34852001188495596,0.8785338013157102,0.937306598798328
incidence_per_100k,trend,ridge,validation,0.1,16790,0.014233597903494261,0.017508845878860146,0.5106190670412727,0.7392681683739002,0.8648623469272743
incidence_per_100k,trend,prefecture_mean_baseline,validation,,16790,0.022051344145935542,0.02474738765079695,0.721720213964286,0.47911993275534526,0.9379101368519478
incidence_per_100k,trend,ridge,test,0.1,33580,0.021549481926820182,0.02664481462694929,0.7389666984215543,0.4539282186239475,0.7143044636869587
incidence_per_100k,trend,prefecture_mean_baseline,test,,33580,0.023635537011271374,0.027173456480364382,0.7536280398696006,0.43204477752230364,0.9121618753442469
incidence_per_100k,interannual,ridge,train,1000.0,179703,0.004100629758447416,0.00649563958012039,0.976992849947964,0.045484971150555165,0.21397530824403801
incidence_per_100k,interannual,ridge,validation,1000.0,14965,0.0050379678532246714,0.008445125376234382,1.0816668720206282,-0.1700032220268899,-0.3068917922324742
incidence_per_100k,interannual,prefecture_mean_baseline,validation,,14965,0.005015134697958519,0.008634585327585783,1.1059332439004532,-0.22308833996417943,-0.592387068593078
incidence_per_100k,interannual,ridge,test,1000.0,29930,0.005421738823971151,0.008396638146372289,1.0258577730278033,-0.052384170481564185,0.012351052622572935
incidence_per_100k,interannual,prefecture_mean_baseline,test,,29930,0.005333731250623551,0.008491704716573121,1.0374725143439754,-0.07634921801921002,-0.3482059960546051
incidence_per_100k,annual,ridge,train,0.01,200714,0.007291179925907571,0.009544486234275711,0.2573603795971514,0.9337656350136101,0.9663154945532398
incidence_per_100k,annual,ridge,validation,0.01,16790,0.009553742480285662,0.012218670058853255,0.27950909009594577,0.9218746685537365,0.9705185759666756
incidence_per_100k,annual,prefecture_mean_baseline,validation,,16790,0.03832651175245131,0.043715756350076775,1.0000230157137735,-4.603195726993192e-05,-0.0003085484557002563
incidence_per_100k,annual,ridge,test,0.01,33580,0.010566298082992946,0.013836554371899642,0.3096367453643099,0.9041250859201975,0.9631373392007898
incidence_per_100k,annual,prefecture_mean_baseline,test,,33580,0.03896111380572542,0.04470403104995912,1.00039434001617,-0.0007888355363885324,0.0015659503640272786
incidence_per_100k,semiannual,ridge,train,0.01,200255,0.0046289863894301226,0.006028227353945246,0.6029416855712958,0.6364613238004446,0.79778526170922
incidence_per_100k,semiannual,ridge,validation,0.01,16790,0.0064168684709343055,0.008037753681597575,0.5806979202395999,0.6627899254294034,0.8522527595109664
incidence_per_100k,semiannual,prefecture_mean_baseline,validation,,16790,0.011513858167504306,0.013840912555341915,0.9999546457248131,9.070649336362369e-05,0.011247969165686319
incidence_per_100k,semiannual,ridge,test,0.01,33580,0.007925313142633283,0.010040457954346403,0.6404704740425443,0.5897975718797185,0.7823958325534077
incidence_per_100k,semiannual,prefecture_mean_baseline,test,,33580,0.012872495176554487,0.015672314035378446,0.9997207742140152,0.0005583736049299404,0.02750633681553894
incidence_per_100k,seasonal_subannual,ridge,train,1000.0,200308,0.009439049398591205,0.012269775446469776,0.9787897708895339,0.04197058440201373,0.20487202191617476
incidence_per_100k,seasonal_subannual,ridge,validation,1000.0,16790,0.011364950054824742,0.014673781091470819,1.0144783148723209,-0.02916625134618389,0.01820165945282135
incidence_per_100k,seasonal_subannual,prefecture_mean_baseline,validation,,16790,0.011149946782899258,0.014469363102008134,1.0003457871899888,-0.0006916939487584539,-0.0074298445400853355
incidence_per_100k,seasonal_subannual,ridge,test,1000.0,33580,0.01345752999092917,0.01764208472885761,0.9966425708773696,0.00670358591494713,0.09170473916178248
incidence_per_100k,seasonal_subannual,prefecture_mean_baseline,test,,33580,0.013465202893732996,0.017699781665593575,0.9999020055895396,0.00019597921801661755,0.017353573970994306
incidence_per_100k,subseasonal,ridge,train,1000.0,200749,0.016097292018351497,0.021206920771810585,0.999404710785833,0.0011902240590854207,0.03450081750671239
incidence_per_100k,subseasonal,ridge,validation,1000.0,16790,0.019175143160263208,0.025093357617031232,1.0001678402192915,-0.00033570860892262466,0.01390100178380139
incidence_per_100k,subseasonal,prefecture_mean_baseline,validation,,16790,0.019179134676394666,0.02509501472681127,1.0002338890890763,-0.0004678328822587119,-0.018552325543774464
incidence_per_100k,subseasonal,ridge,test,1000.0,33580,0.021631050109096585,0.028212284711323837,0.9999212457002622,0.00015750239723577586,0.01809244600728866
incidence_per_100k,subseasonal,prefecture_mean_baseline,test,,33580,0.021633318561265047,0.02821502265670806,1.0000182860423423,-3.657241906429576e-05,0.0018818268228716472
incidence_per_100k,high_frequency,ridge,train,1000.0,201053,0.0334152853697711,0.044766352073635815,0.9998384324799959,0.0003231089359443384,0.017976655148198854
incidence_per_100k,high_frequency,ridge,validation,1000.0,16790,0.040955208172522246,0.05440849056972905,1.0000807345275124,-0.0001614755730889872,0.003646298991529066
incidence_per_100k,high_frequency,prefecture_mean_baseline,validation,,16790,0.040955208205018544,0.0544061216703236,1.0000371918628912,-7.438510901702777e-05,-0.005875624208463096
incidence_per_100k,high_frequency,ridge,test,1000.0,33580,0.044913186478404366,0.059890563269060414,0.9999995146445795,9.707106054523962e-07,0.0077205113094588424
incidence_per_100k,high_frequency,prefecture_mean_baseline,test,,33580,0.044916002089973324,0.05989111852062217,1.0000087857427618,-1.7571562712870303e-05,-0.001003885086386708
