,1,2,3,4,5,6,7,8,9,10,11,12,13,14,15,16,17,18,19,20,21,22,23,24,25,26,27,28,29,30,31,32,33,34,35,36,37,38,39,40
1,0.9999999999999999,0.0033582139007470504,0.004959846675837994,2.142681818573985e-06,-1.0300572006985368e-05,1.1285771445666582e-05,1.2812886785232414e-05,2.2766895538994925e-06,-6.26524373923324e-07,0.0003318323989166079,0.00017956332015209848,9.135134635704718e-06,7.616666379882595e-07,1.3568184398600079e-05,9.393032907502378e-06,2.42746743015908e-06,1.5791387242327216e-05,0.0002822094079244365,4.344818700603351e-06,0.00023263733604417388,-0.00014679648590605585,-0.0007369711375441784,-0.00017227935912258948,1.579376117802474e-05,0.0002486935240780575,4.80271249659502e-06,-2.31246618018401e-06,0.0016806232155473586,5.065223445823326e-06,0.0001295718053130374,9.18697593217758e-07,1.220780679657786e-05,2.674491207899159e-06,8.635967571098606e-07,2.1173481633083936e-06,1.0613065029639681e-05,3.065056084355705e-05,0.0002699006082150314,1.544097572429144e-06,9.108975667792756e-06
2,0.0033582139007470504,1.0,0.9912488379944241,0.0011202100708555369,0.0019391462638074601,-0.00018290748649813038,0.00020891266978354266,5.0222379711880985e-05,3.8914364616279444e-05,0.0075993958284495105,0.0018142217465036785,-0.0002539391288518487,1.9331989440661034e-05,0.00020413786458362216,-0.0002607524828109317,3.1430411773477006e-05,-0.0005674542291864103,-0.004610909685082527,-0.00017413551249289622,-0.0037529551901881878,0.00021342731142948311,0.00407144294247241,0.00024101325752619472,0.0004952997751165442,-0.0034362107009810548,-3.215750692538445e-05,0.00032633489815238315,-0.001078568719108252,0.0022067311076521675,-0.0016955941857245303,-6.37241685305384e-06,0.0007173690841312219,0.0007114321793465243,-3.897855078607822e-05,-9.280656413370104e-05,-0.0004233971954990461,0.00011171386575704249,5.8672719993649516e-05,1.26789573061458e-05,3.297076250144959e-05
3,0.004959846675837994,0.9912488379944241,0.9999999999999999,0.0007036228306748548,4.872770031951504e-05,0.0002082662495531502,-0.00020543949281857858,-5.039957139711807e-05,-6.4368952254510096e-06,-0.007420207068738945,-0.001141175404578871,0.000252468771100875,-1.3563204442950857e-05,-6.47060651234935e-05,0.00033493457486171536,-2.9088943073333375e-05,0.0005932304036813575,0.0042518779043795845,0.00025244120609385845,0.004185468891788582,0.0016775881945225426,0.00138239224543985,0.003616924561621151,-0.00025701877773750897,0.002873702993147706,2.7077993334044737e-05,-0.00024192584399666513,-0.0032381202582515505,-0.001461186908441991,0.0017623076335469097,1.0977694266320484e-05,-0.0001341111951684002,-0.00048075076133890815,4.894764273008128e-05,0.00010623109925121518,0.000492191869425374,0.00028363013605554573,0.0002850031025166712,-5.758859188885967e-06,-1.4708013514809025e-05
4,2.142681818573985e-06,0.0011202100708555369,0.0007036228306748548,0.9999999999999999,0.9979577948772203,0.00285559096508145,0.002404861803994415,7.41884181512487e-05,0.0001857450632642606,-0.0002009306734485089,0.0013210205578093773,0.000335707751468738,9.106622564364187e-06,0.0002400881232187303,0.00062646232965025,0.00011372067905741582,0.00035118952213337713,0.0009967293045658016,0.0001002156437467415,0.0007536523323617232,0.0005369459501215782,0.0003463452894092677,0.0010423470174444121,0.0016413342318766294,0.00416155446030129,1.5309132559601376e-05,-0.0003242804553779426,0.000504857672256297,-0.0016411601671353297,0.0032994894314083757,2.545610413512182e-05,0.0016192087424772477,-0.0007672546050200272,0.00019193655003282105,0.00032409891692500786,0.0014125425942010143,0.0009511312475092583,0.001785940283166327,1.3443587548725884e-05,3.732258344023735e-05
5,-1.0300572006985368e-05,0.0019391462638074601,4.872770031951504e-05,0.9979577948772203,0.9999999999999999,0.00265255216591395,0.0030158080029769035,4.227199578648798e-05,-7.887079727591331e-05,0.0015520056827874,0.000685588093180062,0.00043826152410370836,9.366457410285307e-05,0.004054942977776651,0.0027383695962558243,3.543396143951286e-05,-2.7951668486308375e-06,0.00037135378798727785,0.0007239449493994608,0.0005600038714044529,0.0008765593178861396,0.0020919082478712357,0.001813023523255576,0.004051608473301277,0.0014455168550457657,1.6376510007278722e-05,0.00030628775464913277,-0.00015535687193652276,0.0020697159218445362,0.0026155295819132317,3.7769372147247104e-05,0.00434872006199688,0.0009394488384856997,0.0004494524075097351,0.0006665573412681338,0.0030845928082879467,0.004025214646287006,0.0017984131610635414,1.701438110135661e-05,5.044426848279302e-05
6,1.1285771445666582e-05,-0.00018290748649813038,0.0002082662495531502,0.00285559096508145,0.00265255216591395,1.0,0.998644015871274,4.7751169223074786e-05,0.00019904296591161198,0.0002915783737195632,0.0007397900019548721,0.0022296357107877184,0.00022797480250873336,0.007458092682467613,0.008489825123995837,0.000258116165922256,0.0010315971840451498,0.00908478750355387,0.007457957353052378,0.0019283296056329681,0.0003464464940133765,0.00036750929678748605,0.0005729872670662561,0.007914481234514444,0.007843557931078413,0.00017244460817559054,1.4729937583398964e-05,0.0002809737829902623,0.00010100847028675507,0.00829795290632052,5.214662415236735e-05,0.0034573530678434256,0.004132059422319933,0.00014189711590911994,0.0005927096390045096,0.00342687276081481,0.0015018579568583643,0.0011357970625496604,2.9252286343695344e-05,4.129493516677363e-05
7,1.2812886785232414e-05,0.00020891266978354266,-0.00020543949281857858,0.002404861803994415,0.0030158080029769035,0.998644015871274,1.0,0.00014841602518076032,7.619524667706092e-05,0.0011750091682229198,0.00044552036701213897,0.0014693865381727584,0.0002678446423055353,0.008969575356120972,0.007706706438303787,0.0003902985261644062,0.000747073868676751,0.00765177496214939,0.006833948052976622,0.002071920033911439,0.0004382952829923512,0.0005535341204008003,0.000678654245231561,0.01143761937915374,0.009566200089874197,7.611602860934809e-05,0.0007095279257932576,0.0012144414858043966,0.00339061552831604,0.007906576844999088,5.7047857524440655e-05,0.004917707031964787,0.005131050106044644,0.00041567588510631214,0.0005515221622780193,0.003051822040714802,0.005814379427134285,0.0022456923331239088,5.186448281455067e-05,0.00010939388363466857
8,2.2766895538994925e-06,5.0222379711880985e-05,-5.039957139711807e-05,7.41884181512487e-05,4.227199578648798e-05,4.7751169223074786e-05,0.00014841602518076032,1.0,0.9995328196645773,0.0005548118028068142,0.010575852985938983,0.00217243726063789,0.0013722600253698596,0.0028539403681304065,0.009237690899523551,0.002215743135157983,0.0018584618102259348,0.0076161661511714275,0.010113576170547547,0.0034365366200270952,0.0004573121915531004,0.0005554806978632366,0.0019164780251893975,0.0025313172884811864,0.0005659482832884783,0.0006599697264275448,0.0007970197291164623,0.0002627972263223038,0.0016847337084508912,0.002315021185320706,2.8530319069413786e-05,0.0015974725691451173,0.003712179198442129,0.00018820196874051,0.0005773848704594724,0.004197268864597836,0.004947856705034751,0.0010814137013906695,0.00016075483283813414,0.00014249325938380861
9,-6.26524373923324e-07,3.8914364616279444e-05,-6.4368952254510096e-06,0.0001857450632642606,-7.887079727591331e-05,0.00019904296591161198,7.619524667706092e-05,0.9995328196645773,1.0,0.007066176856446697,0.016621346725873253,0.002176758032019656,0.0010148809723588806,0.004237405220883932,0.01085946175698206,0.00217050252029377,0.0021252708089413916,0.01007334555113596,0.011943419461243117,0.00477317976625694,0.0009068132175201458,0.0022699717745897127,0.0050072562551734204,0.0024884962865570153,0.0011407789173665526,0.0008134098953260129,0.0009218272494037373,0.0007945273904761459,0.0028893318858498962,0.003411047362655424,4.469160143593204e-05,0.0027707677016887227,0.0038393685841303527,0.00012550675014023674,0.0006376822101490286,0.005076820135038528,0.006478604268419923,0.0036362497668036855,0.0001433533901308045,0.00018903793424955435
10,0.0003318323989166079,0.0075993958284495105,-0.007420207068738945,-0.0002009306734485089,0.0015520056827874,0.0002915783737195632,0.0011750091682229198,0.0005548118028068142,0.007066176856446697,1.0,0.9556519434278729,0.007133663861437322,0.0029238368693282574,0.07197966657756778,0.03235918318723388,0.0011761464409263372,0.01625316910515567,0.10361984148920271,0.022523828036033696,0.17132903016111634,0.13218054560105133,0.36931795101222825,0.5178650462625887,0.06795216954439652,0.035662117973190764,0.0004565307367833014,0.016981074481311382,0.09788535631124795,0.21784863156659645,0.10977285324015768,0.0020177907600086404,0.176983863733706,0.05815375155042952,0.001363120041620529,0.0013340483347370627,0.00713508258140571,0.1384436412605929,0.2439367037914677,0.0023028756644055135,0.009788284010717768
11,0.00017956332015209848,0.0018142217465036785,-0.001141175404578871,0.0013210205578093773,0.000685588093180062,0.0007397900019548721,0.00044552036701213897,0.010575852985938983,0.016621346725873253,0.9556519434278729,1.0,0.005287065008935119,0.0036246647856448314,0.06957124228871005,0.023326619517127726,0.018363991729804605,0.03684666008827175,0.07535862728111208,0.01027571291674292,0.10428270842311914,0.0808346916702857,0.38109253728451203,0.4860218027194503,0.05699538290814722,0.039377178637846996,0.0006296469297085507,0.015356591596646886,0.09618109309922501,0.19645443205973018,0.10776873992529483,0.001876244094380427,0.16079944752225112,0.05179837900570939,0.0013039799352754825,0.0013168694118642556,0.006582682536975882,0.12421949230359451,0.2188725875795651,0.0020044079155976417,0.00854150656274313
12,9.135134635704718e-06,-0.0002539391288518487,0.000252468771100875,0.000335707751468738,0.00043826152410370836,0.0022296357107877184,0.0014693865381727584,0.00217243726063789,0.002176758032019656,0.007133663861437322,0.005287065008935119,0.9999999999999999,0.9856595235645298,0.23807642587341424,0.6232670449570262,0.10587816950786101,0.07132129362593594,0.1104207848883394,0.09036119944192092,0.03560448229057379,0.005904618737977872,0.007676431912234683,0.014831083177821705,0.14394617392312278,0.14304914693590484,0.007507823238342668,0.0062777454341418956,0.001231190226173354,0.009237743527502012,0.03842839850431504,0.0003899649035592088,0.026061893816465363,0.02385756718284421,0.003248250280203313,0.005495070451693565,0.027885631066814746,0.017888733550399792,0.015932395379980615,0.0030011387933258317,0.003501293994886455
13,7.616666379882595e-07,1.9331989440661034e-05,-1.3563204442950857e-05,9.106622564364187e-06,9.366457410285307e-05,0.00022797480250873336,0.0002678446423055353,0.0013722600253698596,0.0010148809723588806,0.0029238368693282574,0.0036246647856448314,0.9856595235645298,1.0,0.08580197341882052,0.48840945323101864,0.1139342426930216,0.07134135283574362,0.013267059673723984,0.00795471981828684,0.01306576279818334,0.00025554493931669633,0.0013795287088862256,0.006954036945155534,0.021193875307120802,0.021947172433509035,0.0036748643911337026,0.0029085030409049645,0.0004554734690603384,0.002307128406027975,0.005053413079107808,0.00014993057416217453,0.0043250462837515396,0.001844595771689984,0.002604718274565429,0.0018182927729476982,0.0032941718226017,0.004169524313546869,0.00312969548225038,0.0025360203945600686,0.002583792596965634
14,1.3568184398600079e-05,0.00020413786458362216,-6.47060651234935e-05,0.0002400881232187303,0.004054942977776651,0.007458092682467613,0.008969575356120972,0.0028539403681304065,0.004237405220883932,0.07197966657756778,0.06957124228871005,0.23807642587341424,0.08580197341882052,1.0,0.8870122333748063,0.029660999578061883,0.06657500445670565,0.4055520411366258,0.29706935400889634,0.07240415874415003,0.009641831444493416,0.05841444038565667,0.076121042525838,0.8378942466972057,0.8358986560017503,0.0008919923173021669,0.0031827100731554292,0.009562776423529444,0.05060399152627043,0.22734298085847768,0.0023355898628361527,0.18781191865763225,0.06965720830464014,0.011492362555118006,0.021621631272178643,0.11703776879027056,0.13048760525254516,0.08970683937142884,0.0009302634238981794,0.003362843142935896
15,9.393032907502378e-06,-0.0002607524828109317,0.00033493457486171536,0.00062646232965025,0.0027383695962558243,0.008489825123995837,0.007706706438303787,0.009237690899523551,0.01085946175698206,0.03235918318723388,0.023326619517127726,0.6232670449570262,0.48840945323101864,0.8870122333748063,1.0,0.0850169226983052,0.10069496650240026,0.4783293086121536,0.39922145949442583,0.09699940326628542,0.0077942855900454255,0.024850438340849896,0.04396960066158799,0.6972580547621695,0.6905875953719421,0.002225644623376741,0.0034943917726575724,0.002840541092158843,0.05038992803094524,0.206727001779727,0.0019699906821185093,0.14880902134526827,0.11607645194768909,0.008979422969835392,0.023532146649515178,0.14168399141118182,0.10838582429400913,0.0713703588771184,0.001376170248254955,0.0037241330914199794
16,2.42746743015908e-06,3.1430411773477006e-05,-2.9088943073333375e-05,0.00011372067905741582,3.543396143951286e-05,0.000258116165922256,0.0003902985261644062,0.002215743135157983,0.00217050252029377,0.0011761464409263372,0.018363991729804605,0.10587816950786101,0.1139342426930216,0.029660999578061883,0.0850169226983052,1.0,0.9969088970843389,0.007194995774918804,0.008229525135950832,0.03531071170224086,0.0011440267373875638,0.00150482530516189,0.020086400013744326,0.015469179110621036,0.01776162456461933,0.0013809210671948341,0.0017628397367997126,0.0001986845710445801,0.0019304793606269655,0.003368775546034109,5.338857839481544e-05,0.0034373537741489973,0.00430366309195895,0.0006929726439146858,0.0014926906118832386,0.009552248926422431,0.00970789313973235,0.006342388694081461,0.000574947002140267,0.0006002035101170792
17,1.5791387242327216e-05,-0.0005674542291864103,0.0005932304036813575,0.00035118952213337713,-2.7951668486308375e-06,0.0010315971840451498,0.000747073868676751,0.0018584618102259348,0.0021252708089413916,0.01625316910515567,0.03684666008827175,0.07132129362593594,0.07134135283574362,0.06657500445670565,0.10069496650240026,0.9969088970843389,1.0,0.030398378477608914,0.020458997507850636,0.0516966804221932,0.01573778677618861,0.023512320020813268,0.03850743533022362,0.04903026885054411,0.051545354017933885,0.0007314790635052838,0.0011435822332607234,0.005813000376815353,0.005912784909292134,0.012002255143148566,0.00014230116702590017,0.01010833084857135,0.007771310812491407,0.000511314632660445,0.0018504985438241306,0.0135906438717647,0.01546528774889968,0.020766829848823505,0.0002821553064527978,0.0006992346876749406
18,0.0002822094079244365,-0.004610909685082527,0.0042518779043795845,0.0009967293045658016,0.00037135378798727785,0.00908478750355387,0.00765177496214939,0.0076161661511714275,0.01007334555113596,0.10361984148920271,0.07535862728111208,0.1104207848883394,0.013267059673723984,0.4055520411366258,0.4783293086121536,0.007194995774918804,0.030398378477608914,1.0,0.9417975455575135,0.4564721983272063,0.23224169064054698,0.20103848985742337,0.2205124744894951,0.25947700782783756,0.2585439946443333,0.0037763550313256486,0.014335456005199608,0.05832855456215224,0.14768424452095735,0.300580599266517,0.002465147032563821,0.162787556627601,0.3295846107258575,0.005367015344887637,0.03894019993541495,0.26563334336507705,0.11538917302688721,0.2126927729260123,0.0017812408322714262,0.009296044885367914
19,4.344818700603351e-06,-0.00017413551249289622,0.00025244120609385845,0.0001002156437467415,0.0007239449493994608,0.007457957353052378,0.006833948052976622,0.010113576170547547,0.011943419461243117,0.022523828036033696,0.01027571291674292,0.09036119944192092,0.00795471981828684,0.29706935400889634,0.39922145949442583,0.008229525135950832,0.020458997507850636,0.9417975455575135,1.0,0.26552844141006593,0.045398473789510986,0.019449595384365383,0.04981385757529317,0.1554465246277002,0.14013557923515985,0.006400843934564658,0.014797958225805458,0.009473868298006765,0.11458863376472225,0.2488313733656402,0.001845531514608109,0.1058651853318477,0.35008070216078346,0.002489429631214614,0.03832071327903198,0.27033594342906675,0.06321437722915697,0.06777830464081815,0.000805396716441602,0.00476954242738597
20,0.00023263733604417388,-0.0037529551901881878,0.004185468891788582,0.0007536523323617232,0.0005600038714044529,0.0019283296056329681,0.002071920033911439,0.0034365366200270952,0.00477317976625694,0.17132903016111634,0.10428270842311914,0.03560448229057379,0.01306576279818334,0.07240415874415003,0.09699940326628542,0.03531071170224086,0.0516966804221932,0.4564721983272063,0.26552844141006593,1.0,0.9443759842274315,0.5064132012635607,0.5924235384013788,0.06439325245314936,0.09076549135377508,0.002516420684866088,0.013918969206958632,0.1698756194505435,0.12900542392492156,0.11803739369461752,0.001298738630280453,0.09354824039740285,0.11580452481187764,0.0010566377465581406,0.009562238202506713,0.0665105507883492,0.06896387028921029,0.24873768978004837,0.002100140392385994,0.009218122212083247
21,-0.00014679648590605585,0.00021342731142948311,0.0016775881945225426,0.0005369459501215782,0.0008765593178861396,0.0003464464940133765,0.0004382952829923512,0.0004573121915531004,0.0009068132175201458,0.13218054560105133,0.0808346916702857,0.005904618737977872,0.00025554493931669633,0.009641831444493416,0.0077942855900454255,0.0011440267373875638,0.01573778677618861,0.23224169064054698,0.045398473789510986,0.9443759842274315,0.9999999999999999,0.5891613819653467,0.5917682104013583,0.03095830698459501,0.06375648371777959,0.0005345239243455151,0.010200989055069722,0.2846684019619887,0.09563975569080542,0.0635295794178728,0.0008218412683196483,0.0597254269701311,0.0393767625585548,0.00044028249945954193,0.0012803756649988605,0.008806292128328931,0.04322057251933545,0.25441201428386745,0.0018731647027461845,0.008353139391880027
22,-0.0007369711375441784,0.00407144294247241,0.00138239224543985,0.0003463452894092677,0.0020919082478712357,0.00036750929678748605,0.0005535341204008003,0.0005554806978632366,0.0022699717745897127,0.36931795101222825,0.38109253728451203,0.007676431912234683,0.0013795287088862256,0.05841444038565667,0.024850438340849896,0.00150482530516189,0.023512320020813268,0.20103848985742337,0.019449595384365383,0.5064132012635607,0.5891613819653467,1.0,0.8665745285951663,0.07018917925045323,0.11230724316450665,0.0007122529513433396,0.013327814882977995,0.2844450734613207,0.14585237816289032,0.1588953152917653,0.0019240280807586644,0.11770181648756184,0.04402286895197593,0.001605781685277444,0.0019464719437243274,0.009116333262947963,0.1007399704626081,0.508066780927211,0.0034813818598447978,0.016163689846255214
23,-0.00017227935912258948,0.00024101325752619472,0.003616924561621151,0.0010423470174444121,0.001813023523255576,0.0005729872670662561,0.000678654245231561,0.0019164780251893975,0.0050072562551734204,0.5178650462625887,0.4860218027194503,0.014831083177821705,0.006954036945155534,0.076121042525838,0.04396960066158799,0.020086400013744326,0.03850743533022362,0.2205124744894951,0.04981385757529317,0.5924235384013788,0.5917682104013583,0.8665745285951663,1.0,0.10162837237041535,0.1441349852814335,0.0008905569527525598,0.015372111638418836,0.13457159637823257,0.18581295147948387,0.17501759329073466,0.0022914393982864656,0.16173886631205223,0.06299853930982079,0.0019348252223537288,0.003933849714436087,0.02129041835191365,0.12932476498585113,0.4116137598924213,0.003201588683228087,0.013954373114442257
24,1.579376117802474e-05,0.0004952997751165442,-0.00025701877773750897,0.0016413342318766294,0.004051608473301277,0.007914481234514444,0.01143761937915374,0.0025313172884811864,0.0024884962865570153,0.06795216954439652,0.05699538290814722,0.14394617392312278,0.021193875307120802,0.8378942466972057,0.6972580547621695,0.015469179110621036,0.04903026885054411,0.25947700782783756,0.1554465246277002,0.06439325245314936,0.03095830698459501,0.07018917925045323,0.10162837237041535,1.0,0.9669103521026998,0.003493083543239669,0.006749800659787281,0.030564818198897645,0.06128263771597907,0.26174405339524087,0.002988422261653938,0.21881696756038183,0.06292428268968382,0.008321955088043736,0.01783871797569431,0.09325629588077655,0.09858908817637306,0.09005207172534836,0.0013095191813880845,0.0037107445711415297
25,0.0002486935240780575,-0.0034362107009810548,0.002873702993147706,0.00416155446030129,0.0014455168550457657,0.007843557931078413,0.009566200089874197,0.0005659482832884783,0.0011407789173665526,0.035662117973190764,0.039377178637846996,0.14304914693590484,0.021947172433509035,0.8358986560017503,0.6905875953719421,0.01776162456461933,0.051545354017933885,0.2585439946443333,0.14013557923515985,0.09076549135377508,0.06375648371777959,0.11230724316450665,0.1441349852814335,0.9669103521026998,1.0,0.0014097533006713482,0.002246369261731153,0.04600406828475469,0.03355883354778516,0.28322790691145716,0.002878410284458757,0.22027290620027798,0.022164184678225438,0.011439766659274002,0.018285837353192225,0.08545842363935678,0.1124054992551194,0.15465095005817808,0.0013811153564747063,0.004724613165277741
26,4.80271249659502e-06,-3.215750692538445e-05,2.7077993334044737e-05,1.5309132559601376e-05,1.6376510007278722e-05,0.00017244460817559054,7.611602860934809e-05,0.0006599697264275448,0.0008134098953260129,0.0004565307367833014,0.0006296469297085507,0.007507823238342668,0.0036748643911337026,0.0008919923173021669,0.002225644623376741,0.0013809210671948341,0.0007314790635052838,0.0037763550313256486,0.006400843934564658,0.002516420684866088,0.0005345239243455151,0.0007122529513433396,0.0008905569527525598,0.003493083543239669,0.0014097533006713482,1.0,0.9987027829484088,0.0020821648976147643,0.04862313626718646,0.003297990660331909,7.754612079636531e-05,0.005726068101157731,0.04138443145458622,0.0013686717863993132,0.0020221059157718305,0.004093007389677022,0.024091946128923337,0.006976654284833289,0.001980515622990375,0.003115467093929896
27,-2.31246618018401e-06,0.00032633489815238315,-0.00024192584399666513,-0.0003242804553779426,0.00030628775464913277,1.4729937583398964e-05,0.0007095279257932576,0.0007970197291164623,0.0009218272494037373,0.016981074481311382,0.015356591596646886,0.0062777454341418956,0.0029085030409049645,0.0031827100731554292,0.0034943917726575724,0.0017628397367997126,0.0011435822332607234,0.014335456005199608,0.014797958225805458,0.013918969206958632,0.010200989055069722,0.013327814882977995,0.015372111638418836,0.006749800659787281,0.002246369261731153,0.9987027829484088,1.0,0.01672332894717613,0.06281203525421421,0.01101920736855148,0.0002544045445516268,0.01552944141748897,0.04858622410927237,0.0012428158709072285,0.002061432570796541,0.007126298661697469,0.03516448850271813,0.02037693104320881,0.0007288137936511324,0.002269976511658199
28,0.0016806232155473586,-0.001078568719108252,-0.0032381202582515505,0.000504857672256297,-0.00015535687193652276,0.0002809737829902623,0.0012144414858043966,0.0002627972263223038,0.0007945273904761459,0.09788535631124795,0.09618109309922501,0.001231190226173354,0.0004554734690603384,0.009562776423529444,0.002840541092158843,0.0001986845710445801,0.005813000376815353,0.05832855456215224,0.009473868298006765,0.1698756194505435,0.2846684019619887,0.2844450734613207,0.13457159637823257,0.030564818198897645,0.04600406828475469,0.0020821648976147643,0.01672332894717613,1.0,0.1486582014266531,0.07652147728471387,0.0009839600341731655,0.07589626821262965,0.05718479770770222,0.0006347543969346672,0.0011963013732971639,0.007774125422522544,0.052188647828574575,0.3620828293197918,0.0028249154057953265,0.012364770661136608
29,5.065223445823326e-06,0.0022067311076521675,-0.001461186908441991,-0.0016411601671353297,0.0020697159218445362,0.00010100847028675507,0.00339061552831604,0.0016847337084508912,0.0028893318858498962,0.21784863156659645,0.19645443205973018,0.009237743527502012,0.002307128406027975,0.05060399152627043,0.05038992803094524,0.0019304793606269655,0.005912784909292134,0.14768424452095735,0.11458863376472225,0.12900542392492156,0.09563975569080542,0.14585237816289032,0.18581295147948387,0.06128263771597907,0.03355883354778516,0.04862313626718646,0.06281203525421421,0.1486582014266531,1.0,0.18371083098636978,0.9054376858912743,0.5206968745671051,0.8276193556426951,0.02258264824940037,0.031231173986097142,0.12314169972513325,0.14848352205306722,0.19337550416347576,0.009299565767728224,0.015254227230506024
30,0.0001295718053130374,-0.0016955941857245303,0.0017623076335469097,0.0032994894314083757,0.0026155295819132317,0.00829795290632052,0.007906576844999088,0.002315021185320706,0.003411047362655424,0.10977285324015768,0.10776873992529483,0.03842839850431504,0.005053413079107808,0.22734298085847768,0.206727001779727,0.003368775546034109,0.012002255143148566,0.300580599266517,0.2488313733656402,0.11803739369461752,0.0635295794178728,0.1588953152917653,0.17501759329073466,0.26174405339524087,0.28322790691145716,0.003297990660331909,0.01101920736855148,0.07652147728471387,0.18371083098636978,0.9999999999999999,0.033031804552232674,0.8744885861366073,0.3383490938000448,0.0858037335479932,0.14944751259418962,0.7670230826027693,0.8067410792652793,0.5331889732829511,0.005443365652824327,0.015366146195981699
31,9.18697593217758e-07,-6.37241685305384e-06,1.0977694266320484e-05,2.545610413512182e-05,3.7769372147247104e-05,5.214662415236735e-05,5.7047857524440655e-05,2.8530319069413786e-05,4.469160143593204e-05,0.0020177907600086404,0.001876244094380427,0.0003899649035592088,0.00014993057416217453,0.0023355898628361527,0.0019699906821185093,5.338857839481544e-05,0.00014230116702590017,0.002465147032563821,0.001845531514608109,0.001298738630280453,0.0008218412683196483,0.0019240280807586644,0.0022914393982864656,0.002988422261653938,0.002878410284458757,7.754612079636531e-05,0.0002544045445516268,0.0009839600341731655,0.9054376858912743,0.033031804552232674,1.0,0.39562328034409094,0.7483333874708716,0.00867747080046688,0.004213510205848288,0.007354313500619056,0.018933763170685375,0.005981252268903453,0.001324970092238709,0.0017762290656065203
32,1.220780679657786e-05,0.0007173690841312219,-0.0001341111951684002,0.0016192087424772477,0.00434872006199688,0.0034573530678434256,0.004917707031964787,0.0015974725691451173,0.0027707677016887227,0.176983863733706,0.16079944752225112,0.026061893816465363,0.0043250462837515396,0.18781191865763225,0.14880902134526827,0.0034373537741489973,0.01010833084857135,0.162787556627601,0.1058651853318477,0.09354824039740285,0.0597254269701311,0.11770181648756184,0.16173886631205223,0.21881696756038183,0.22027290620027798,0.005726068101157731,0.01552944141748897,0.07589626821262965,0.5206968745671051,0.8744885861366073,0.39562328034409094,0.9999999999999999,0.4767742048637684,0.10195473204115398,0.1484243238595617,0.6600124205029199,0.7992412575733536,0.4375293462837576,0.00900317260043781,0.016336401156981047
33,2.674491207899159e-06,0.0007114321793465243,-0.00048075076133890815,-0.0007672546050200272,0.0009394488384856997,0.004132059422319933,0.005131050106044644,0.003712179198442129,0.0038393685841303527,0.05815375155042952,0.05179837900570939,0.02385756718284421,0.001844595771689984,0.06965720830464014,0.11607645194768909,0.00430366309195895,0.007771310812491407,0.3295846107258575,0.35008070216078346,0.11580452481187764,0.0393767625585548,0.04402286895197593,0.06299853930982079,0.06292428268968382,0.022164184678225438,0.04138443145458622,0.04858622410927237,0.05718479770770222,0.8276193556426951,0.3383490938000448,0.7483333874708716,0.4767742048637684,1.0,0.015317058521970671,0.06809574279122135,0.441179479978684,0.2207160393860537,0.13701909666873088,0.005255058847878073,0.009659331691590327
34,8.635967571098606e-07,-3.897855078607822e-05,4.894764273008128e-05,0.00019193655003282105,0.0004494524075097351,0.00014189711590911994,0.00041567588510631214,0.00018820196874051,0.00012550675014023674,0.001363120041620529,0.0013039799352754825,0.003248250280203313,0.002604718274565429,0.011492362555118006,0.008979422969835392,0.0006929726439146858,0.000511314632660445,0.005367015344887637,0.002489429631214614,0.0010566377465581406,0.00044028249945954193,0.001605781685277444,0.0019348252223537288,0.008321955088043736,0.011439766659274002,0.0013686717863993132,0.0012428158709072285,0.0006347543969346672,0.02258264824940037,0.0858037335479932,0.00867747080046688,0.10195473204115398,0.015317058521970671,1.0,0.9932135662905588,0.36244021037287844,0.19455656114470676,0.08386953824524035,0.2624730180241116,0.24483191446959798
35,2.1173481633083936e-06,-9.280656413370104e-05,0.00010623109925121518,0.00032409891692500786,0.0006665573412681338,0.0005927096390045096,0.0005515221622780193,0.0005773848704594724,0.0006376822101490286,0.0013340483347370627,0.0013168694118642556,0.005495070451693565,0.0018182927729476982,0.021621631272178643,0.023532146649515178,0.0014926906118832386,0.0018504985438241306,0.03894019993541495,0.03832071327903198,0.009562238202506713,0.0012803756649988605,0.0019464719437243274,0.003933849714436087,0.01783871797569431,0.018285837353192225,0.0020221059157718305,0.002061432570796541,0.0011963013732971639,0.031231173986097142,0.14944751259418962,0.004213510205848288,0.1484243238595617,0.06809574279122135,0.9932135662905588,1.0,0.44957450401508464,0.2570728048109292,0.10163437264003003,0.21563248067729363,0.1981592010058721
36,1.0613065029639681e-05,-0.0004233971954990461,0.000492191869425374,0.0014125425942010143,0.0030845928082879467,0.00342687276081481,0.003051822040714802,0.004197268864597836,0.005076820135038528,0.00713508258140571,0.006582682536975882,0.027885631066814746,0.0032941718226017,0.11703776879027056,0.14168399141118182,0.009552248926422431,0.0135906438717647,0.26563334336507705,0.27033594342906675,0.0665105507883492,0.008806292128328931,0.009116333262947963,0.02129041835191365,0.09325629588077655,0.08545842363935678,0.004093007389677022,0.007126298661697469,0.007774125422522544,0.12314169972513325,0.7670230826027693,0.007354313500619056,0.6600124205029199,0.441179479978684,0.36244021037287844,0.44957450401508464,1.0,0.8251848051076984,0.3271277046971414,0.07663390623881773,0.07483385960421197
37,3.065056084355705e-05,0.00011171386575704249,0.00028363013605554573,0.0009511312475092583,0.004025214646287006,0.0015018579568583643,0.005814379427134285,0.004947856705034751,0.006478604268419923,0.1384436412605929,0.12421949230359451,0.017888733550399792,0.004169524313546869,0.13048760525254516,0.10838582429400913,0.00970789313973235,0.01546528774889968,0.11538917302688721,0.06321437722915697,0.06896387028921029,0.04322057251933545,0.1007399704626081,0.12932476498585113,0.09858908817637306,0.1124054992551194,0.024091946128923337,0.03516448850271813,0.052188647828574575,0.14848352205306722,0.8067410792652793,0.018933763170685375,0.7992412575733536,0.2207160393860537,0.19455656114470676,0.2570728048109292,0.8251848051076984,1.0,0.46301077918812145,0.02507211027281201,0.02855902261714011
38,0.0002699006082150314,5.8672719993649516e-05,0.0002850031025166712,0.001785940283166327,0.0017984131610635414,0.0011357970625496604,0.0022456923331239088,0.0010814137013906695,0.0036362497668036855,0.2439367037914677,0.2188725875795651,0.015932395379980615,0.00312969548225038,0.08970683937142884,0.0713703588771184,0.006342388694081461,0.020766829848823505,0.2126927729260123,0.06777830464081815,0.24873768978004837,0.25441201428386745,0.508066780927211,0.4116137598924213,0.09005207172534836,0.15465095005817808,0.006976654284833289,0.02037693104320881,0.3620828293197918,0.19337550416347576,0.5331889732829511,0.005981252268903453,0.4375293462837576,0.13701909666873088,0.08386953824524035,0.10163437264003003,0.3271277046971414,0.46301077918812145,1.0,0.12916962347142966,0.15172588676779677
39,1.544097572429144e-06,1.26789573061458e-05,-5.758859188885967e-06,1.3443587548725884e-05,1.701438110135661e-05,2.9252286343695344e-05,5.186448281455067e-05,0.00016075483283813414,0.0001433533901308045,0.0023028756644055135,0.0020044079155976417,0.0030011387933258317,0.0025360203945600686,0.0009302634238981794,0.001376170248254955,0.000574947002140267,0.0002821553064527978,0.0017812408322714262,0.000805396716441602,0.002100140392385994,0.0018731647027461845,0.0034813818598447978,0.003201588683228087,0.0013095191813880845,0.0013811153564747063,0.001980515622990375,0.0007288137936511324,0.0028249154057953265,0.009299565767728224,0.005443365652824327,0.001324970092238709,0.00900317260043781,0.005255058847878073,0.2624730180241116,0.21563248067729363,0.07663390623881773,0.02507211027281201,0.12916962347142966,1.0,0.9993768010935213
40,9.108975667792756e-06,3.297076250144959e-05,-1.4708013514809025e-05,3.732258344023735e-05,5.044426848279302e-05,4.129493516677363e-05,0.00010939388363466857,0.00014249325938380861,0.00018903793424955435,0.009788284010717768,0.00854150656274313,0.003501293994886455,0.002583792596965634,0.003362843142935896,0.0037241330914199794,0.0006002035101170792,0.0006992346876749406,0.009296044885367914,0.00476954242738597,0.009218122212083247,0.008353139391880027,0.016163689846255214,0.013954373114442257,0.0037107445711415297,0.004724613165277741,0.003115467093929896,0.002269976511658199,0.012364770661136608,0.015254227230506024,0.015366146195981699,0.0017762290656065203,0.016336401156981047,0.009659331691590327,0.24483191446959798,0.1981592010058721,0.07483385960421197,0.02855902261714011,0.15172588676779677,0.9993768010935213,0.9999999999999998
