model,term,estimate_log_rr,rr,ci_low_rr,ci_high_rr,p_value
raw_temperature,Intercept,-13.158643612848865,1.9287400099112868e-06,1.8774516111820248e-06,1.9814295099145012e-06,0.0
raw_temperature,C(prefecture_code)[T.JP-02],0.33139915980753176,1.3929156773110016,1.3658984030634111,1.4204673493630937,3.8436489679323193e-241
raw_temperature,C(prefecture_code)[T.JP-03],0.344603509254896,1.4114301897035386,1.3843743705318083,1.4390147801142021,8.677067830815676e-267
raw_temperature,C(prefecture_code)[T.JP-04],0.19189012508099715,1.2115373920786678,1.1904430961251578,1.2330054726534023,1.025475502135061e-101
raw_temperature,C(prefecture_code)[T.JP-05],0.3770948403154167,1.4580425840326767,1.4277270156510715,1.4890018564811132,4.6267372583420293e-271
raw_temperature,C(prefecture_code)[T.JP-06],0.3128197698348482,1.3672750846054262,1.3394360054116552,1.395692776235496,3.400661067175735e-195
raw_temperature,C(prefecture_code)[T.JP-07],0.3929797621199335,1.4813884088649443,1.4565877995428664,1.5066112860537033,0.0
raw_temperature,C(prefecture_code)[T.JP-08],0.18267115748811316,1.200419594173924,1.1794568354738564,1.2217549288251417,8.088797592002012e-92
raw_temperature,C(prefecture_code)[T.JP-09],0.2569922423362591,1.293035095788967,1.2698607276503375,1.3166323853763275,1.0316543907848855e-170
raw_temperature,C(prefecture_code)[T.JP-10],0.18564279346388238,1.203992109704867,1.1823791601382712,1.226000126780022,9.64917690724254e-90
raw_temperature,C(prefecture_code)[T.JP-11],0.11046805892014754,1.1168006766628213,1.1003172722738037,1.1335310122116946,4.978608483942125e-48
raw_temperature,C(prefecture_code)[T.JP-13],0.09213494266123917,1.0965127784501862,1.0810543302141784,1.1121922735061238,4.65872865569848e-37
raw_temperature,C(prefecture_code)[T.JP-14],0.10348300300501645,1.109026943079481,1.0930122430330365,1.125276288821079,3.4246936790985403e-44
raw_temperature,C(prefecture_code)[T.JP-15],0.13020093595086824,1.1390572378804849,1.1190377739766015,1.1594348478133218,5.838610235855687e-47
raw_temperature,C(prefecture_code)[T.JP-16],-0.11603094337274542,0.8904476694170247,0.8681935393729893,0.9132722325287546,2.5789455766206754e-19
raw_temperature,C(prefecture_code)[T.JP-17],-0.20613705681189862,0.8137215425594706,0.7925665717428125,0.8354411760886497,4.281353892690269e-53
raw_temperature,C(prefecture_code)[T.JP-18],-0.14062063867833668,0.8688188454530323,0.8433454083326565,0.89506171345228,2.01111103500922e-20
raw_temperature,C(prefecture_code)[T.JP-19],0.2717330810321575,1.3122366936974679,1.281497856142031,1.3437128529189,8.397380493408565e-112
raw_temperature,C(prefecture_code)[T.JP-20],0.006556808079797402,1.006578351004431,0.9883204429100236,1.0251735497117922,0.4826477322386221
raw_temperature,C(prefecture_code)[T.JP-21],0.295370155785107,1.3436236167038624,1.320375484392065,1.3672810838316845,3.113010680410322e-241
raw_temperature,C(prefecture_code)[T.JP-22],0.09626716539702063,1.1010531880144658,1.082782790734577,1.1196318718866622,1.7225051803870742e-29
raw_temperature,C(prefecture_code)[T.JP-23],0.06955232659451231,1.0720281553197404,1.0556111695748065,1.08870045990623,1.0158122052682566e-18
raw_temperature,C(prefecture_code)[T.JP-24],0.2813259717041764,1.3248854087078799,1.29922489985642,1.3510527287469862,7.262212824001097e-175
raw_temperature,C(prefecture_code)[T.JP-25],-0.08613377934721773,0.9174714842735738,0.8963327394720961,0.9391087565884448,4.407787051646161e-13
raw_temperature,C(prefecture_code)[T.JP-26],0.12957963648983709,1.1383497620324454,1.1180548915641029,1.1590130238655008,2.9413309914793205e-45
raw_temperature,C(prefecture_code)[T.JP-27],0.1277874516374206,1.136311455888451,1.119515411583054,1.153359490565209,1.7748688677868037e-63
raw_temperature,C(prefecture_code)[T.JP-28],-0.03819584714107321,0.9625244147758047,0.9472934952018113,0.9780002224570686,2.686544736081051e-06
raw_temperature,C(prefecture_code)[T.JP-29],0.20019335095050042,1.221638940376696,1.195728819102008,1.248110505328031,7.818739833639491e-75
raw_temperature,C(prefecture_code)[T.JP-30],0.10080877548175239,1.1060651147707719,1.0780820169265177,1.1347745523115118,1.2539152574586521e-14
raw_temperature,C(prefecture_code)[T.JP-31],0.3196482526420822,1.3766434484667438,1.3384273855619295,1.415950693067106,1.0448732950958959e-109
raw_temperature,C(prefecture_code)[T.JP-32],0.3037136894691192,1.3548810838296586,1.3193963811890976,1.3913201350946671,2.0227512706180928e-111
raw_temperature,C(prefecture_code)[T.JP-33],-0.03104582516034764,0.9694311477203439,0.949637490987774,0.9896373711960815,0.0031813487628330013
raw_temperature,C(prefecture_code)[T.JP-34],-0.23065808347445887,0.7940109050777572,0.7788084019104297,0.809510164291868,6.076792181634133e-121
raw_temperature,C(prefecture_code)[T.JP-35],0.10178407276798906,1.1071443832938894,1.082547345106966,1.1323003016908133,6.726900410929032e-19
raw_temperature,C(prefecture_code)[T.JP-36],-0.16526913891529643,0.8476655336022667,0.82194622372776,0.874189619849394,7.516363482730833e-26
raw_temperature,C(prefecture_code)[T.JP-37],0.04152445531056921,1.04239865372258,1.015052286873388,1.0704817548164227,0.0022027220896864417
raw_temperature,C(prefecture_code)[T.JP-38],0.3098917926841575,1.3632775895419893,1.3354746958322268,1.3916593043264216,5.648204523199987e-191
raw_temperature,C(prefecture_code)[T.JP-39],-0.0036324109455814187,0.9963741782783865,0.967346218378388,1.0262732042351361,0.8097152482408225
raw_temperature,C(prefecture_code)[T.JP-40],-0.41591073338582657,0.6597391605369909,0.6477782576611557,0.6719209155268222,0.0
raw_temperature,C(prefecture_code)[T.JP-41],-0.13729044982759514,0.8717169993068853,0.8460275370562803,0.8981865171015706,2.349689074181706e-19
raw_temperature,C(prefecture_code)[T.JP-42],-0.011426527913837055,0.988638506913134,0.9649588460359177,1.0128992561357897,0.3555985060543164
raw_temperature,C(prefecture_code)[T.JP-43],0.05641955872932091,1.0580415011741622,1.0359890536676102,1.0805633652631652,1.521127989202821e-07
raw_temperature,C(prefecture_code)[T.JP-44],-0.05906211770985959,0.9426482121902617,0.9191284305391376,0.966769846760452,4.618714545117258e-06
raw_temperature,C(prefecture_code)[T.JP-45],-0.03186048295600047,0.9686417146810548,0.9441841657529961,0.9937327964740617,0.014614422316656828
raw_temperature,C(prefecture_code)[T.JP-46],0.08680282442445994,1.0906816027422597,1.0663262938096565,1.1155931964412107,4.943220162874872e-14
raw_temperature,C(prefecture_code)[T.JP-47],-0.0012197930742954013,0.9987809505708815,0.97168950042538,1.0266277311698508,0.9307200112116478
raw_temperature,C(month)[T.2],-0.12108921872413482,0.8859549122997623,0.8777994819692815,0.8941861128320279,3.0077708095800337e-145
raw_temperature,C(month)[T.3],-0.22440069982241873,0.7989949130975547,0.7911452088921831,0.8069225016854886,0.0
raw_temperature,C(month)[T.4],-0.29749542654829736,0.7426759798057395,0.7338410206762005,0.751617305982938,0.0
raw_temperature,C(month)[T.5],-0.3581028827299225,0.6990011561598207,0.6886725640028079,0.7094846547578945,0.0
raw_temperature,C(month)[T.6],-0.43050022123130194,0.6501837776350217,0.6390771740431219,0.6614834043051314,0.0
raw_temperature,C(month)[T.7],-0.39468995025278075,0.6738889459588061,0.6607491561240932,0.6872900362814579,0.0
raw_temperature,C(month)[T.8],-0.3740349387249028,0.6879528752128243,0.6740043079012144,0.7021901091216144,1.6408475604617877e-280
raw_temperature,C(month)[T.9],-0.431860175354949,0.649300158502426,0.6375440907522212,0.6612730036190154,0.0
raw_temperature,C(month)[T.10],-0.34518781459073217,0.7080873518421791,0.6976750730063725,0.71865502615469,0.0
raw_temperature,C(month)[T.11],-0.22479368757561252,0.798680979571899,0.7896752788719869,0.8077893840631875,0.0
raw_temperature,C(month)[T.12],-0.11875617783906085,0.8880242943703277,0.8798284562522121,0.8962964789193651,4.623513426945709e-139
raw_temperature,C(dow)[T.1],-0.08249082859974906,0.9208198830257838,0.9137015282641305,0.9279936946001327,2.1461119161134214e-96
raw_temperature,C(dow)[T.2],-0.11176606501702119,0.8942534301939692,0.8873136866385928,0.9012474499780793,5.900395911539956e-174
raw_temperature,C(dow)[T.3],-0.11563130672019113,0.8908035960588341,0.8838756207567461,0.8977858740712348,2.987472061527132e-185
raw_temperature,C(dow)[T.4],-0.10868900441693048,0.8970093400668768,0.8900472411294189,0.9040258977109911,1.4173157387149627e-164
raw_temperature,C(dow)[T.5],-0.0878924445949757,0.9158593770523534,0.9088082992705779,0.9229651613084476,4.696372121738209e-110
raw_temperature,C(dow)[T.6],0.003570200021895402,1.003576580777258,0.9960494978765012,1.01116054536624,0.35265076682123153
raw_temperature,t2m_lag0,-0.011828113861042398,0.9882415632907167,0.9874244925728553,0.989059310115524,7.470683419988595e-173
raw_temperature,time_index,0.00014552376336799994,1.0001455343524646,1.0001399157679116,1.0001511529685816,0.0
raw_temperature,I(time_index ** 2),-1.3282318917921077e-08,0.9999999867176812,0.9999999857492013,0.999999987686161,3.749844177815514e-159
raw_temperature,rh_lag0,-0.1577815604901288,0.8540363168689129,0.8301817186837938,0.8785763575803692,9.64464707192111e-28
raw_temperature,tp_lag0,-0.00013214592966325197,0.9998678628012255,0.9997498686150093,0.9999858709135532,0.02819125855436232
raw_temperature,nw_wind_lag0,-0.00041912016698108254,0.9995809676516069,0.9980278552464883,1.0011364969813936,0.597305047931922
standardized_temperature,Intercept,-13.073234261901318,2.1007119184465535e-06,2.0472534596511317e-06,2.155566299570649e-06,0.0
standardized_temperature,C(prefecture_code)[T.JP-02],0.2895598729280487,1.3358394195302177,1.3103199873519848,1.361855861160329,2.7839837352039636e-190
standardized_temperature,C(prefecture_code)[T.JP-03],0.30764048871829874,1.3602118895042552,1.3344471991339932,1.3864740287584492,3.3462572259367085e-218
standardized_temperature,C(prefecture_code)[T.JP-04],0.12524833219736886,1.133429885255012,1.1145451066047047,1.1526346463470867,2.4141985498073354e-48
standardized_temperature,C(prefecture_code)[T.JP-05],0.33595657621597624,1.3992782615346362,1.370536573294173,1.4286226951954035,6.668810761251858e-221
standardized_temperature,C(prefecture_code)[T.JP-06],0.26780358721650416,1.3070903855399263,1.2808276368332911,1.3338916391552573,1.8740147310090022e-147
standardized_temperature,C(prefecture_code)[T.JP-07],0.33779109072796615,1.4018476138482023,1.3790968954711662,1.4249736468158019,0.0
standardized_temperature,C(prefecture_code)[T.JP-08],0.078347187866107,1.0814980765054343,1.0643973542871998,1.0988735407635726,5.720377599634788e-22
standardized_temperature,C(prefecture_code)[T.JP-09],0.18579184418591482,1.2041715789728196,1.1835010552411587,1.2252031252396518,3.423314333674657e-98
standardized_temperature,C(prefecture_code)[T.JP-10],0.13393440874883564,1.1433178255385397,1.123270705494818,1.1637227284569338,8.134506297414462e-50
standardized_temperature,C(prefecture_code)[T.JP-11],0.0169719629089909,1.0171168049290435,1.0037851073141972,1.0306255664991115,0.011696239777318554
standardized_temperature,C(prefecture_code)[T.JP-13],-0.006268763657935401,0.9937508440475455,0.9815704839548105,1.006082350873413,0.3191244808410628
standardized_temperature,C(prefecture_code)[T.JP-14],-0.0021334533734545464,0.9978688208206107,0.9855461208895839,1.010345596680071,0.7364831595205231
standardized_temperature,C(prefecture_code)[T.JP-15],0.07213870012795766,1.0748044092349858,1.0564663181357021,1.09346081202996,2.1041163574638287e-16
standardized_temperature,C(prefecture_code)[T.JP-16],-0.16055588425988748,0.8516702272817019,0.8305680999916311,0.8733084933618019,4.3719321857827765e-36
standardized_temperature,C(prefecture_code)[T.JP-17],-0.29276598706926854,0.7461967399532016,0.7273725973077786,0.7655080446771064,1.0696913539035771e-111
standardized_temperature,C(prefecture_code)[T.JP-18],-0.22289960493967828,0.8001951809054944,0.7772133027695534,0.8238566237385053,8.300463393267955e-51
standardized_temperature,C(prefecture_code)[T.JP-19],0.21737752208855024,1.242813203020302,1.2141510350326132,1.2721519918319664,1.7201910301928788e-74
standardized_temperature,C(prefecture_code)[T.JP-20],-0.025633786283402172,0.9746919698263535,0.9572126314638827,0.9924904925158453,0.005496707493478783
standardized_temperature,C(prefecture_code)[T.JP-21],0.23673286892776654,1.2671025900881447,1.245873505104174,1.2886934084643178,5.07188143024815e-166
standardized_temperature,C(prefecture_code)[T.JP-22],-0.00041826709159801476,0.9995818203698874,0.9845793268046754,1.0148129139138382,0.9567680922108224
standardized_temperature,C(prefecture_code)[T.JP-23],-0.03717264845620959,0.963509772513556,0.9508397790766273,0.9763485943243331,3.7122457129563506e-08
standardized_temperature,C(prefecture_code)[T.JP-24],0.16951869731903416,1.1847344981849202,1.1639194823211712,1.2059217604901018,2.1594444347418288e-78
standardized_temperature,C(prefecture_code)[T.JP-25],-0.18352691764359372,0.8323294710883006,0.8140362342869634,0.8510337983283366,6.345828177107158e-59
standardized_temperature,C(prefecture_code)[T.JP-26],0.03106864595164456,1.0315563136209176,1.014667506945648,1.0487262289243457,0.0002253170882626335
standardized_temperature,C(prefecture_code)[T.JP-27],0.015983717437423235,1.016112140361887,1.0035420871462797,1.0288396421188826,0.01184621039309545
standardized_temperature,C(prefecture_code)[T.JP-28],-0.13963292277226177,0.8696774155880729,0.85746916449453,0.8820594821387009,1.7243738099574667e-83
standardized_temperature,C(prefecture_code)[T.JP-29],0.11105130940561886,1.1174522411938534,1.0948660419410146,1.1405043754352178,1.5767820154384786e-26
standardized_temperature,C(prefecture_code)[T.JP-30],-0.013003416983315802,0.9870807621760294,0.9634726712709037,1.0112673250739823,0.2924265711256355
standardized_temperature,C(prefecture_code)[T.JP-31],0.22875794742185634,1.2570377329582063,1.2231175365684714,1.2918986236710281,2.2422114963445302e-60
standardized_temperature,C(prefecture_code)[T.JP-32],0.2039217627307593,1.22620221499044,1.195313872476527,1.2578887492807773,2.593994608055085e-55
standardized_temperature,C(prefecture_code)[T.JP-33],-0.12969297969612395,0.8783650654361121,0.8615508127553889,0.8955074695027149,1.6706995860021236e-39
standardized_temperature,C(prefecture_code)[T.JP-34],-0.32644417170368717,0.7214846531832755,0.7086051154980193,0.7345982880932875,2.3775726466902165e-276
standardized_temperature,C(prefecture_code)[T.JP-35],-0.012716053216685686,0.9873644541812658,0.966984877986987,1.0081735377394272,0.23209366229612904
standardized_temperature,C(prefecture_code)[T.JP-36],-0.2705492931977715,0.7629602903167944,0.7405400157758713,0.7860593515536176,1.0373437102813373e-70
standardized_temperature,C(prefecture_code)[T.JP-37],-0.07663565221981704,0.9262272609824325,0.9032446041785308,0.9497947012561965,2.25975840901265e-09
standardized_temperature,C(prefecture_code)[T.JP-38],0.2068742072617215,1.2298278586361127,1.2064573361691422,1.2536510960926686,3.916730642191467e-99
standardized_temperature,C(prefecture_code)[T.JP-39],-0.11498216714064041,0.8913820396556464,0.8663978428573429,0.9170867023401504,2.24187639088968e-15
standardized_temperature,C(prefecture_code)[T.JP-40],-0.5327711723576872,0.5869761018359482,0.5775233928102557,0.5965835296298097,0.0
standardized_temperature,C(prefecture_code)[T.JP-41],-0.26130520945441965,0.7700458584691203,0.7483913549315256,0.7923269292704465,4.386088770703083e-72
standardized_temperature,C(prefecture_code)[T.JP-42],-0.15103189900828046,0.859820270807809,0.841176171003781,0.8788776044497474,1.5006579468846288e-41
standardized_temperature,C(prefecture_code)[T.JP-43],-0.05281140032063853,0.9485588935164878,0.9302301716672395,0.967248753990196,1.1272993303813124e-07
standardized_temperature,C(prefecture_code)[T.JP-44],-0.16684756431240963,0.8463286121886981,0.8262325310774425,0.8669134812147837,3.59950127577616e-42
standardized_temperature,C(prefecture_code)[T.JP-45],-0.1462917396356787,0.8639056309026725,0.8432486965666331,0.8850685949994463,2.2193047936953967e-32
standardized_temperature,C(prefecture_code)[T.JP-46],-0.06024799449119439,0.9415310101253801,0.922986379734371,0.9604482389900937,2.920419640564013e-09
standardized_temperature,C(prefecture_code)[T.JP-47],-0.21546805864096802,0.806164019821273,0.7878262609622916,0.824928615683072,3.089517853074889e-75
standardized_temperature,C(month)[T.2],-0.1303704744126013,0.8777701792840077,0.8697348955134568,0.8858796992219314,6.571916211567262e-170
standardized_temperature,C(month)[T.3],-0.27242513569188254,0.7615304384905852,0.7544776713303294,0.768649134075905,0.0
standardized_temperature,C(month)[T.4],-0.3999618965922285,0.6703455880003056,0.6638901749719848,0.67686377098507,0.0
standardized_temperature,C(month)[T.5],-0.5164149183667561,0.5966557778670765,0.5906854184969793,0.6026864827102324,0.0
standardized_temperature,C(month)[T.6],-0.6333395025339177,0.5308161758404506,0.5251343753462705,0.5365594517557252,0.0
standardized_temperature,C(month)[T.7],-0.6396857924728783,0.527458129323237,0.5216946307661239,0.5332853009826957,0.0
standardized_temperature,C(month)[T.8],-0.6297361301119487,0.5327323544889061,0.5269734484011916,0.5385541954349664,0.0
standardized_temperature,C(month)[T.9],-0.6510144284418258,0.5215164671958645,0.5159916900161164,0.5271003987447167,0.0
standardized_temperature,C(month)[T.10],-0.5044584147776754,0.6038325136527468,0.597861240842016,0.6098634258857121,0.0
standardized_temperature,C(month)[T.11],-0.3143184028645548,0.7302864658344671,0.7234197918588066,0.7372183180261768,0.0
standardized_temperature,C(month)[T.12],-0.1471993250589429,0.8631219184417882,0.8553530766150204,0.8709613216600789,2.028132293197565e-223
standardized_temperature,C(dow)[T.1],-0.08198088186386128,0.9212895718674408,0.9141585518723853,0.9284762183684954,5.4100966624329106e-95
standardized_temperature,C(dow)[T.2],-0.1110386370993767,0.8949041717596377,0.8879517786506512,0.9019109999979904,2.3625697111277263e-171
standardized_temperature,C(dow)[T.3],-0.11539582715569535,0.8910133868014323,0.8840691415150052,0.8980121782091224,9.816713549597655e-184
standardized_temperature,C(dow)[T.4],-0.10737008274008178,0.8981932056712143,0.8912127267682658,0.9052283596076883,3.0988143514057936e-160
standardized_temperature,C(dow)[T.5],-0.0870867267655967,0.9165975986408598,0.9095363989576432,0.9237136180553411,6.0046265761995174e-108
standardized_temperature,C(dow)[T.6],0.0036403708247391103,1.0036470050224804,0.9961105458275904,1.0112404842112197,0.34383691355046375
standardized_temperature,t2m_std_anom_lag0,-0.024643054008015596,0.9756581071321002,0.9735017445457027,0.9778192461861621,1.2250664045137088e-105
standardized_temperature,time_index,0.00014532016913775553,1.000145330728625,1.0001396843661126,1.0001509771230144,0.0
standardized_temperature,I(time_index ** 2),-1.376425119552327e-08,0.9999999862357489,0.9999999852658022,0.9999999872056955,2.993604061863656e-170
standardized_temperature,rh_lag0,-0.1824598473764312,0.8332180991493544,0.8100598918020315,0.8570383594793876,6.970973886317814e-37
standardized_temperature,tp_lag0,-8.789437787324908e-05,0.9999121094847244,0.9997949824727875,1.0000292502182113,0.1414048652356452
standardized_temperature,nw_wind_lag0,0.0034280588747877417,1.0034339413885593,1.0019254826553727,1.0049446711965806,7.967127699571663e-06
flipflops,Intercept,-13.039911147759591,2.1718935922714406e-06,2.1169131811009522e-06,2.2283019531752775e-06,0.0
flipflops,C(prefecture_code)[T.JP-02],0.28791061040343474,1.333638085424588,1.3081445196898889,1.3596284784471648,6.622440456355734e-188
flipflops,C(prefecture_code)[T.JP-03],0.3068810806054247,1.3591793256784344,1.3334241436881897,1.3854319708370868,5.7477923762220825e-217
flipflops,C(prefecture_code)[T.JP-04],0.12303789667894116,1.1309272785233844,1.112060514621662,1.1501141282256933,1.3360213728589338e-46
flipflops,C(prefecture_code)[T.JP-05],0.33686935895802844,1.4005560816804619,1.3717844990985006,1.4299311147058524,4.896501982347914e-222
flipflops,C(prefecture_code)[T.JP-06],0.26939335285290883,1.3091700055347402,1.2828501662826766,1.3360298407711062,5.174333990792203e-149
flipflops,C(prefecture_code)[T.JP-07],0.3371704368255768,1.4009778216040085,1.3782184139033797,1.4241130700521256,0.0
flipflops,C(prefecture_code)[T.JP-08],0.07715584915565446,1.080210413155508,1.0631120564040168,1.0975837680145268,2.5951914166365704e-21
flipflops,C(prefecture_code)[T.JP-09],0.18466284273542694,1.2028128346699936,1.1821531031446526,1.2238336230716087,6.563380723438024e-97
flipflops,C(prefecture_code)[T.JP-10],0.1325273927047449,1.141710290193725,1.1216803726312736,1.1620978832645903,9.253726892513198e-49
flipflops,C(prefecture_code)[T.JP-11],0.01494787696901075,1.0150601552249052,1.0017377500341722,1.0285597390036072,0.026586361289157426
flipflops,C(prefecture_code)[T.JP-13],-0.006902725343285579,0.9931210437433596,0.9809409576674966,1.0054523667470479,0.2729318336360308
flipflops,C(prefecture_code)[T.JP-14],-0.00307137008789804,0.9969333417440494,0.9846136064328023,1.009407224709917,0.6283049684133479
flipflops,C(prefecture_code)[T.JP-15],0.07395738341150127,1.0767609166415175,1.0583789282961593,1.0954621644567075,3.820913115195363e-17
flipflops,C(prefecture_code)[T.JP-16],-0.1580497669873109,0.8538072894945871,0.8326520072321016,0.8755000663691291,5.083480276494552e-35
flipflops,C(prefecture_code)[T.JP-17],-0.2942440733738572,0.7450946114924951,0.7262980778656092,0.7643775978405902,8.331758351181882e-113
flipflops,C(prefecture_code)[T.JP-18],-0.22325075469603833,0.7999142418913989,0.7769308459473266,0.8235775393889716,6.399523387673488e-51
flipflops,C(prefecture_code)[T.JP-19],0.21571445449079496,1.240748038382478,1.2121108829968488,1.2700617710351585,2.862533739238993e-73
flipflops,C(prefecture_code)[T.JP-20],-0.02709272064071855,0.9732709950302931,0.955794839634973,0.991066691811208,0.003382828187875586
flipflops,C(prefecture_code)[T.JP-21],0.23622161729325772,1.2664549473861733,1.24520802709822,1.2880644027782207,7.193717148272888e-165
flipflops,C(prefecture_code)[T.JP-22],-0.0032637117114581345,0.996741608406259,0.9817758366938522,1.0119355119534257,0.67242172976166
flipflops,C(prefecture_code)[T.JP-23],-0.04125386872833252,0.9595854902747181,0.9469560682485029,0.972383349154621,1.0413379387142978e-09
flipflops,C(prefecture_code)[T.JP-24],0.16499591444018907,1.1793883002401067,1.1586588524939956,1.2004886164285842,2.6408405448975495e-74
flipflops,C(prefecture_code)[T.JP-25],-0.18473299165720938,0.8313262252584281,0.8130553349955908,0.8500076969621936,1.1158415534145396e-59
flipflops,C(prefecture_code)[T.JP-26],0.0297050153101331,1.0301506104709877,1.0132528490548192,1.0473301715792507,0.00043127965383911985
flipflops,C(prefecture_code)[T.JP-27],0.013857000149447221,1.0139534533785521,1.0013956129693535,1.026668773362956,0.02930939061701473
flipflops,C(prefecture_code)[T.JP-28],-0.1412251255817974,0.8682938145426182,0.8560909648309704,0.8806706055142517,3.616936807923761e-85
flipflops,C(prefecture_code)[T.JP-29],0.1097773950971166,1.1160296091427855,1.093449168843777,1.1390763502984091,6.539371022556987e-26
flipflops,C(prefecture_code)[T.JP-30],-0.016692453022644705,0.9834460940035851,0.9599133173756934,1.007555788948781,0.17675359583499795
flipflops,C(prefecture_code)[T.JP-31],0.22769622367074155,1.2557038143928942,1.221806245617769,1.2905418311097334,8.695512280678414e-60
flipflops,C(prefecture_code)[T.JP-32],0.20233193094191876,1.224254308561571,1.1934044668852624,1.2559016273362662,1.912480560894877e-54
flipflops,C(prefecture_code)[T.JP-33],-0.13168835510094642,0.8766141448409756,0.8598201324457558,0.8937361779950584,1.2999150479624289e-40
flipflops,C(prefecture_code)[T.JP-34],-0.3279401688431866,0.7204061211474876,0.70754118153488,0.7335049788351915,1.1464113571348617e-278
flipflops,C(prefecture_code)[T.JP-35],-0.01547482521942142,0.9846442946437824,0.9643316023361562,1.005384853743065,0.14566545198268877
flipflops,C(prefecture_code)[T.JP-36],-0.27347946416215735,0.7607279583814536,0.7383650219369795,0.7837682033543134,3.7091675408236856e-72
flipflops,C(prefecture_code)[T.JP-37],-0.08026320703547878,0.9228734076426972,0.8999780074786347,0.9463512657605281,3.800100454373235e-10
flipflops,C(prefecture_code)[T.JP-38],0.20582751825913623,1.228541284780218,1.2051753054466803,1.2523602845065134,5.488689103104131e-98
flipflops,C(prefecture_code)[T.JP-39],-0.1177127740466358,0.8889513458472466,0.8640312878680635,0.9145901385509766,4.893499861014353e-16
flipflops,C(prefecture_code)[T.JP-40],-0.5335985463621961,0.5864906539192073,0.5770401992167914,0.5960958830969607,0.0
flipflops,C(prefecture_code)[T.JP-41],-0.26351209871488757,0.7683483263556583,0.7467261074425472,0.7905966387534712,3.5849459809167694e-73
flipflops,C(prefecture_code)[T.JP-42],-0.1576807804156628,0.854122391049732,0.8356023715584138,0.8730528822362408,3.9131737202537586e-45
flipflops,C(prefecture_code)[T.JP-43],-0.053362726360761156,0.948036072433584,0.9297087850728163,0.966724644389482,8.427472897759246e-08
flipflops,C(prefecture_code)[T.JP-44],-0.16789761439806133,0.8454403911768678,0.8253525929626291,0.8660170951515493,1.2550171739484103e-42
flipflops,C(prefecture_code)[T.JP-45],-0.14752052446998598,0.8628447287088988,0.8421998504777002,0.8839956756563758,7.399185745705983e-33
flipflops,C(prefecture_code)[T.JP-46],-0.06300742462873413,0.9389365024083184,0.9204155484313061,0.9578301421106025,5.696697466024734e-10
flipflops,C(prefecture_code)[T.JP-47],-0.21450722639526945,0.8069389804508,0.7885624196101392,0.8257437863865004,2.0518147420034564e-74
flipflops,C(month)[T.2],-0.12995129927794546,0.8781381958434128,0.8700333513706747,0.8863185414493244,4.177357474060382e-166
flipflops,C(month)[T.3],-0.27213332394223094,0.7617526944471267,0.7546749027351328,0.7688968659146109,0.0
flipflops,C(month)[T.4],-0.39763114407436095,0.6719098198779437,0.6654183068300422,0.6784646611228885,0.0
flipflops,C(month)[T.5],-0.5151426962883866,0.5974153395840098,0.591427677025827,0.6034636217315412,0.0
flipflops,C(month)[T.6],-0.6237535325817198,0.5359290304354832,0.5302170894663901,0.5417025051994738,0.0
flipflops,C(month)[T.7],-0.6310026799279532,0.5320580495338973,0.5262840626853159,0.5378953841569819,0.0
flipflops,C(month)[T.8],-0.6251689981074077,0.5351709779938013,0.5294080670901475,0.5409966214928724,0.0
flipflops,C(month)[T.9],-0.6446595171450461,0.5248412111219588,0.5192770802430321,0.5304649624879353,0.0
flipflops,C(month)[T.10],-0.5009486541792585,0.6059555447032082,0.5999445537310206,0.6120267612616488,0.0
flipflops,C(month)[T.11],-0.312893347051131,0.7313279066874951,0.7244074905152843,0.7383144350419013,0.0
flipflops,C(month)[T.12],-0.14544698907324546,0.8646357240001277,0.8567907901704407,0.8725524874847295,9.722152193238386e-215
flipflops,C(dow)[T.1],-0.08235746855434453,0.920942691795903,0.9137961613073826,0.9281451131933437,2.2684747330593672e-95
flipflops,C(dow)[T.2],-0.11073712625334636,0.8951740357549973,0.8882049172260126,0.9021978360495624,1.0010984391547816e-169
flipflops,C(dow)[T.3],-0.11496445980606247,0.8913978237954066,0.8844344910696534,0.8984159802567094,1.5249818502640243e-181
flipflops,C(dow)[T.4],-0.10716262928191429,0.8983795582869123,0.891381811544891,0.9054322404772803,6.552287738336676e-159
flipflops,C(dow)[T.5],-0.08712980869405647,0.9165581106993032,0.9094793909374208,0.9236919260180135,1.619215637024814e-107
flipflops,C(dow)[T.6],0.003753804284979599,1.0037608586324025,0.9962094858060934,1.0113694716600694,0.32991584741423596
flipflops,c2w_event_lag0,0.09116346566239586,1.095448058766063,0.8820225580813578,1.36051673334147,0.4096370596589506
flipflops,w2c_event_lag0,-0.06376684736880224,0.9382237233614742,0.7659013818150803,1.1493173611884142,0.5379831303003033
flipflops,c2w_transition_intensity_lag0,-0.019020079391480066,0.981159660956075,0.900016449082934,1.0696185400481855,0.6658466819178603
flipflops,w2c_transition_intensity_lag0,0.0221208950651066,1.0223673761699794,0.943370841660924,1.1079789682882493,0.5897877530193394
flipflops,time_index,0.00014759117804175937,1.0001476020701556,1.0001419550184327,1.000153249153763,0.0
flipflops,I(time_index ** 2),-1.3878362283086952e-08,0.9999999861216378,0.9999999851496847,0.999999987093591,2.4048660385666542e-172
flipflops,rh_lag0,-0.2386806712095617,0.7876663667656156,0.7660807031991546,0.8098602441529688,1.3437623866040946e-63
flipflops,tp_lag0,4.7168332564786154e-05,1.0000471694450082,0.9999320183232414,1.000162333827457,0.4220705107849716
flipflops,nw_wind_lag0,0.006623931076668012,1.006645917827554,1.0051536149597844,1.0081404362450825,2.113244235757874e-18
raw_plus_flipflops,Intercept,-13.1596706099566,1.926760216294706e-06,1.8755160431144212e-06,1.979404518945795e-06,0.0
raw_plus_flipflops,C(prefecture_code)[T.JP-02],0.332294178625743,1.3941629211244588,1.3671145477307907,1.4217464468244627,2.6056327958990403e-242
raw_plus_flipflops,C(prefecture_code)[T.JP-03],0.34538816868011807,1.4125381163206188,1.3854564027729357,1.4401491999785494,6.670373351181675e-268
raw_plus_flipflops,C(prefecture_code)[T.JP-04],0.19319778520908978,1.2131227075209756,1.1919909493105467,1.2346290920700709,5.51615286030878e-103
raw_plus_flipflops,C(prefecture_code)[T.JP-05],0.3780054178287725,1.4593708494757565,1.4290249767151078,1.4903611280435884,2.5905911063935127e-272
raw_plus_flipflops,C(prefecture_code)[T.JP-06],0.31377285233237767,1.3685788317484735,1.3407110628604495,1.3970258548578651,2.4168613820443747e-196
raw_plus_flipflops,C(prefecture_code)[T.JP-07],0.39408594168614075,1.4830279971247742,1.4581906476595046,1.5082884009618778,0.0
raw_plus_flipflops,C(prefecture_code)[T.JP-08],0.1847135241446754,1.2028737964643186,1.1818456197626377,1.224276120354095,1.2169751127912429e-93
raw_plus_flipflops,C(prefecture_code)[T.JP-09],0.2583592535434859,1.2948038979669987,1.2715841876105647,1.3184476108820442,2.609283832017186e-172
raw_plus_flipflops,C(prefecture_code)[T.JP-10],0.18670838228963396,1.205275754040329,1.183632006086095,1.2273152768832933,1.0903437374041012e-90
raw_plus_flipflops,C(prefecture_code)[T.JP-11],0.11224742583539923,1.1187896438642426,1.1022535261162303,1.1355738381061808,2.1425110475026058e-49
raw_plus_flipflops,C(prefecture_code)[T.JP-13],0.09407622054018872,1.0986434819255986,1.0831316294724005,1.1143774842634295,1.8844257201927627e-38
raw_plus_flipflops,C(prefecture_code)[T.JP-14],0.10557931707875576,1.1113542503996736,1.095278264879143,1.1276661917669906,8.93610322493842e-46
raw_plus_flipflops,C(prefecture_code)[T.JP-15],0.1314985315268029,1.1405362328742532,1.1204849315976435,1.1609463561854547,7.730645454187923e-48
raw_plus_flipflops,C(prefecture_code)[T.JP-16],-0.11499292854956371,0.8913724471806252,0.8690917472709294,0.9142243521328551,5.4076347690451605e-19
raw_plus_flipflops,C(prefecture_code)[T.JP-17],-0.20440782386733583,0.8151298739741663,0.7939309511373068,0.8368948338559342,3.3422493245527014e-52
raw_plus_flipflops,C(prefecture_code)[T.JP-18],-0.13893752310664745,0.870282399300421,0.8447617920664872,0.896573994758142,5.728093833115079e-20
raw_plus_flipflops,C(prefecture_code)[T.JP-19],0.2727958018968577,1.3136319762779243,1.2828532179864776,1.3451491915874312,1.3061153134922668e-112
raw_plus_flipflops,C(prefecture_code)[T.JP-20],0.007238457453050466,1.0072647184109031,0.9889905612167789,1.0258765378985326,0.43841451537688647
raw_plus_flipflops,C(prefecture_code)[T.JP-21],0.2965938503705128,1.3452688080490205,1.321985541649547,1.368962147385867,4.4379818766381047e-243
raw_plus_flipflops,C(prefecture_code)[T.JP-22],0.09813423026570627,1.1031108460331234,1.0847877587022992,1.1217434275729663,1.605288234036309e-30
raw_plus_flipflops,C(prefecture_code)[T.JP-23],0.07155133110985766,1.0741732877932195,1.0577006747487083,1.0909024450444165,1.1412409854645883e-19
raw_plus_flipflops,C(prefecture_code)[T.JP-24],0.2833379498319522,1.3275537325765132,1.3018168414944884,1.353799441444155,5.2495495562354405e-177
raw_plus_flipflops,C(prefecture_code)[T.JP-25],-0.08421791018013043,0.9192309244924319,0.8980420597628139,0.9409197301587235,1.4616725102214466e-12
raw_plus_flipflops,C(prefecture_code)[T.JP-26],0.13146014095916742,1.1404924478813352,1.1201432610710655,1.1612113100878065,1.8557231243433584e-46
raw_plus_flipflops,C(prefecture_code)[T.JP-27],0.12991558849690052,1.138732257166147,1.121868094255181,1.1558499258075492,2.660556115420162e-65
raw_plus_flipflops,C(prefecture_code)[T.JP-28],-0.036193734477499954,0.9644534275016657,0.9491694904745223,0.9799834730830707,8.961583833416174e-06
raw_plus_flipflops,C(prefecture_code)[T.JP-29],0.20193633399372096,1.223770093076685,1.1977999416343161,1.2503033174851614,5.044771681861022e-76
raw_plus_flipflops,C(prefecture_code)[T.JP-30],0.10287343847482261,1.1083511255900618,1.0802914802705827,1.1371395961477604,3.749351925403147e-15
raw_plus_flipflops,C(prefecture_code)[T.JP-31],0.3214623218429774,1.3791430414790893,1.3408408332169666,1.4185393834529931,7.749419589708331e-111
raw_plus_flipflops,C(prefecture_code)[T.JP-32],0.30565293867108095,1.3575110851800205,1.3219402602929449,1.3940390513397785,1.0293008619400376e-112
raw_plus_flipflops,C(prefecture_code)[T.JP-33],-0.02913720197808806,0.9712831933488723,0.9514384009259517,0.9915419019916191,0.005667300265325356
raw_plus_flipflops,C(prefecture_code)[T.JP-34],-0.22877594844387567,0.795506748064535,0.780268769606563,0.8110423111453067,6.656495078953592e-119
raw_plus_flipflops,C(prefecture_code)[T.JP-35],0.10388968089584105,1.1094780515392615,1.0848107541628185,1.1347062537164017,1.3511494255538228e-19
raw_plus_flipflops,C(prefecture_code)[T.JP-36],-0.1633732009986102,0.8492741792924033,0.8234972853297837,0.8758579347640978,2.784774800147946e-25
raw_plus_flipflops,C(prefecture_code)[T.JP-37],0.04366997728474883,1.044637543875157,1.017217096384965,1.0727971462057801,0.0012917814091217552
raw_plus_flipflops,C(prefecture_code)[T.JP-38],0.3118861092410542,1.365999109494585,1.3381158535941606,1.3944633882993567,4.54310683859103e-193
raw_plus_flipflops,C(prefecture_code)[T.JP-39],-0.0016311707944906943,0.998370158841537,0.9692685052208176,1.0283455705993447,0.9139385088944006
raw_plus_flipflops,C(prefecture_code)[T.JP-40],-0.41367666388118135,0.6612147113043385,0.6492145089563635,0.6734367276358362,0.0
raw_plus_flipflops,C(prefecture_code)[T.JP-41],-0.13492744935981035,0.8737793026362705,0.8480149818334819,0.9003263928955534,9.933606452347466e-19
raw_plus_flipflops,C(prefecture_code)[T.JP-42],-0.009029378839557376,0.9910112635842881,0.9672579699219249,1.0153478752211271,0.46571852990278073
raw_plus_flipflops,C(prefecture_code)[T.JP-43],0.05850381470014346,1.0602490302190106,1.0381298384220545,1.0828395105076782,5.364909269286247e-08
raw_plus_flipflops,C(prefecture_code)[T.JP-44],-0.057022935074116585,0.944572405279967,0.9209938445371948,0.9687546058081712,9.816463220004804e-06
raw_plus_flipflops,C(prefecture_code)[T.JP-45],-0.02967067362608642,0.9707651794881825,0.9462385614475921,0.9959275304369611,0.023055316597010485
raw_plus_flipflops,C(prefecture_code)[T.JP-46],0.08954475206290484,1.0936762764867114,1.0692274602271552,1.1186841362040243,8.306645254975178e-15
raw_plus_flipflops,C(prefecture_code)[T.JP-47],0.0029333485993225062,1.0029376550760947,0.9756913500361082,1.0309448166495585,0.8346491869758579
raw_plus_flipflops,C(month)[T.2],-0.1205148437699213,0.8864639287811149,0.8783015777906854,0.8947021352355167,8.163510789002652e-144
raw_plus_flipflops,C(month)[T.3],-0.22327708764962664,0.7998931780641302,0.792025894349989,0.8078386084064059,0.0
raw_plus_flipflops,C(month)[T.4],-0.29469121656577957,0.7447615219845308,0.7358658446857468,0.7537647366492296,0.0
raw_plus_flipflops,C(month)[T.5],-0.3544594813630879,0.7015525429683473,0.6911383260675638,0.7121236834683091,0.0
raw_plus_flipflops,C(month)[T.6],-0.42570799060275744,0.6533070860782262,0.6420913674230982,0.6647187150840194,0.0
raw_plus_flipflops,C(month)[T.7],-0.388971938459272,0.6777532885486354,0.6644642644580772,0.6913080878971353,0.0
raw_plus_flipflops,C(month)[T.8],-0.36804184344110086,0.6920882217300999,0.6779766842668568,0.7064934794557026,1.283607393021662e-268
raw_plus_flipflops,C(month)[T.9],-0.4266121405796648,0.6527166654460573,0.6408346205909131,0.6648190214164305,0.0
raw_plus_flipflops,C(month)[T.10],-0.3414001190710428,0.7107744568875952,0.7002742637310853,0.7214320941514132,0.0
raw_plus_flipflops,C(month)[T.11],-0.22291745194526952,0.8001808999450633,0.7911356045011908,0.8093296130194929,0.0
raw_plus_flipflops,C(month)[T.12],-0.11760485438147453,0.8890472863556758,0.8808350743821457,0.8973360625209138,3.446965931152471e-136
raw_plus_flipflops,C(dow)[T.1],-0.08268817241164284,0.9206381828492922,0.9135206721442977,0.9278111481927865,7.836740626555719e-97
raw_plus_flipflops,C(dow)[T.2],-0.11167858411071402,0.8943316637164307,0.8873906336644429,0.9013269854144591,1.1846702521503685e-173
raw_plus_flipflops,C(dow)[T.3],-0.11573499414673542,0.8907112357147883,0.8837833701640838,0.8976934079233333,1.5100921172582284e-185
raw_plus_flipflops,C(dow)[T.4],-0.10856271440081547,0.8971226305444667,0.8901604470410936,0.9041392671515425,3.102992779230338e-164
raw_plus_flipflops,C(dow)[T.5],-0.08786068958812643,0.9158884606349169,0.9088371917357319,0.9229944372348219,5.608539222030868e-110
raw_plus_flipflops,C(dow)[T.6],0.003504963258468552,1.0035111128247591,0.9959850904200465,1.01109400456796,0.3614815590758449
raw_plus_flipflops,t2m_lag0,-0.012057503317956379,0.9880148970936253,0.9871934579483084,0.988837019754685,1.407840686914363e-177
raw_plus_flipflops,c2w_event_lag0,0.09818917621966694,1.1031714591760913,0.8866931164578282,1.3725010894438212,0.37832586517438993
raw_plus_flipflops,w2c_event_lag0,-0.07215236903424334,0.9303891225184815,0.76109793118505,1.137335793243992,0.48135814113967723
raw_plus_flipflops,c2w_transition_intensity_lag0,-0.012158177814141038,0.98791543419841,0.9055530554839937,1.0777688830234244,0.7842827929480173
raw_plus_flipflops,w2c_transition_intensity_lag0,0.014772451866356956,1.0148821038107756,0.937286789363914,1.0989013142224928,0.7158440446396044
raw_plus_flipflops,time_index,0.00014539776562735903,1.0001454083363948,1.0001397898443483,1.0001510268600042,0.0
raw_plus_flipflops,I(time_index ** 2),-1.3257922036628868e-08,0.999999986742078,0.9999999857736543,0.9999999877105017,1.356733462147227e-158
raw_plus_flipflops,rh_lag0,-0.15902509113712474,0.8529749565890279,0.8291484107747871,0.8774861859630039,3.7587454050224476e-28
raw_plus_flipflops,tp_lag0,-0.0001261075420824744,0.9998739004091394,0.9997559768747251,0.9999918378529078,0.03611773384967493
raw_plus_flipflops,nw_wind_lag0,-0.00031828212145055694,0.9996817685249304,0.9981283141948337,1.001237640600643,0.6883238575580621
lags_raw_temperature,Intercept,-13.20403121603409,1.843156040961296e-06,1.7935639706553661e-06,1.8941193327443887e-06,0.0
lags_raw_temperature,C(prefecture_code)[T.JP-02],0.35122703110949355,1.420809857336767,1.393160369991776,1.4490080928136364,8.218971959126109e-269
lags_raw_temperature,C(prefecture_code)[T.JP-03],0.36411910455349494,1.4392456246574525,1.4115579773066056,1.4674763639876225,1.7324147033668075e-295
lags_raw_temperature,C(prefecture_code)[T.JP-04],0.22499856875456398,1.252320923811975,1.2302928931690416,1.2747433598332538,2.6097055697614786e-136
lags_raw_temperature,C(prefecture_code)[T.JP-05],0.4006088341891522,1.4927332480716333,1.4615692454262974,1.5245617386048456,3.8271426455771406e-303
lags_raw_temperature,C(prefecture_code)[T.JP-06],0.3386148094747359,1.4030028177240694,1.3742839396645177,1.4323218439285532,6.194278551922535e-226
lags_raw_temperature,C(prefecture_code)[T.JP-07],0.4220142234433762,1.5250302157099387,1.4992903516650515,1.5512119825525819,0.0
lags_raw_temperature,C(prefecture_code)[T.JP-08],0.24291802220553968,1.274964101089211,1.2520847131543078,1.2982615648833404,2.324165503849557e-152
lags_raw_temperature,C(prefecture_code)[T.JP-09],0.2974511303228712,1.3464225745084604,1.3219934941740115,1.3713030791264755,1.8319443873052243e-222
lags_raw_temperature,C(prefecture_code)[T.JP-10],0.21395684541647875,1.2385692037019829,1.216193212368405,1.2613568771458277,4.484946710891056e-117
lags_raw_temperature,C(prefecture_code)[T.JP-11],0.1636757264282631,1.177832313268391,1.1599214485131246,1.196019747679898,2.5625526306297646e-97
lags_raw_temperature,C(prefecture_code)[T.JP-13],0.14879345644002234,1.1604332844335155,1.1434480804908704,1.1776707929257901,4.601703671562092e-87
lags_raw_temperature,C(prefecture_code)[T.JP-14],0.1641013457804933,1.1783337281929784,1.1606149203687512,1.1963230444737156,5.270873554980671e-100
lags_raw_temperature,C(prefecture_code)[T.JP-15],0.1648774767429549,1.1792486244772824,1.1583229443899168,1.2005523373829043,8.033102294567469e-73
lags_raw_temperature,C(prefecture_code)[T.JP-16],-0.08624346175863709,0.9173708593072656,0.8943590232536737,0.94097478934637,2.858185423343236e-11
lags_raw_temperature,C(prefecture_code)[T.JP-17],-0.1580012913915514,0.8538486793147991,0.831467767513761,0.8768320260298733,2.0674064258138293e-31
lags_raw_temperature,C(prefecture_code)[T.JP-18],-0.09413453180781942,0.9101603084922826,0.8833060953831351,0.937830941600659,7.251915353280911e-10
lags_raw_temperature,C(prefecture_code)[T.JP-19],0.3032087945464997,1.3541971839130056,1.32230850197583,1.386854890653524,2.843635044973235e-137
lags_raw_temperature,C(prefecture_code)[T.JP-20],0.025245472856918957,1.0255668384500014,1.0069226875852402,1.0445562038637581,0.006997485874865278
lags_raw_temperature,C(prefecture_code)[T.JP-21],0.3283721472834146,1.388705679183886,1.3645017244115045,1.413338971212603,2.4911935163079745e-293
lags_raw_temperature,C(prefecture_code)[T.JP-22],0.14810578219963816,1.1596355586752902,1.1399406121100826,1.1796707781600568,2.0528071638124172e-64
lags_raw_temperature,C(prefecture_code)[T.JP-23],0.12407963908289822,1.1321060272949024,1.1142636327585815,1.1502341271467613,6.69144073165722e-53
lags_raw_temperature,C(prefecture_code)[T.JP-24],0.33730796742466457,1.4011705121732434,1.3734909208239714,1.4294079228467258,9.466003872771175e-241
lags_raw_temperature,C(prefecture_code)[T.JP-25],-0.03363607020394472,0.9669233328245592,0.9443652412256853,0.990020270491002,0.005226723334428888
lags_raw_temperature,C(prefecture_code)[T.JP-26],0.184099516899065,1.2021354499359904,1.180225270999052,1.2244523782900485,1.1193191125959484e-85
lags_raw_temperature,C(prefecture_code)[T.JP-27],0.19035737017672041,1.2096818246275796,1.1910448752492424,1.2286103968400757,1.3635665207679752e-127
lags_raw_temperature,C(prefecture_code)[T.JP-28],0.017917424319856767,1.018078904360722,1.0015102896993076,1.0349216240359558,0.032336054948590404
lags_raw_temperature,C(prefecture_code)[T.JP-29],0.24960428332721368,1.283517406942669,1.2559551260166415,1.3116845497097835,1.8323891840136308e-112
lags_raw_temperature,C(prefecture_code)[T.JP-30],0.16078715958672515,1.1744349749849803,1.1443274896714262,1.205334594263756,6.9215323104893466e-34
lags_raw_temperature,C(prefecture_code)[T.JP-31],0.37040703180066475,1.4483240086333227,1.4078128073614835,1.4900009596553458,1.9659664546486257e-144
lags_raw_temperature,C(prefecture_code)[T.JP-32],0.3597554902118099,1.4329789943311133,1.3950527113313709,1.4719363515909845,2.6899685350811375e-152
lags_raw_temperature,C(prefecture_code)[T.JP-33],0.022515420554736824,1.0227708057360354,1.0015601465900918,1.0444306561391763,0.03522489162219115
lags_raw_temperature,C(prefecture_code)[T.JP-34],-0.17753236003574085,0.8373339027423131,0.8210306075137862,0.8539609343003702,4.465605222554818e-70
lags_raw_temperature,C(prefecture_code)[T.JP-35],0.16363011684313827,1.177778594050301,1.1511405347160015,1.205033073520716,1.194363554985273e-44
lags_raw_temperature,C(prefecture_code)[T.JP-36],-0.10906016334513097,0.8966764688195208,0.8692339755994766,0.9249853460688051,6.115762748775707e-12
lags_raw_temperature,C(prefecture_code)[T.JP-37],0.10492554484232713,1.110627915300657,1.0810780603630281,1.1409854768774734,2.420460584916155e-14
lags_raw_temperature,C(prefecture_code)[T.JP-38],0.3674711296777881,1.4440781069274817,1.4140933227292751,1.4746986958982315,3.3058446377047624e-258
lags_raw_temperature,C(prefecture_code)[T.JP-39],0.0552980880099572,1.0568556037096566,1.0257662269831482,1.088887251023573,0.0002835339099801779
lags_raw_temperature,C(prefecture_code)[T.JP-40],-0.34941932671515996,0.7050974020934376,0.6919062778342556,0.7185400138225206,6.123246600848323e-288
lags_raw_temperature,C(prefecture_code)[T.JP-41],-0.06954598253382031,0.9328172390981245,0.9049918309766253,0.9614981834914734,6.761211904884648e-06
lags_raw_temperature,C(prefecture_code)[T.JP-42],0.05797732319721379,1.0596909650347908,1.0338224848489435,1.0862067306849539,4.267822062349665e-06
lags_raw_temperature,C(prefecture_code)[T.JP-43],0.11877726638598629,1.1261190657834157,1.1021690548410896,1.1505895077990136,2.5006361642050853e-27
lags_raw_temperature,C(prefecture_code)[T.JP-44],0.0009077681163134662,1.0009081802624915,0.9755903485056706,1.026883042509465,0.9446356308604339
lags_raw_temperature,C(prefecture_code)[T.JP-45],0.030816236028183164,1.031295971428609,1.004871957279212,1.0584148288550121,0.019967626175171664
lags_raw_temperature,C(prefecture_code)[T.JP-46],0.16568248500661106,1.180198311566583,1.1531249047603047,1.2079073558073425,1.7228420294340101e-44
lags_raw_temperature,C(prefecture_code)[T.JP-47],0.1283620648300469,1.136964583071714,1.1047093990683234,1.1701615504037974,2.2955311623194015e-18
lags_raw_temperature,C(month)[T.2],-0.11432928934549962,0.891964193213212,0.8837817138527871,0.9002224299325348,1.3714246995695393e-130
lags_raw_temperature,C(month)[T.3],-0.19418236618176504,0.8235077106170324,0.815284507301189,0.8318138556203091,0.0
lags_raw_temperature,C(month)[T.4],-0.2330972965180418,0.7920765034892395,0.7821024901379456,0.802177713651164,1.2666023159847426e-284
lags_raw_temperature,C(month)[T.5],-0.2546850176964934,0.7751606213898956,0.7625507347913821,0.787979030822068,1.8836901475559455e-203
lags_raw_temperature,C(month)[T.6],-0.30229843595230377,0.7391174527509963,0.7250624029038072,0.7534449542180954,4.05244809044983e-209
lags_raw_temperature,C(month)[T.7],-0.23801068848841106,0.7881942664434646,0.7708362312379825,0.8059431776534527,1.9408153140473467e-97
lags_raw_temperature,C(month)[T.8],-0.20490461395317713,0.8147250261046332,0.7959035206910052,0.8339916219806424,3.5793606157874575e-66
lags_raw_temperature,C(month)[T.9],-0.2852510462093565,0.7518254876870188,0.7364235739583517,0.7675495243825409,1.1160548530948202e-160
lags_raw_temperature,C(month)[T.10],-0.23614366438632514,0.7896672187268822,0.7767284298410397,0.8028215427359422,1.0635276784240097e-172
lags_raw_temperature,C(month)[T.11],-0.1576256042305622,0.854169519565053,0.8438504553678229,0.8646147709145554,1.5936212589061101e-142
lags_raw_temperature,C(month)[T.12],-0.09252934353981365,0.9116224603420247,0.9031050804928036,0.9202201694475669,3.669580802485382e-83
lags_raw_temperature,C(dow)[T.1],-0.08046850902696893,0.9226839593419369,0.9155708054405268,0.9298523759910499,2.5623224944480933e-92
lags_raw_temperature,C(dow)[T.2],-0.10872110041589134,0.8969805501180538,0.8900336209609125,0.9039817017490182,2.250058783429064e-165
lags_raw_temperature,C(dow)[T.3],-0.11255629142350013,0.8935470466575662,0.8866123879162983,0.9005359449882121,2.246899034520655e-176
lags_raw_temperature,C(dow)[T.4],-0.10590935751173333,0.8995061778590094,0.8925469994808545,0.9065196168685117,2.3125157762842105e-157
lags_raw_temperature,C(dow)[T.5],-0.08706153554300386,0.9166206891458331,0.9095899902370951,0.9237057320201773,8.12268598573159e-109
lags_raw_temperature,C(dow)[T.6],0.003765449564454909,1.0037725477761892,0.9962666803432962,1.0113349643711005,0.3254771035131159
lags_raw_temperature,t2m_lag0,-0.001206340750698671,0.9987943865858034,0.9975385080453787,1.0000518462490577,0.06021697917976466
lags_raw_temperature,t2m_lag1,-0.007230322992741677,0.9927957529089695,0.9913427455671125,0.9942508899182345,3.8267380376973144e-22
lags_raw_temperature,t2m_lag2,-0.0015359186269108052,0.9984652602924514,0.9970756679715298,0.9998567892435412,0.03065511374657442
lags_raw_temperature,t2m_lag3,-0.008491469560433982,0.9915444811371636,0.9904600770536546,0.9926300724792443,3.0595597777589683e-52
lags_raw_temperature,time_index,0.00014584111314039174,1.0001458517484725,1.0001402463916957,1.000151457136665,0.0
lags_raw_temperature,I(time_index ** 2),-1.3187978531253527e-08,0.9999999868120215,0.9999999858457557,0.9999999877782875,1.2228803028602297e-157
lags_raw_temperature,rh_lag0,-0.17238144231910074,0.8416580679255096,0.817951783616135,0.8660514195254186,2.879884675306166e-32
lags_raw_temperature,tp_lag0,9.479021752760079e-06,1.000009479066679,0.9998938110534643,1.0001251604604036,0.8723991941856111
lags_raw_temperature,nw_wind_lag0,0.005691717603994606,1.0057079462035623,1.0040501266056232,1.0073685030809925,1.3620673194631767e-11
lags_flipflops,Intercept,-13.04508287994549,2.1606901358853225e-06,2.1058996376267124e-06,2.2169061525522123e-06,0.0
lags_flipflops,C(prefecture_code)[T.JP-02],0.28774156725939626,1.3334126621032887,1.3079145563421304,1.3594078595087402,1.4765039814134025e-187
lags_flipflops,C(prefecture_code)[T.JP-03],0.306671351089494,1.3588942955470573,1.3331262402378523,1.3851604227225094,2.2921376711708718e-216
lags_flipflops,C(prefecture_code)[T.JP-04],0.12257840198565129,1.1304077428114985,1.1115449624973892,1.149590622170795,3.0362649581997913e-46
lags_flipflops,C(prefecture_code)[T.JP-05],0.336330628337306,1.3998017624389019,1.3710270455876676,1.4291803946778987,4.780721566826938e-221
lags_flipflops,C(prefecture_code)[T.JP-06],0.2692251793417162,1.3089498563303126,1.2826265074965397,1.3358134393552348,9.6989022514285e-149
lags_flipflops,C(prefecture_code)[T.JP-07],0.33656419270592736,1.4001287444379267,1.3773727908209068,1.4232606554053973,0.0
lags_flipflops,C(prefecture_code)[T.JP-08],0.07697245881119233,1.0800123311594656,1.062908073322155,1.0973918297664231,3.378298955504373e-21
lags_flipflops,C(prefecture_code)[T.JP-09],0.18422413346499217,1.2022852652620826,1.1816306326490933,1.2233009361188258,2.0159185169537062e-96
lags_flipflops,C(prefecture_code)[T.JP-10],0.13199851122609885,1.1411066204162157,1.1210873493128706,1.1614833758991274,2.1892735274502656e-48
lags_flipflops,C(prefecture_code)[T.JP-11],0.01475319254792845,1.0148625580613904,1.001542266126103,1.0283600069507497,0.028627620235545007
lags_flipflops,C(prefecture_code)[T.JP-13],-0.007345449202170689,0.9926814626762267,0.9805068910342717,1.00500720122585,0.2433460856207773
lags_flipflops,C(prefecture_code)[T.JP-14],-0.0033520161015584086,0.9966535956324555,0.984334276463599,1.0091270957827256,0.5973476104088067
lags_flipflops,C(prefecture_code)[T.JP-15],0.07339281857934063,1.0761531868629088,1.05777262399938,1.0948531426503185,6.831904175449716e-17
lags_flipflops,C(prefecture_code)[T.JP-16],-0.15866667775036694,0.8532807290252324,0.8321234093285199,0.8749759883733605,3.1191919763584955e-35
lags_flipflops,C(prefecture_code)[T.JP-17],-0.2945657559437254,0.7448549660900162,0.7260520012915572,0.764144881526423,6.72228268447484e-113
lags_flipflops,C(prefecture_code)[T.JP-18],-0.22396109798624983,0.7993462299425493,0.7763674624170498,0.8230051183934508,3.4997331361349706e-51
lags_flipflops,C(prefecture_code)[T.JP-19],0.21502718254897102,1.239895600030859,1.2112626865211078,1.2692053640249683,9.735708235642141e-73
lags_flipflops,C(prefecture_code)[T.JP-20],-0.027776897380156273,0.9726053333953937,0.9551325498473255,0.9903977565212004,0.002672080033081903
lags_flipflops,C(prefecture_code)[T.JP-21],0.23522422162284662,1.2651924204290035,1.2439718459453264,1.286774990871741,1.4117794461672394e-163
lags_flipflops,C(prefecture_code)[T.JP-22],-0.0038025612185515678,0.9962046593622259,0.981241386988926,1.0113961115932921,0.6223997051638558
lags_flipflops,C(prefecture_code)[T.JP-23],-0.04198439065370113,0.9588847480197608,0.9462577912078884,0.9716802001822767,5.377715640182754e-10
lags_flipflops,C(prefecture_code)[T.JP-24],0.1640449948794357,1.1782673298964677,1.1575432394732235,1.1993624543417896,2.260703092936582e-73
lags_flipflops,C(prefecture_code)[T.JP-25],-0.18561333911726172,0.83059469137679,0.8123350041055406,0.8492648203716616,3.3604588627903784e-60
lags_flipflops,C(prefecture_code)[T.JP-26],0.028847453211893175,1.0292675710366606,1.0123785225942057,1.046438371759439,0.0006323121240677654
lags_flipflops,C(prefecture_code)[T.JP-27],0.013271487535158466,1.013359944611688,1.0008036472218431,1.0260737760039118,0.036956474128278634
lags_flipflops,C(prefecture_code)[T.JP-28],-0.14184334050867717,0.8677571882378375,0.8555519545895431,0.8801365407430994,9.231604773242126e-86
lags_flipflops,C(prefecture_code)[T.JP-29],0.10878734714697326,1.1149252330987822,1.0923630715437767,1.1379534037557937,1.8201621266733732e-25
lags_flipflops,C(prefecture_code)[T.JP-30],-0.0172791198274321,0.9828693080330696,0.9593366138991808,1.0069792632504777,0.16227268037434905
lags_flipflops,C(prefecture_code)[T.JP-31],0.2273936823786076,1.2553239696006149,1.2214235559164959,1.2901652837957707,1.3756608539652428e-59
lags_flipflops,C(prefecture_code)[T.JP-32],0.202263660054022,1.2241707304859213,1.1933222990861931,1.2558166209799382,2.086988561342511e-54
lags_flipflops,C(prefecture_code)[T.JP-33],-0.1330168871665731,0.875450308108762,0.8586897556038745,0.8925380056837239,1.871800513003761e-41
lags_flipflops,C(prefecture_code)[T.JP-34],-0.32857274951373533,0.7199505502681626,0.7070859062332984,0.733049252236702,2.1520689487891257e-279
lags_flipflops,C(prefecture_code)[T.JP-35],-0.016357618865564895,0.9837754404826525,0.963466762061777,1.0045122005306721,0.12430468358377071
lags_flipflops,C(prefecture_code)[T.JP-36],-0.27416958256486035,0.7602031471297043,0.7378395250392894,0.7832446016972777,2.0766766546196012e-72
lags_flipflops,C(prefecture_code)[T.JP-37],-0.08095045832834623,0.9222393795933951,0.8993412195451962,0.9457205505413481,2.781728922042528e-10
lags_flipflops,C(prefecture_code)[T.JP-38],0.20525384881719325,1.2278367103027206,1.2044730671382302,1.2516535473466013,2.3200069572889681e-97
lags_flipflops,C(prefecture_code)[T.JP-39],-0.11851635343684441,0.8882372898056092,0.863312773353889,0.9138813965837168,3.3125579486610797e-16
lags_flipflops,C(prefecture_code)[T.JP-40],-0.5343275846879904,0.5860632355758877,0.5766162254518621,0.5956650210883677,0.0
lags_flipflops,C(prefecture_code)[T.JP-41],-0.2642047739581439,0.7678162947756187,0.7461940180332622,0.7900651148032661,1.9062349031813573e-73
lags_flipflops,C(prefecture_code)[T.JP-42],-0.15794583999169554,0.8538960277320881,0.835371670893031,0.8728311619631219,3.0938375269083356e-45
lags_flipflops,C(prefecture_code)[T.JP-43],-0.053797060510165744,0.947624397401193,0.9292945638387224,0.966315777034739,6.73087799700299e-08
lags_flipflops,C(prefecture_code)[T.JP-44],-0.1686629982963205,0.8447935522861361,0.8247048599403987,0.8653715779434182,6.203996245173241e-43
lags_flipflops,C(prefecture_code)[T.JP-45],-0.1484556141927387,0.8620382685858019,0.8414045298456876,0.8831780078991165,3.1483457902925983e-33
lags_flipflops,C(prefecture_code)[T.JP-46],-0.06394063147192974,0.9380606891599634,0.9195614892927605,0.9569320451034175,3.135071787170873e-10
lags_flipflops,C(prefecture_code)[T.JP-47],-0.21429750811365403,0.8071082280536865,0.7887244131222788,0.8259205382184222,3.0269389145574426e-74
lags_flipflops,C(month)[T.2],-0.12836950636819908,0.8795283277759421,0.8714057498674121,0.8877266181432093,6.090800991670094e-162
lags_flipflops,C(month)[T.3],-0.27136415505911377,0.7623388363084687,0.7552407761226805,0.769503606952688,0.0
lags_flipflops,C(month)[T.4],-0.39650403531614326,0.6726675622694857,0.6661543918473735,0.679244413708291,0.0
lags_flipflops,C(month)[T.5],-0.5140719084397305,0.5980553872867326,0.5920536541118775,0.6041179608953086,0.0
lags_flipflops,C(month)[T.6],-0.6220825392654288,0.5368253128957963,0.531089086102972,0.542623495956749,0.0
lags_flipflops,C(month)[T.7],-0.6292747005158532,0.532978229686749,0.5271802723799823,0.5388399532433021,0.0
lags_flipflops,C(month)[T.8],-0.6233167854961016,0.536163146998766,0.5303755353849996,0.5420139147084626,0.0
lags_flipflops,C(month)[T.9],-0.6429129303463476,0.5257586928502183,0.5201701081346131,0.5314073199993179,0.0
lags_flipflops,C(month)[T.10],-0.49955614878430543,0.6067999288365963,0.6007721772000059,0.6128881589559982,0.0
lags_flipflops,C(month)[T.11],-0.3117876066204023,0.7321370127702553,0.7251997744161677,0.7391406125294057,0.0
lags_flipflops,C(month)[T.12],-0.1440704811901104,0.8658267214108605,0.8579601786582098,0.873765391630984,3.7046867755337984e-210
lags_flipflops,C(dow)[T.1],-0.08185095583166109,0.9214092791423981,0.9142570819070608,0.9286174277357349,3.58615460669934e-94
lags_flipflops,C(dow)[T.2],-0.11046469264786982,0.8954179444680436,0.888443680562334,0.9024469561963676,9.558527690170374e-169
lags_flipflops,C(dow)[T.3],-0.1146280094385091,0.8916977853791217,0.884728703516245,0.8987217632816753,2.5543132219197544e-180
lags_flipflops,C(dow)[T.4],-0.10706796434204836,0.8984646073592935,0.8914617691913946,0.9055224560100874,1.959825965360034e-158
lags_flipflops,C(dow)[T.5],-0.08736243750533512,0.9163449176739249,0.9092627238219425,0.9234822743170819,6.293099822154838e-108
lags_flipflops,C(dow)[T.6],0.0035762342485834413,1.0035826366041165,0.9960272410275125,1.0111953438685615,0.35364910985389986
lags_flipflops,c2w_event_lag0,0.09279830782363352,1.0972404081429419,0.883429603241063,1.362798471824777,0.4013791595329955
lags_flipflops,c2w_event_lag1,0.0420115924076315,1.042906568478752,1.0146757833966142,1.0719228036912614,0.0026953293764083092
lags_flipflops,c2w_event_lag2,-0.02818154285010796,0.9722118526686501,0.9469511900665555,0.9981463631752518,0.03589685488626737
lags_flipflops,c2w_event_lag3,0.0045985307531645845,1.0046091202214849,0.9790898309844568,1.0307935518208928,0.7261254990881981
lags_flipflops,w2c_event_lag0,-0.062256946763859,0.9396414179485688,0.7670896079382985,1.1510076335115935,0.5475719717481463
lags_flipflops,w2c_event_lag1,0.030034703660650065,1.0304902951184967,1.0077293110809362,1.0537653679978338,0.008398291458510784
lags_flipflops,w2c_event_lag2,0.03779843782617207,1.038521885052186,1.0159431395212022,1.0616024300736346,0.0007507614712736656
lags_flipflops,w2c_event_lag3,0.03598831445764678,1.0366437326759022,1.014100735326247,1.0596878505866654,0.0013356664884375394
lags_flipflops,c2w_transition_intensity_lag0,-0.01918831632103404,0.9809946075517417,0.8998523885334905,1.0694536485189086,0.6631240367943743
lags_flipflops,w2c_transition_intensity_lag0,0.022045836366689914,1.022290641485259,0.9433142021228753,1.107879170393548,0.5909812514967574
lags_flipflops,time_index,0.00014895667563245214,1.0001489677702289,1.000143307472379,1.0001546281001132,0.0
lags_flipflops,I(time_index ** 2),-1.4084346125296709e-08,0.999999985915654,0.9999999849420528,0.9999999868892552,7.620889442815143e-177
lags_flipflops,rh_lag0,-0.23669428536939247,0.7892325310716652,0.7675427279805878,0.8115352610278925,3.157013839673749e-62
lags_flipflops,tp_lag0,4.0506807750923814e-05,1.0000405076281627,0.9999251750381756,1.0001558535207515,0.49122512209077995
lags_flipflops,nw_wind_lag0,0.00659410535733039,1.0066158943366748,1.0051200175093722,1.008113997413026,3.6057667342130584e-18
lags_raw_plus_flipflops,Intercept,-13.204826041544923,1.8416916355699718e-06,1.792097798500058e-06,1.8926579137406871e-06,0.0
lags_raw_plus_flipflops,C(prefecture_code)[T.JP-02],0.3531781625074557,1.4235847502699999,1.395861217706112,1.4518589065263234,2.1753383844776146e-271
lags_raw_plus_flipflops,C(prefecture_code)[T.JP-03],0.36580980443662836,1.4416810152440278,1.413922976079383,1.4699839983351108,1.0358231683812581e-297
lags_raw_plus_flipflops,C(prefecture_code)[T.JP-04],0.22785627899864727,1.2559048125636443,1.2337632873672486,1.2784436969155948,4.130010111572817e-139
lags_raw_plus_flipflops,C(prefecture_code)[T.JP-05],0.40263379866937277,1.4957590424065146,1.4645134978480812,1.5276712138387785,7.830933912185087e-306
lags_raw_plus_flipflops,C(prefecture_code)[T.JP-06],0.34074416609704605,1.4059934940433059,1.377187348963682,1.435402167163122,2.4109158302032945e-228
lags_raw_plus_flipflops,C(prefecture_code)[T.JP-07],0.4243477346709529,1.5285930461764234,1.5027509487153752,1.5548795379675884,0.0
lags_raw_plus_flipflops,C(prefecture_code)[T.JP-08],0.2472228406226459,1.2804644204767517,1.2573571383668696,1.303996360363023,5.533018826497104e-156
lags_raw_plus_flipflops,C(prefecture_code)[T.JP-09],0.3002803271240029,1.3502372626564747,1.3256745719208076,1.3752550618998818,1.7299615826274012e-225
lags_raw_plus_flipflops,C(prefecture_code)[T.JP-10],0.216110367619053,1.2412393640744621,1.2187851241339207,1.2641072888240183,4.3610681314671817e-119
lags_raw_plus_flipflops,C(prefecture_code)[T.JP-11],0.1673327466277064,1.1821475554842817,1.1640663265636078,1.200509636820167,1.8165690295378753e-100
lags_raw_plus_flipflops,C(prefecture_code)[T.JP-13],0.15287926520280898,1.1651842921608095,1.1479992319491632,1.182626605414321,1.9514265560343045e-90
lags_raw_plus_flipflops,C(prefecture_code)[T.JP-14],0.16847613992288876,1.1834999881069934,1.1655574092043943,1.201718774886728,1.2958208138358914e-103
lags_raw_plus_flipflops,C(prefecture_code)[T.JP-15],0.167684713768588,1.1825637058108098,1.161536126951993,1.2039719521860337,5.905860967936365e-75
lags_raw_plus_flipflops,C(prefecture_code)[T.JP-16],-0.08411370180911144,0.919326721040978,0.8962495584676108,0.9429980880157938,8.887635465125045e-11
lags_raw_plus_flipflops,C(prefecture_code)[T.JP-17],-0.1544461570904646,0.8568896283307723,0.8343837178225326,0.8800025928801991,5.679387509363614e-30
lags_raw_plus_flipflops,C(prefecture_code)[T.JP-18],-0.09065425583354664,0.9133334360235926,0.8863516943291497,0.9411365383466929,3.1198787899551436e-09
lags_raw_plus_flipflops,C(prefecture_code)[T.JP-19],0.30538033277971693,1.3571410700970457,1.3251530707505565,1.3899012308826741,5.884588767541894e-139
lags_raw_plus_flipflops,C(prefecture_code)[T.JP-20],0.0265610579037229,1.0269169467435788,1.0082333816567148,1.0459467368322193,0.004579297394694553
lags_raw_plus_flipflops,C(prefecture_code)[T.JP-21],0.33089706485333953,1.3922164769249905,1.3678980015048974,1.4169672859299758,1.6158934335674273e-296
lags_raw_plus_flipflops,C(prefecture_code)[T.JP-22],0.15199855388986905,1.1641585529294176,1.1442964731681702,1.1843653879369607,3.828983878925943e-67
lags_raw_plus_flipflops,C(prefecture_code)[T.JP-23],0.12818188801413022,1.136759746867248,1.1187090768819679,1.155101669237666,1.620041987603771e-55
lags_raw_plus_flipflops,C(prefecture_code)[T.JP-24],0.3413264318141811,1.406812394239021,1.3788769367329186,1.4353138121766063,6.334560643223124e-244
lags_raw_plus_flipflops,C(prefecture_code)[T.JP-25],-0.02968432905648442,0.9707519233623505,0.9480429051036584,0.9940049038272859,0.013977184982893954
lags_raw_plus_flipflops,C(prefecture_code)[T.JP-26],0.18792982717790813,1.2067488314073285,1.1846444593541676,1.2292656506382114,2.5255486454364023e-88
lags_raw_plus_flipflops,C(prefecture_code)[T.JP-27],0.19465265957029376,1.2148889331517938,1.195998919300257,1.2340773023091365,6.50896754685392e-131
lags_raw_plus_flipflops,C(prefecture_code)[T.JP-28],0.02202772389030858,1.0222721254378466,1.0055205580513265,1.0393027671880466,0.008974098012810891
lags_raw_plus_flipflops,C(prefecture_code)[T.JP-29],0.2530738133647144,1.287978343341199,1.260235694426556,1.3163317149739853,7.393189369915675e-115
lags_raw_plus_flipflops,C(prefecture_code)[T.JP-30],0.16490444620233027,1.1792804286040217,1.1489508303846767,1.2104106568449657,2.4651439132113155e-35
lags_raw_plus_flipflops,C(prefecture_code)[T.JP-31],0.37411710049495156,1.4537073703428234,1.4129694081401913,1.495619867220348,9.484560872708015e-147
lags_raw_plus_flipflops,C(prefecture_code)[T.JP-32],0.3636988671790306,1.4386409269221305,1.4004785791977434,1.477843179722875,6.6061482163475375e-155
lags_raw_plus_flipflops,C(prefecture_code)[T.JP-33],0.026357971801441307,1.0267084153591275,1.0053429762804904,1.0485279104144742,0.014025324522963675
lags_raw_plus_flipflops,C(prefecture_code)[T.JP-34],-0.1737394962058481,0.8405158267031708,0.8240902145005555,0.85726883113965,1.0422260455750143e-66
lags_raw_plus_flipflops,C(prefecture_code)[T.JP-35],0.16790305863348057,1.1828219407144887,1.1559741032448403,1.2102933270809275,1.3588101749607722e-46
lags_raw_plus_flipflops,C(prefecture_code)[T.JP-36],-0.1053152852171978,0.9000407083171863,0.8724425083510438,0.928511929295121,3.4050194607781156e-11
lags_raw_plus_flipflops,C(prefecture_code)[T.JP-37],0.10914181249969207,1.1153205055158375,1.0855565948702797,1.145900486351658,2.60719805294646e-15
lags_raw_plus_flipflops,C(prefecture_code)[T.JP-38],0.3715156225160072,1.4499304974868872,1.4196971186946845,1.4808077158566706,1.175943163457708e-261
lags_raw_plus_flipflops,C(prefecture_code)[T.JP-39],0.059364005097522696,1.0611614386198485,1.029878047817633,1.09339508808828,0.00010095798979456284
lags_raw_plus_flipflops,C(prefecture_code)[T.JP-40],-0.3448315532160679,0.7083396609568562,0.6950093229108448,0.721925676022676,3.4969963714005156e-277
lags_raw_plus_flipflops,C(prefecture_code)[T.JP-41],-0.06459333204857522,0.9374486161791435,0.9094073492811752,0.9663545260227233,3.062495310410378e-05
lags_raw_plus_flipflops,C(prefecture_code)[T.JP-42],0.06297159054766199,1.0649965828318635,1.038897523077244,1.0917513000550443,6.545472228150309e-07
lags_raw_plus_flipflops,C(prefecture_code)[T.JP-43],0.12301312786539845,1.130899267143398,1.1067392447578355,1.155586700736646,6.072706480364298e-29
lags_raw_plus_flipflops,C(prefecture_code)[T.JP-44],0.0050383318390640735,1.005051045575965,0.979553917478097,1.0312118467291282,0.7007604427012597
lags_raw_plus_flipflops,C(prefecture_code)[T.JP-45],0.0353712782565382,1.036004283267194,1.0093884005499112,1.0633219822649438,0.00772937120906544
lags_raw_plus_flipflops,C(prefecture_code)[T.JP-46],0.17146630137729701,1.1870441403056624,1.1596426468621848,1.2150931106636573,5.987511979527723e-47
lags_raw_plus_flipflops,C(prefecture_code)[T.JP-47],0.13708159091532138,1.146921723096118,1.114116843257823,1.180692534064274,2.0750460431216213e-20
lags_raw_plus_flipflops,C(month)[T.2],-0.11334383222722144,0.8928436189236569,0.8846450558045661,0.9011181632928285,3.914408472337928e-128
lags_raw_plus_flipflops,C(month)[T.3],-0.19239977560835414,0.8249769968779581,0.8166842278971925,0.8333539722325207,6.38821679974954e-305
lags_raw_plus_flipflops,C(month)[T.4],-0.2275560015004918,0.7964778162957035,0.7862875755716514,0.8068001219400726,7.163193164874062e-263
lags_raw_plus_flipflops,C(month)[T.5],-0.24740551166073124,0.7808239960880707,0.7678897499739344,0.7939761051474367,2.7504888285530374e-185
lags_raw_plus_flipflops,C(month)[T.6],-0.2916089704503853,0.7470606016370762,0.7325470734509781,0.7618616778976158,1.389627888926607e-186
lags_raw_plus_flipflops,C(month)[T.7],-0.22533937895580905,0.7982452651394368,0.7802832949033324,0.8166207164494924,6.873581390013122e-84
lags_raw_plus_flipflops,C(month)[T.8],-0.19162385460632092,0.8256173622603769,0.8061256364011771,0.8455803885717819,1.1058044334712846e-55
lags_raw_plus_flipflops,C(month)[T.9],-0.2734697653089211,0.7607353366060547,0.7448113389855897,0.7769997878245571,1.2533863994032687e-141
lags_raw_plus_flipflops,C(month)[T.10],-0.22795200322672207,0.7961624721480807,0.7828721994467048,0.8096783644954239,3.3064033366236495e-155
lags_raw_plus_flipflops,C(month)[T.11],-0.15394444547178482,0.857319647677063,0.846848847729589,0.8679199130561002,3.990900653160963e-133
lags_raw_plus_flipflops,C(month)[T.12],-0.09014974229685913,0.9137943413622908,0.9052186474406348,0.9224512781156603,2.3815913251972827e-78
lags_raw_plus_flipflops,C(dow)[T.1],-0.08077971931800404,0.922396855275604,0.9152845024647549,0.929564475669778,5.5509622036671086e-93
lags_raw_plus_flipflops,C(dow)[T.2],-0.10932851643572364,0.8964358752013157,0.8894906110187389,0.9034353689552542,4.405542143645607e-167
lags_raw_plus_flipflops,C(dow)[T.3],-0.11301732548145431,0.8931351859848665,0.8862017903649102,0.9001228265582246,1.0448329945028198e-177
lags_raw_plus_flipflops,C(dow)[T.4],-0.10635876443331878,0.8991020243781587,0.8921429928027991,0.9061153388665238,1.5057232537353946e-158
lags_raw_plus_flipflops,C(dow)[T.5],-0.08717766330260669,0.9165142502191735,0.9094817169658623,0.9236011622720103,5.075774043556189e-109
lags_raw_plus_flipflops,C(dow)[T.6],0.0034893252688566905,1.0034954200511035,0.9959903422449313,1.0110570508081302,0.3622928853868328
lags_raw_plus_flipflops,t2m_lag0,-0.0013880701200078994,0.9986128928037343,0.9973446263617893,0.9998827720279868,0.032292500912934397
lags_raw_plus_flipflops,t2m_lag1,-0.007483891908591388,0.9925440426805376,0.9910869454796587,0.9940032821074469,1.7854606250170446e-23
lags_raw_plus_flipflops,t2m_lag2,-0.0018136957429418835,0.9981879480092765,0.9967930972163436,0.9995847506703954,0.011018707881526908
lags_raw_plus_flipflops,t2m_lag3,-0.008275066190163135,0.9917590779235516,0.9906555630357486,0.9928638220429392,4.4754302581169155e-48
lags_raw_plus_flipflops,c2w_event_lag0,0.08285969551862009,1.0863893725572684,0.8754885425170568,1.3480951622874966,0.45178453721558454
lags_raw_plus_flipflops,c2w_event_lag1,0.06826845093441372,1.0706526876178728,1.0417874493489687,1.100317707052159,9.79250852870714e-07
lags_raw_plus_flipflops,c2w_event_lag2,0.018614072565392003,1.0187883943470444,0.992256346097835,1.0460298858636783,0.16679858577596673
lags_raw_plus_flipflops,c2w_event_lag3,0.058911850619940954,1.0606817381814626,1.033711093714211,1.088356076037904,7.361933617905315e-06
lags_raw_plus_flipflops,w2c_event_lag0,-0.08439769470493569,0.919065675852505,0.7511121302480536,1.1245747239513586,0.4123904800373528
lags_raw_plus_flipflops,w2c_event_lag1,0.003346168190891759,1.003351772861319,0.9811013886778295,1.02610677318543,0.7699429057819651
lags_raw_plus_flipflops,w2c_event_lag2,-0.0095504159981216,0.9904950443877752,0.9687786063196058,1.0126982847854886,0.39846669076799335
lags_raw_plus_flipflops,w2c_event_lag3,-0.016925935966815405,0.9832165029179682,0.9617500472897069,1.0051620941787556,0.13288726910556287
lags_raw_plus_flipflops,c2w_transition_intensity_lag0,-0.014741263728349831,0.9853668567702102,0.9042112419442255,1.0738064263981966,0.7367585024423139
lags_raw_plus_flipflops,w2c_transition_intensity_lag0,0.03319861375995576,1.0337558369868123,0.9543003938521247,1.1198267729834965,0.4158733648736882
lags_raw_plus_flipflops,time_index,0.00014543283338173133,1.000145443409249,1.0001398364303542,1.0001510504195774,0.0
lags_raw_plus_flipflops,I(time_index ** 2),-1.3115724005549465e-08,0.999999986884276,0.9999999859176247,0.9999999878509275,8.137239641708777e-156
lags_raw_plus_flipflops,rh_lag0,-0.17670306665639235,0.8380285862125499,0.8144045028634922,0.8623379522584995,9.168835415907022e-34
lags_raw_plus_flipflops,tp_lag0,1.616031084768217e-05,1.0000161604414262,0.9999004890825337,1.0001318451815135,0.7842284296937482
lags_raw_plus_flipflops,nw_wind_lag0,0.005854473030475318,1.0058716439502486,1.0042115942076764,1.0075344379004798,3.730744758285937e-12
